Workbook

Sheet Pays
A1: Pays | B1: Code | C1: Zone | D1: TVA | E1: Gazole | G1: Surcharge carburant : | I1: US : 1,50€/kg
A2: ALLEMAGNE | B2: DE | C2: 1 | D2: 0.2 | I2: Canada : 1,50€/kg
A3: ARABIE SAOUDITE | B3: SA | C3: 2 | D3: 0 | I3: Australie : 1,50€/kg
A4: AUSTRALIE | B4: AU | C4: 2 | D4: 0 | E4: 1.5 | I4: Nouvelle Zélande : 1,50€/kg
A5: AUTRICHE | B5: AT | C5: 1 | D5: 0.2 | I5: Japon :1,50€/kg
A6: BELGIQUE | B6: BE | C6: 1_BE | D6: 0.2
A7: BOSNIE-HERZÉGOVINE | B7: BA | C7: 2 | D7: 0
A8: BRÉSIL | B8: BR | C8: 2 | D8: 0
A9: BULGARIE | B9: BG | C9: 1 | D9: 0.2
A10: CAMBODGE | B10: KH | C10: 2 | D10: 0
A11: CANADA | B11: CA | C11: 2 | D11: 0 | E11: 1.5
A12: CHILI | B12: CL | C12: 2 | D12: 0
A13: CHINE | B13: CN | C13: 2 | D13: 0
A14: CHYPRE | B14: CY | C14: 2 | D14: 0
A15: COLOMBIE | B15: CO | C15: 2 | D15: 0
A16: CROATIE | B16: HR | C16: 1 | D16: 0.2
A17: DANEMARK | B17: DK | C17: 1 | D17: 0.2
A18: ÉMIRATS ARABES UNIS | B18: UAE | C18: 2 | D18: 0
A19: ESPAGNE | B19: ES | C19: 1 | D19: 0.2
A20: ESTONIE | B20: EE | C20: 1 | D20: 0.2
A21: ETATS-UNIS | B21: US | C21: 2_US | D21: 0 | E21: 1.5
A22: ÉTATS-UNIS | B22: US | C22: 2_US | D22: 0 | E22: 1.5
A23: FINLANDE | B23: FI | C23: 1 | D23: 0.2
A24: GÉORGIE | B24: GE | C24: 1 | D24: 0.2
A25: GRECE | B25: GR | C25: 1 | D25: 0.2
A26: GRÈCE | B26: GR | C26: 1 | D26: 0.2
A27: GUATEMALA | B27: GT | C27: 2 | D27: 0
A28: HONG KONG | B28: HK | C28: 2 | D28: 0
A29: HONGRIE | B29: HU | C29: 1 | D29: 0.2
A30: INDE | B30: IN | C30: 2 | D30: 0
A31: INDONÉSIE | B31: ID | C31: 2 | D31: 0
A32: IRLANDE | B32: IE | C32: 1 | D32: 0.2
A33: ISLANDE | B33: IS | C33: 2 | D33: 0
A34: ISRAËL | B34: IL | C34: 2 | D34: 0
A35: ITALIE | B35: IT | C35: 1 | D35: 0.2
A36: JAPON | B36: JP | C36: 2 | D36: 0 | E36: 1.5
A37: KAZAKHSTAN | B37: KZ | C37: 2 | D37: 0
A38: KOWEIT | B38: KW | C38: 2 | D38: 0
A39: LAO, REPUBLIQUE DEMOCRATIQUE POPULAIRE | B39: LA | C39: 2 | D39: 0
A40: LETTONIE | B40: LV | C40: 1 | D40: 0.2
A41: LIECHTENSTEIN | B41: LI | C41: 1 | D41: 0.2
A42: LITUANIE | B42: LT | C42: 1 | D42: 0.2
A43: LUXEMBOURG | B43: LU | C43: 1 | D43: 0.2
A44: MALTE | B44: MT | C44: 1 | D44: 0.2
A45: MAROC | B45: MA | C45: 2 | D45: 0
A46: MAURICE | B46: MU | C46: 2 | D46: 0
A47: MEXIQUE | B47: MX | C47: 2 | D47: 0
A48: NORVÈGE | B48: NO | C48: 2 | D48: 0
... A55: ROUMANIE | B55: RO | C55: 1 | D55: 0.2
A56: ROYAUME-UNI | B56: GB | C56: 1_GB | D56: 0
A57: RWANDA | B57: RW | C57: 2 | D57: 0
A58: SERBIE | B58: CS | C58: 1 | D58: 0.2
A59: SINGAPOUR | B59: SG | C59: 2 | D59: 0
A60: SLOVAQUIE | B60: SK | C60: 1 | D60: 0.2
A61: SLOVENIE | B61: SI | C61: 1 | D61: 0.2
A62: SLOVÉNIE | B62: SI | C62: 1 | D62: 0.2
A63: SUÈDE | B63: SE | C63: 1 | D63: 0.2
A64: SUISSE | B64: CH | C64: 1_CH | D64: 0
A65: TAÏWAN | B65: TW | C65: 2 | D65: 0
A66: TCHEQUE, REPUBLIQUE | B66: CZ | C66: 1 | D66: 0.2
A67: TCHÈQUE, RÉPUBLIQUE | B67: CZ | C67: 1 | D67: 0.2
A68: TURQUIE | B68: TR | C68: 2 | D68: 0
A69: VIET NAM | B69: VN | C69: 2 | D69: 0

Sheet Fichier import
A1: Date remise | B1: Transporteur | C1: Date validité tarif | D1: Réf.1 | E1: Réf. 2 | F1: Statut Général | G1: Numéro de suivi | H1: Destinataire nom | I1: E / P | J1: Pays | K1: Zone | L1: Nbr Colis | M1: Poids | N1: mode envoi | O1: TVA | P1: Droits et taxes | Q1: Assurance | R1: Zones éloignées | S1: Colis volumineux | T1: Adresses | U1: Frêt | V1: plus-value BtoC | W1: Taxe Gasoil | X1: Pays
A2: 01/06/2026 | B2: DELIVENGO-LPPQ | C2: 46174 | F2: Distribué | G2: LD248499501FR | H2: HAYWARD ANDY | I2: P | J2: =IF(COUNTIF(Pays!A:A,X2)=0,"Pays inconnu",_xlfn.XLOOKUP(X2,Pays!A:A,Pays!B:B)) -> GB | K2: =IF(COUNTIF(Pays!A:A,X2)=0,"Pays inconnu",_xlfn.XLOOKUP(X2,Pays!A:A,Pays!C:C)) -> 1_GB | L2: 1 | M2: =ROUND(MAX(P2:Q2),2) -> 0.15 | N2: avecsuivi | O2: =LOOKUP(X2,Pays!A:A,Pays!D:D) -> 0 | P2: 0.15 | Q2: 0.12 | U2: 1 | W2: =IF(COUNTIF(Pays!A:A,X2)=0,"",LOOKUP(X2,Pays!A:A,Pays!E:E)) -> 0 | X2: ROYAUME-UNI
A3: 01/06/2026 | B3: DELIVENGO-LPPQ | C3: =C2 -> 46174 | F3: Distribué | G3: LD248499696FR | H3: MORGAN SALLY | I3: P | J3: =IF(COUNTIF(Pays!A:A,X3)=0,"Pays inconnu",_xlfn.XLOOKUP(X3,Pays!A:A,Pays!B:B)) -> GB | K3: =IF(COUNTIF(Pays!A:A,X3)=0,"Pays inconnu",_xlfn.XLOOKUP(X3,Pays!A:A,Pays!C:C)) -> 1_GB | L3: 1 | M3: =ROUND(MAX(P3:Q3),2) -> 0.21 | N3: avecsuivi | O3: =LOOKUP(X3,Pays!A:A,Pays!D:D) -> 0 | P3: 0.15 | Q3: 0.21 | U3: 1 | W3: =IF(COUNTIF(Pays!A:A,X3)=0,"",LOOKUP(X3,Pays!A:A,Pays!E:E)) -> 0 | X3: ROYAUME-UNI
A4: 01/06/2026 | B4: DELIVENGO-LPPQ | C4: =C3 -> 46174 | F4: Distribué | G4: LD248499767FR | H4: SPAHN MICHELLE | I4: P | J4: =IF(COUNTIF(Pays!A:A,X4)=0,"Pays inconnu",_xlfn.XLOOKUP(X4,Pays!A:A,Pays!B:B)) -> CH | K4: =IF(COUNTIF(Pays!A:A,X4)=0,"Pays inconnu",_xlfn.XLOOKUP(X4,Pays!A:A,Pays!C:C)) -> 1_CH | L4: 1 | M4: =ROUND(MAX(P4:Q4),2) -> 0.58 | N4: avecsuivi | O4: =LOOKUP(X4,Pays!A:A,Pays!D:D) -> 0 | P4: 0.15 | Q4: 0.58 | U4: 1 | W4: =IF(COUNTIF(Pays!A:A,X4)=0,"",LOOKUP(X4,Pays!A:A,Pays!E:E)) -> 0 | X4: SUISSE
A5: 01/06/2026 | B5: DELIVENGO-LPPQ | C5: =C4 -> 46174 | F5: Distribué | G5: LD248500814FR | H5: BARHAM YVONNE | I5: P | J5: =IF(COUNTIF(Pays!A:A,X5)=0,"Pays inconnu",_xlfn.XLOOKUP(X5,Pays!A:A,Pays!B:B)) -> GB | K5: =IF(COUNTIF(Pays!A:A,X5)=0,"Pays inconnu",_xlfn.XLOOKUP(X5,Pays!A:A,Pays!C:C)) -> 1_GB | L5: 1 | M5: =ROUND(MAX(P5:Q5),2) -> 0.15 | N5: avecsuivi | O5: =LOOKUP(X5,Pays!A:A,Pays!D:D) -> 0 | P5: 0.15 | Q5: 0.04 | U5: 1 | W5: =IF(COUNTIF(Pays!A:A,X5)=0,"",LOOKUP(X5,Pays!A:A,Pays!E:E)) -> 0 | X5: ROYAUME-UNI
A6: 01/06/2026 | B6: DELIVENGO-LPPQ | C6: =C5 -> 46174 | F6: Déposé | G6: LD248604139FR | H6: WENGER ANDREA | I6: P | J6: =IF(COUNTIF(Pays!A:A,X6)=0,"Pays inconnu",_xlfn.XLOOKUP(X6,Pays!A:A,Pays!B:B)) -> CH | K6: =IF(COUNTIF(Pays!A:A,X6)=0,"Pays inconnu",_xlfn.XLOOKUP(X6,Pays!A:A,Pays!C:C)) -> 1_CH | L6: 1 | M6: =ROUND(MAX(P6:Q6),2) -> 0.15 | N6: avecsuivi | O6: =LOOKUP(X6,Pays!A:A,Pays!D:D) -> 0 | P6: 0.15 | U6: 1 | W6: =IF(COUNTIF(Pays!A:A,X6)=0,"",LOOKUP(X6,Pays!A:A,Pays!E:E)) -> 0 | X6: SUISSE
A7: 01/06/2026 | B7: DELIVENGO-LPPQ | C7: =C6 -> 46174 | F7: Déposé | G7: LD248602345FR | H7: COOPER JILL | I7: P | J7: =IF(COUNTIF(Pays!A:A,X7)=0,"Pays inconnu",_xlfn.XLOOKUP(X7,Pays!A:A,Pays!B:B)) -> GB | K7: =IF(COUNTIF(Pays!A:A,X7)=0,"Pays inconnu",_xlfn.XLOOKUP(X7,Pays!A:A,Pays!C:C)) -> 1_GB | L7: 1 | M7: =ROUND(MAX(P7:Q7),2) -> 0.15 | N7: avecsuivi | O7: =LOOKUP(X7,Pays!A:A,Pays!D:D) -> 0 | P7: 0.15 | U7: 1 | W7: =IF(COUNTIF(Pays!A:A,X7)=0,"",LOOKUP(X7,Pays!A:A,Pays!E:E)) -> 0 | X7: ROYAUME-UNI
A8: 01/06/2026 | B8: DELIVENGO-LPPQ | C8: =C7 -> 46174 | F8: Distribué | G8: LD248607064FR | H8: FEX HANNA | I8: P | J8: =IF(COUNTIF(Pays!A:A,X8)=0,"Pays inconnu",_xlfn.XLOOKUP(X8,Pays!A:A,Pays!B:B)) -> CH | K8: =IF(COUNTIF(Pays!A:A,X8)=0,"Pays inconnu",_xlfn.XLOOKUP(X8,Pays!A:A,Pays!C:C)) -> 1_CH | L8: 1 | M8: =ROUND(MAX(P8:Q8),2) -> 1 | N8: avecsuivi | O8: =LOOKUP(X8,Pays!A:A,Pays!D:D) -> 0 | P8: 0.15 | Q8: 1 | U8: 1 | W8: =IF(COUNTIF(Pays!A:A,X8)=0,"",LOOKUP(X8,Pays!A:A,Pays!E:E)) -> 0 | X8: SUISSE
A9: 01/06/2026 | B9: DELIVENGO-LPPQ | C9: =C8 -> 46174 | F9: Distribué | G9: LD248608538FR | H9: WAHL RITA | I9: P | J9: =IF(COUNTIF(Pays!A:A,X9)=0,"Pays inconnu",_xlfn.XLOOKUP(X9,Pays!A:A,Pays!B:B)) -> CH | K9: =IF(COUNTIF(Pays!A:A,X9)=0,"Pays inconnu",_xlfn.XLOOKUP(X9,Pays!A:A,Pays!C:C)) -> 1_CH | L9: 1 | M9: =ROUND(MAX(P9:Q9),2) -> 1 | N9: avecsuivi | O9: =LOOKUP(X9,Pays!A:A,Pays!D:D) -> 0 | P9: 0.15 | Q9: 1 | U9: 1 | W9: =IF(COUNTIF(Pays!A:A,X9)=0,"",LOOKUP(X9,Pays!A:A,Pays!E:E)) -> 0 | X9: SUISSE
A10: 01/06/2026 | B10: DELIVENGO-LPPQ | C10: =C9 -> 46174 | F10: En cours | G10: LD248609533FR | H10: COOPER JILL | I10: P | J10: =IF(COUNTIF(Pays!A:A,X10)=0,"Pays inconnu",_xlfn.XLOOKUP(X10,Pays!A:A,Pays!B:B)) -> GB | K10: =IF(COUNTIF(Pays!A:A,X10)=0,"Pays inconnu",_xlfn.XLOOKUP(X10,Pays!A:A,Pays!C:C)) -> 1_GB | L10: 1 | M10: =ROUND(MAX(P10:Q10),2) -> 1 | N10: avecsuivi | O10: =LOOKUP(X10,Pays!A:A,Pays!D:D) -> 0 | P10: 0.15 | Q10: 1 | U10: 1 | W10: =IF(COUNTIF(Pays!A:A,X10)=0,"",LOOKUP(X10,Pays!A:A,Pays!E:E)) -> 0 | X10: ROYAUME-UNI
A11: 01/06/2026 | B11: DELIVENGO-LPPQ | C11: =C10 -> 46174 | F11: Distribué | G11: LD248611510FR | H11: EDES ZSUZSANNA | I11: P | J11: =IF(COUNTIF(Pays!A:A,X11)=0,"Pays inconnu",_xlfn.XLOOKUP(X11,Pays!A:A,Pays!B:B)) -> CH | K11: =IF(COUNTIF(Pays!A:A,X11)=0,"Pays inconnu",_xlfn.XLOOKUP(X11,Pays!A:A,Pays!C:C)) -> 1_CH | L11: 1 | M11: =ROUND(MAX(P11:Q11),2) -> 1 | N11: avecsuivi | O11: =LOOKUP(X11,Pays!A:A,Pays!D:D) -> 0 | P11: 0.15 | Q11: 1 | U11: 1 | W11: =IF(COUNTIF(Pays!A:A,X11)=0,"",LOOKUP(X11,Pays!A:A,Pays!E:E)) -> 0 | X11: SUISSE
A12: 01/06/2026 | B12: DELIVENGO-LPPQ | C12: =C11 -> 46174 | F12: Distribué | G12: LD248614140FR | H12: WENGER ANDREA | I12: P | J12: =IF(COUNTIF(Pays!A:A,X12)=0,"Pays inconnu",_xlfn.XLOOKUP(X12,Pays!A:A,Pays!B:B)) -> CH | K12: =IF(COUNTIF(Pays!A:A,X12)=0,"Pays inconnu",_xlfn.XLOOKUP(X12,Pays!A:A,Pays!C:C)) -> 1_CH | L12: 1 | M12: =ROUND(MAX(P12:Q12),2) -> 1 | N12: avecsuivi | O12: =LOOKUP(X12,Pays!A:A,Pays!D:D) -> 0 | P12: 0.15 | Q12: 1 | U12: 1 | W12: =IF(COUNTIF(Pays!A:A,X12)=0,"",LOOKUP(X12,Pays!A:A,Pays!E:E)) -> 0 | X12: SUISSE
A13: 01/06/2026 | B13: DELIVENGO-LPPQ | C13: =C12 -> 46174 | F13: Distribué | G13: LD248617530FR | H13: BUCKNER KATRINA | I13: P | J13: =IF(COUNTIF(Pays!A:A,X13)=0,"Pays inconnu",_xlfn.XLOOKUP(X13,Pays!A:A,Pays!B:B)) -> GB | K13: =IF(COUNTIF(Pays!A:A,X13)=0,"Pays inconnu",_xlfn.XLOOKUP(X13,Pays!A:A,Pays!C:C)) -> 1_GB | L13: 1 | M13: =ROUND(MAX(P13:Q13),2) -> 0.15 | N13: avecsuivi | O13: =LOOKUP(X13,Pays!A:A,Pays!D:D) -> 0 | P13: 0.15 | U13: 1 | W13: =IF(COUNTIF(Pays!A:A,X13)=0,"",LOOKUP(X13,Pays!A:A,Pays!E:E)) -> 0 | X13: ROYAUME-UNI
A14: 01/06/2026 | B14: DELIVENGO-LPPQ | C14: =C13 -> 46174 | F14: Distribué | G14: LD248622614FR | H14: PRVULOVIC MILENA | I14: P | J14: =IF(COUNTIF(Pays!A:A,X14)=0,"Pays inconnu",_xlfn.XLOOKUP(X14,Pays!A:A,Pays!B:B)) -> CH | K14: =IF(COUNTIF(Pays!A:A,X14)=0,"Pays inconnu",_xlfn.XLOOKUP(X14,Pays!A:A,Pays!C:C)) -> 1_CH | L14: 1 | M14: =ROUND(MAX(P14:Q14),2) -> 0.15 | N14: avecsuivi | O14: =LOOKUP(X14,Pays!A:A,Pays!D:D) -> 0 | P14: 0.15 | U14: 1 | W14: =IF(COUNTIF(Pays!A:A,X14)=0,"",LOOKUP(X14,Pays!A:A,Pays!E:E)) -> 0 | X14: SUISSE
A15: 01/06/2026 | B15: DELIVENGO-LPPQ | C15: =C14 -> 46174 | F15: Distribué | G15: LD248623668FR | H15: LAIDOUNI HOUDA | I15: P | J15: =IF(COUNTIF(Pays!A:A,X15)=0,"Pays inconnu",_xlfn.XLOOKUP(X15,Pays!A:A,Pays!B:B)) -> CH | K15: =IF(COUNTIF(Pays!A:A,X15)=0,"Pays inconnu",_xlfn.XLOOKUP(X15,Pays!A:A,Pays!C:C)) -> 1_CH | L15: 1 | M15: =ROUND(MAX(P15:Q15),2) -> 0.15 | N15: avecsuivi | O15: =LOOKUP(X15,Pays!A:A,Pays!D:D) -> 0 | P15: 0.15 | U15: 1 | W15: =IF(COUNTIF(Pays!A:A,X15)=0,"",LOOKUP(X15,Pays!A:A,Pays!E:E)) -> 0 | X15: SUISSE
A16: 01/06/2026 | B16: DELIVENGO-LPPQ | C16: =C15 -> 46174 | F16: Distribué | G16: LD248625730FR | H16: VON ZEFFMAN DAVID | I16: P | J16: =IF(COUNTIF(Pays!A:A,X16)=0,"Pays inconnu",_xlfn.XLOOKUP(X16,Pays!A:A,Pays!B:B)) -> GB | K16: =IF(COUNTIF(Pays!A:A,X16)=0,"Pays inconnu",_xlfn.XLOOKUP(X16,Pays!A:A,Pays!C:C)) -> 1_GB | L16: 1 | M16: =ROUND(MAX(P16:Q16),2) -> 0.15 | N16: avecsuivi | O16: =LOOKUP(X16,Pays!A:A,Pays!D:D) -> 0 | P16: 0.15 | U16: 1 | W16: =IF(COUNTIF(Pays!A:A,X16)=0,"",LOOKUP(X16,Pays!A:A,Pays!E:E)) -> 0 | X16: ROYAUME-UNI
A17: 01/06/2026 | B17: DELIVENGO-LPPQ | C17: =C16 -> 46174 | F17: Distribué | G17: LD248628183FR | H17: KING ALFIE | I17: P | J17: =IF(COUNTIF(Pays!A:A,X17)=0,"Pays inconnu",_xlfn.XLOOKUP(X17,Pays!A:A,Pays!B:B)) -> GB | K17: =IF(COUNTIF(Pays!A:A,X17)=0,"Pays inconnu",_xlfn.XLOOKUP(X17,Pays!A:A,Pays!C:C)) -> 1_GB | L17: 1 | M17: =ROUND(MAX(P17:Q17),2) -> 0.15 | N17: avecsuivi | O17: =LOOKUP(X17,Pays!A:A,Pays!D:D) -> 0 | P17: 0.15 | U17: 1 | W17: =IF(COUNTIF(Pays!A:A,X17)=0,"",LOOKUP(X17,Pays!A:A,Pays!E:E)) -> 0 | X17: ROYAUME-UNI
A18: 01/06/2026 | B18: DELIVENGO-LPPQ | C18: =C17 -> 46174 | F18: Distribué | G18: LD248632302FR | H18: SCHLINK PHILIPPE | I18: P | J18: =IF(COUNTIF(Pays!A:A,X18)=0,"Pays inconnu",_xlfn.XLOOKUP(X18,Pays!A:A,Pays!B:B)) -> CH | K18: =IF(COUNTIF(Pays!A:A,X18)=0,"Pays inconnu",_xlfn.XLOOKUP(X18,Pays!A:A,Pays!C:C)) -> 1_CH | L18: 1 | M18: =ROUND(MAX(P18:Q18),2) -> 0.15 | N18: avecsuivi | O18: =LOOKUP(X18,Pays!A:A,Pays!D:D) -> 0 | P18: 0.15 | U18: 1 | W18: =IF(COUNTIF(Pays!A:A,X18)=0,"",LOOKUP(X18,Pays!A:A,Pays!E:E)) -> 0 | X18: SUISSE
A19: 01/06/2026 | B19: DELIVENGO-LPPQ | C19: =C18 -> 46174 | F19: Distribué | G19: LD248633121FR | H19: VUILLE JENNIFER | I19: P | J19: =IF(COUNTIF(Pays!A:A,X19)=0,"Pays inconnu",_xlfn.XLOOKUP(X19,Pays!A:A,Pays!B:B)) -> CH | K19: =IF(COUNTIF(Pays!A:A,X19)=0,"Pays inconnu",_xlfn.XLOOKUP(X19,Pays!A:A,Pays!C:C)) -> 1_CH | L19: 1 | M19: =ROUND(MAX(P19:Q19),2) -> 0.15 | N19: avecsuivi | O19: =LOOKUP(X19,Pays!A:A,Pays!D:D) -> 0 | P19: 0.15 | U19: 1 | W19: =IF(COUNTIF(Pays!A:A,X19)=0,"",LOOKUP(X19,Pays!A:A,Pays!E:E)) -> 0 | X19: SUISSE
A20: 01/06/2026 | B20: DELIVENGO-LPPQ | C20: =C19 -> 46174 | F20: Distribué | G20: LD248640309FR | H20: BERINGER SYLVIA | I20: P | J20: =IF(COUNTIF(Pays!A:A,X20)=0,"Pays inconnu",_xlfn.XLOOKUP(X20,Pays!A:A,Pays!B:B)) -> CH | K20: =IF(COUNTIF(Pays!A:A,X20)=0,"Pays inconnu",_xlfn.XLOOKUP(X20,Pays!A:A,Pays!C:C)) -> 1_CH | L20: 1 | M20: =ROUND(MAX(P20:Q20),2) -> 0.15 | N20: avecsuivi | O20: =LOOKUP(X20,Pays!A:A,Pays!D:D) -> 0 | P20: 0.15 | U20: 1 | W20: =IF(COUNTIF(Pays!A:A,X20)=0,"",LOOKUP(X20,Pays!A:A,Pays!E:E)) -> 0 | X20: SUISSE
A21: 01/06/2026 | B21: DELIVENGO-LPPQ | C21: =C20 -> 46174 | F21: Distribué | G21: LD248644359FR | H21: AGNAOU ZINEB | I21: P | J21: =IF(COUNTIF(Pays!A:A,X21)=0,"Pays inconnu",_xlfn.XLOOKUP(X21,Pays!A:A,Pays!B:B)) -> CH | K21: =IF(COUNTIF(Pays!A:A,X21)=0,"Pays inconnu",_xlfn.XLOOKUP(X21,Pays!A:A,Pays!C:C)) -> 1_CH | L21: 1 | M21: =ROUND(MAX(P21:Q21),2) -> 0.15 | N21: avecsuivi | O21: =LOOKUP(X21,Pays!A:A,Pays!D:D) -> 0 | P21: 0.15 | U21: 1 | W21: =IF(COUNTIF(Pays!A:A,X21)=0,"",LOOKUP(X21,Pays!A:A,Pays!E:E)) -> 0 | X21: SUISSE
A22: 01/06/2026 | B22: DELIVENGO-LPPQ | C22: =C21 -> 46174 | F22: Distribué | G22: LD248649095FR | H22: SICCARDI MICHELE | I22: P | J22: =IF(COUNTIF(Pays!A:A,X22)=0,"Pays inconnu",_xlfn.XLOOKUP(X22,Pays!A:A,Pays!B:B)) -> CH | K22: =IF(COUNTIF(Pays!A:A,X22)=0,"Pays inconnu",_xlfn.XLOOKUP(X22,Pays!A:A,Pays!C:C)) -> 1_CH | L22: 1 | M22: =ROUND(MAX(P22:Q22),2) -> 0.15 | N22: avecsuivi | O22: =LOOKUP(X22,Pays!A:A,Pays!D:D) -> 0 | P22: 0.15 | U22: 1 | W22: =IF(COUNTIF(Pays!A:A,X22)=0,"",LOOKUP(X22,Pays!A:A,Pays!E:E)) -> 0 | X22: SUISSE
A23: 01/06/2026 | B23: DELIVENGO-LPPQ | C23: =C22 -> 46174 | F23: Distribué | G23: LD248649489FR | H23: METZ SAMUEL | I23: P | J23: =IF(COUNTIF(Pays!A:A,X23)=0,"Pays inconnu",_xlfn.XLOOKUP(X23,Pays!A:A,Pays!B:B)) -> CH | K23: =IF(COUNTIF(Pays!A:A,X23)=0,"Pays inconnu",_xlfn.XLOOKUP(X23,Pays!A:A,Pays!C:C)) -> 1_CH | L23: 1 | M23: =ROUND(MAX(P23:Q23),2) -> 0.15 | N23: avecsuivi | O23: =LOOKUP(X23,Pays!A:A,Pays!D:D) -> 0 | P23: 0.15 | U23: 1 | W23: =IF(COUNTIF(Pays!A:A,X23)=0,"",LOOKUP(X23,Pays!A:A,Pays!E:E)) -> 0 | X23: SUISSE
A24: 01/06/2026 | B24: DELIVENGO-LPPQ | C24: =C23 -> 46174 | F24: Déposé | G24: LD248649585FR | H24: PIPER JOAN | I24: P | J24: =IF(COUNTIF(Pays!A:A,X24)=0,"Pays inconnu",_xlfn.XLOOKUP(X24,Pays!A:A,Pays!B:B)) -> GB | K24: =IF(COUNTIF(Pays!A:A,X24)=0,"Pays inconnu",_xlfn.XLOOKUP(X24,Pays!A:A,Pays!C:C)) -> 1_GB | L24: 1 | M24: =ROUND(MAX(P24:Q24),2) -> 0.15 | N24: avecsuivi | O24: =LOOKUP(X24,Pays!A:A,Pays!D:D) -> 0 | P24: 0.15 | U24: 1 | W24: =IF(COUNTIF(Pays!A:A,X24)=0,"",LOOKUP(X24,Pays!A:A,Pays!E:E)) -> 0 | X24: ROYAUME-UNI
... A36: 01/06/2026 | B36: DELIVENGO-LPPQ | C36: =C35 -> 46174 | F36: Distribué | G36: LD248694695FR | H36: TOSOLINI PAOLA | I36: P | J36: =IF(COUNTIF(Pays!A:A,X36)=0,"Pays inconnu",_xlfn.XLOOKUP(X36,Pays!A:A,Pays!B:B)) -> CH | K36: =IF(COUNTIF(Pays!A:A,X36)=0,"Pays inconnu",_xlfn.XLOOKUP(X36,Pays!A:A,Pays!C:C)) -> 1_CH | L36: 1 | M36: =ROUND(MAX(P36:Q36),2) -> 0.15 | N36: avecsuivi | O36: =LOOKUP(X36,Pays!A:A,Pays!D:D) -> 0 | P36: 0.15 | U36: 1 | W36: =IF(COUNTIF(Pays!A:A,X36)=0,"",LOOKUP(X36,Pays!A:A,Pays!E:E)) -> 0 | X36: SUISSE
A37: 01/06/2026 | B37: DELIVENGO-LPPQ | C37: =C36 -> 46174 | F37: Distribué | G37: LD248703162FR | H37: TOSOLINI PAOLA | I37: P | J37: =IF(COUNTIF(Pays!A:A,X37)=0,"Pays inconnu",_xlfn.XLOOKUP(X37,Pays!A:A,Pays!B:B)) -> CH | K37: =IF(COUNTIF(Pays!A:A,X37)=0,"Pays inconnu",_xlfn.XLOOKUP(X37,Pays!A:A,Pays!C:C)) -> 1_CH | L37: 1 | M37: =ROUND(MAX(P37:Q37),2) -> 0.15 | N37: avecsuivi | O37: =LOOKUP(X37,Pays!A:A,Pays!D:D) -> 0 | P37: 0.15 | Q37: 0.01 | U37: 1 | W37: =IF(COUNTIF(Pays!A:A,X37)=0,"",LOOKUP(X37,Pays!A:A,Pays!E:E)) -> 0 | X37: SUISSE
A38: 01/06/2026 | B38: DELIVENGO-LPPQ | C38: =C37 -> 46174 | F38: Distribué | G38: LD248703321FR | H38: STEINER RAFFAEL | I38: P | J38: =IF(COUNTIF(Pays!A:A,X38)=0,"Pays inconnu",_xlfn.XLOOKUP(X38,Pays!A:A,Pays!B:B)) -> CH | K38: =IF(COUNTIF(Pays!A:A,X38)=0,"Pays inconnu",_xlfn.XLOOKUP(X38,Pays!A:A,Pays!C:C)) -> 1_CH | L38: 1 | M38: =ROUND(MAX(P38:Q38),2) -> 0.27 | N38: avecsuivi | O38: =LOOKUP(X38,Pays!A:A,Pays!D:D) -> 0 | P38: 0.15 | Q38: 0.27 | U38: 1 | W38: =IF(COUNTIF(Pays!A:A,X38)=0,"",LOOKUP(X38,Pays!A:A,Pays!E:E)) -> 0 | X38: SUISSE
A39: 01/06/2026 | B39: DELIVENGO-LPPQ | C39: =C38 -> 46174 | F39: Distribué | G39: LD248704826FR | H39: TATE HELEN | I39: P | J39: =IF(COUNTIF(Pays!A:A,X39)=0,"Pays inconnu",_xlfn.XLOOKUP(X39,Pays!A:A,Pays!B:B)) -> GB | K39: =IF(COUNTIF(Pays!A:A,X39)=0,"Pays inconnu",_xlfn.XLOOKUP(X39,Pays!A:A,Pays!C:C)) -> 1_GB | L39: 1 | M39: =ROUND(MAX(P39:Q39),2) -> 0.15 | N39: avecsuivi | O39: =LOOKUP(X39,Pays!A:A,Pays!D:D) -> 0 | P39: 0.15 | Q39: 0.11 | U39: 1 | W39: =IF(COUNTIF(Pays!A:A,X39)=0,"",LOOKUP(X39,Pays!A:A,Pays!E:E)) -> 0 | X39: ROYAUME-UNI
A40: 01/06/2026 | B40: DELIVENGO-LPPQ | C40: =C39 -> 46174 | F40: Distribué | G40: LD248718555FR | H40: ALDERBASS SHOUQ H | I40: P | J40: =IF(COUNTIF(Pays!A:A,X40)=0,"Pays inconnu",_xlfn.XLOOKUP(X40,Pays!A:A,Pays!B:B)) -> GB | K40: =IF(COUNTIF(Pays!A:A,X40)=0,"Pays inconnu",_xlfn.XLOOKUP(X40,Pays!A:A,Pays!C:C)) -> 1_GB | L40: 1 | M40: =ROUND(MAX(P40:Q40),2) -> 0.25 | N40: avecsuivi | O40: =LOOKUP(X40,Pays!A:A,Pays!D:D) -> 0 | P40: 0.15 | Q40: 0.25 | U40: 1 | W40: =IF(COUNTIF(Pays!A:A,X40)=0,"",LOOKUP(X40,Pays!A:A,Pays!E:E)) -> 0 | X40: ROYAUME-UNI
A41: 01/06/2026 | B41: DELIVENGO-LPPQ | C41: =C40 -> 46174 | F41: Distribué | G41: LD248718900FR | H41: SETTELEN CHRISTINA | I41: P | J41: =IF(COUNTIF(Pays!A:A,X41)=0,"Pays inconnu",_xlfn.XLOOKUP(X41,Pays!A:A,Pays!B:B)) -> CH | K41: =IF(COUNTIF(Pays!A:A,X41)=0,"Pays inconnu",_xlfn.XLOOKUP(X41,Pays!A:A,Pays!C:C)) -> 1_CH | L41: 1 | M41: =ROUND(MAX(P41:Q41),2) -> 0.42 | N41: avecsuivi | O41: =LOOKUP(X41,Pays!A:A,Pays!D:D) -> 0 | P41: 0.15 | Q41: 0.42 | U41: 1 | W41: =IF(COUNTIF(Pays!A:A,X41)=0,"",LOOKUP(X41,Pays!A:A,Pays!E:E)) -> 0 | X41: SUISSE
A42: 01/06/2026 | B42: DELIVENGO-LPPQ | C42: =C41 -> 46174 | F42: Distribué | G42: LD248719953FR | H42: KARSENTI SOPHIE | I42: P | J42: =IF(COUNTIF(Pays!A:A,X42)=0,"Pays inconnu",_xlfn.XLOOKUP(X42,Pays!A:A,Pays!B:B)) -> ES | K42: =IF(COUNTIF(Pays!A:A,X42)=0,"Pays inconnu",_xlfn.XLOOKUP(X42,Pays!A:A,Pays!C:C)) -> 1 | L42: 1 | M42: =ROUND(MAX(P42:Q42),2) -> 0.15 | N42: avecsuivi | O42: =LOOKUP(X42,Pays!A:A,Pays!D:D) -> 0.2 | P42: 0.15 | U42: 1 | W42: =IF(COUNTIF(Pays!A:A,X42)=0,"",LOOKUP(X42,Pays!A:A,Pays!E:E)) -> 0 | X42: ESPAGNE
A43: 01/06/2026 | B43: DELIVENGO-LPPQ | C43: =C42 -> 46174 | F43: En cours | G43: LD248721081FR | H43: GRIFFITHS STEPHEN | I43: P | J43: =IF(COUNTIF(Pays!A:A,X43)=0,"Pays inconnu",_xlfn.XLOOKUP(X43,Pays!A:A,Pays!B:B)) -> GB | K43: =IF(COUNTIF(Pays!A:A,X43)=0,"Pays inconnu",_xlfn.XLOOKUP(X43,Pays!A:A,Pays!C:C)) -> 1_GB | L43: 1 | M43: =ROUND(MAX(P43:Q43),2) -> 0.5 | N43: avecsuivi | O43: =LOOKUP(X43,Pays!A:A,Pays!D:D) -> 0 | P43: 0.15 | Q43: 0.5 | U43: 1 | W43: =IF(COUNTIF(Pays!A:A,X43)=0,"",LOOKUP(X43,Pays!A:A,Pays!E:E)) -> 0 | X43: ROYAUME-UNI
A44: 01/06/2026 | B44: DELIVENGO-LPPQ | C44: =C43 -> 46174 | F44: Distribué | G44: LD248722609FR | H44: CHORNY JO | I44: P | J44: =IF(COUNTIF(Pays!A:A,X44)=0,"Pays inconnu",_xlfn.XLOOKUP(X44,Pays!A:A,Pays!B:B)) -> DE | K44: =IF(COUNTIF(Pays!A:A,X44)=0,"Pays inconnu",_xlfn.XLOOKUP(X44,Pays!A:A,Pays!C:C)) -> 1 | L44: 1 | M44: =ROUND(MAX(P44:Q44),2) -> 0.2 | N44: avecsuivi | O44: =LOOKUP(X44,Pays!A:A,Pays!D:D) -> 0.2 | P44: 0.15 | Q44: 0.2 | U44: 1 | W44: =IF(COUNTIF(Pays!A:A,X44)=0,"",LOOKUP(X44,Pays!A:A,Pays!E:E)) -> 0 | X44: ALLEMAGNE
A45: 01/06/2026 | B45: DELIVENGO-LPPQ | C45: =C44 -> 46174 | F45: Distribué | G45: LD248722921FR | H45: CALUORI DENNIS | I45: P | J45: =IF(COUNTIF(Pays!A:A,X45)=0,"Pays inconnu",_xlfn.XLOOKUP(X45,Pays!A:A,Pays!B:B)) -> CH | K45: =IF(COUNTIF(Pays!A:A,X45)=0,"Pays inconnu",_xlfn.XLOOKUP(X45,Pays!A:A,Pays!C:C)) -> 1_CH | L45: 1 | M45: =ROUND(MAX(P45:Q45),2) -> 0.48 | N45: avecsuivi | O45: =LOOKUP(X45,Pays!A:A,Pays!D:D) -> 0 | P45: 0.15 | Q45: 0.48 | U45: 1 | W45: =IF(COUNTIF(Pays!A:A,X45)=0,"",LOOKUP(X45,Pays!A:A,Pays!E:E)) -> 0 | X45: SUISSE
A46: 01/06/2026 | B46: DELIVENGO-LPPQ | C46: =C45 -> 46174 | F46: Distribué | G46: LD248723618FR | H46: MEISTER CATERINA | I46: P | J46: =IF(COUNTIF(Pays!A:A,X46)=0,"Pays inconnu",_xlfn.XLOOKUP(X46,Pays!A:A,Pays!B:B)) -> CH | K46: =IF(COUNTIF(Pays!A:A,X46)=0,"Pays inconnu",_xlfn.XLOOKUP(X46,Pays!A:A,Pays!C:C)) -> 1_CH | L46: 1 | M46: =ROUND(MAX(P46:Q46),2) -> 0.82 | N46: avecsuivi | O46: =LOOKUP(X46,Pays!A:A,Pays!D:D) -> 0 | P46: 0.15 | Q46: 0.82 | U46: 1 | W46: =IF(COUNTIF(Pays!A:A,X46)=0,"",LOOKUP(X46,Pays!A:A,Pays!E:E)) -> 0 | X46: SUISSE
A47: 01/06/2026 | B47: DELIVENGO-LPPQ | C47: =C46 -> 46174 | F47: Distribué | G47: LD248723666FR | H47: SCHUHLE IRIS | I47: P | J47: =IF(COUNTIF(Pays!A:A,X47)=0,"Pays inconnu",_xlfn.XLOOKUP(X47,Pays!A:A,Pays!B:B)) -> CH | K47: =IF(COUNTIF(Pays!A:A,X47)=0,"Pays inconnu",_xlfn.XLOOKUP(X47,Pays!A:A,Pays!C:C)) -> 1_CH | L47: 1 | M47: =ROUND(MAX(P47:Q47),2) -> 0.23 | N47: avecsuivi | O47: =LOOKUP(X47,Pays!A:A,Pays!D:D) -> 0 | P47: 0.15 | Q47: 0.23 | U47: 1 | W47: =IF(COUNTIF(Pays!A:A,X47)=0,"",LOOKUP(X47,Pays!A:A,Pays!E:E)) -> 0 | X47: SUISSE
A48: 01/06/2026 | B48: DELIVENGO-LPPQ | C48: =C47 -> 46174 | F48: Distribué | G48: LD248724689FR | H48: RAUCH KARIN | I48: P | J48: =IF(COUNTIF(Pays!A:A,X48)=0,"Pays inconnu",_xlfn.XLOOKUP(X48,Pays!A:A,Pays!B:B)) -> CH | K48: =IF(COUNTIF(Pays!A:A,X48)=0,"Pays inconnu",_xlfn.XLOOKUP(X48,Pays!A:A,Pays!C:C)) -> 1_CH | L48: 1 | M48: =ROUND(MAX(P48:Q48),2) -> 0.2 | N48: avecsuivi | O48: =LOOKUP(X48,Pays!A:A,Pays!D:D) -> 0 | P48: 0.15 | Q48: 0.2 | U48: 1 | W48: =IF(COUNTIF(Pays!A:A,X48)=0,"",LOOKUP(X48,Pays!A:A,Pays!E:E)) -> 0 | X48: SUISSE
A49: 01/06/2026 | B49: DELIVENGO-LPPQ | C49: =C48 -> 46174 | F49: Distribué | G49: LD248725066FR | H49: CHEN KUO KAI IN | I49: P | J49: =IF(COUNTIF(Pays!A:A,X49)=0,"Pays inconnu",_xlfn.XLOOKUP(X49,Pays!A:A,Pays!B:B)) -> GB | K49: =IF(COUNTIF(Pays!A:A,X49)=0,"Pays inconnu",_xlfn.XLOOKUP(X49,Pays!A:A,Pays!C:C)) -> 1_GB | L49: 1 | M49: =ROUND(MAX(P49:Q49),2) -> 0.15 | N49: avecsuivi | O49: =LOOKUP(X49,Pays!A:A,Pays!D:D) -> 0 | P49: 0.15 | Q49: 0.11 | U49: 1 | W49: =IF(COUNTIF(Pays!A:A,X49)=0,"",LOOKUP(X49,Pays!A:A,Pays!E:E)) -> 0 | X49: ROYAUME-UNI
A50: 01/06/2026 | B50: DELIVENGO-LPPQ | C50: =C49 -> 46174 | F50: Distribué | G50: LD248725636FR | H50: DABERER CORINA | I50: P | J50: =IF(COUNTIF(Pays!A:A,X50)=0,"Pays inconnu",_xlfn.XLOOKUP(X50,Pays!A:A,Pays!B:B)) -> AT | K50: =IF(COUNTIF(Pays!A:A,X50)=0,"Pays inconnu",_xlfn.XLOOKUP(X50,Pays!A:A,Pays!C:C)) -> 1 | L50: 1 | M50: =ROUND(MAX(P50:Q50),2) -> 1.16 | N50: avecsuivi | O50: =LOOKUP(X50,Pays!A:A,Pays!D:D) -> 0.2 | P50: 0.15 | Q50: 1.16 | U50: 1 | W50: =IF(COUNTIF(Pays!A:A,X50)=0,"",LOOKUP(X50,Pays!A:A,Pays!E:E)) -> 0 | X50: AUTRICHE
A51: 01/06/2026 | B51: DELIVENGO-LPPQ | C51: =C50 -> 46174 | F51: Distribué | G51: LD248726469FR | H51: PORTENIER POLYA | I51: P | J51: =IF(COUNTIF(Pays!A:A,X51)=0,"Pays inconnu",_xlfn.XLOOKUP(X51,Pays!A:A,Pays!B:B)) -> CH | K51: =IF(COUNTIF(Pays!A:A,X51)=0,"Pays inconnu",_xlfn.XLOOKUP(X51,Pays!A:A,Pays!C:C)) -> 1_CH | L51: 1 | M51: =ROUND(MAX(P51:Q51),2) -> 0.27 | N51: avecsuivi | O51: =LOOKUP(X51,Pays!A:A,Pays!D:D) -> 0 | P51: 0.15 | Q51: 0.27 | U51: 1 | W51: =IF(COUNTIF(Pays!A:A,X51)=0,"",LOOKUP(X51,Pays!A:A,Pays!E:E)) -> 0 | X51: SUISSE
A52: 01/06/2026 | B52: DELIVENGO-LPPQ | C52: =C51 -> 46174 | F52: Distribué | G52: LD248729173FR | H52: GRUNINGER SIMONE | I52: P | J52: =IF(COUNTIF(Pays!A:A,X52)=0,"Pays inconnu",_xlfn.XLOOKUP(X52,Pays!A:A,Pays!B:B)) -> CH | K52: =IF(COUNTIF(Pays!A:A,X52)=0,"Pays inconnu",_xlfn.XLOOKUP(X52,Pays!A:A,Pays!C:C)) -> 1_CH | L52: 1 | M52: =ROUND(MAX(P52:Q52),2) -> 0.23 | N52: avecsuivi | O52: =LOOKUP(X52,Pays!A:A,Pays!D:D) -> 0 | P52: 0.15 | Q52: 0.23 | U52: 1 | W52: =IF(COUNTIF(Pays!A:A,X52)=0,"",LOOKUP(X52,Pays!A:A,Pays!E:E)) -> 0 | X52: SUISSE
A53: 01/06/2026 | B53: DELIVENGO-LPPQ | C53: =C52 -> 46174 | F53: Distribué | G53: LD248730389FR | H53: GIUDICI ARIANNA | I53: P | J53: =IF(COUNTIF(Pays!A:A,X53)=0,"Pays inconnu",_xlfn.XLOOKUP(X53,Pays!A:A,Pays!B:B)) -> CH | K53: =IF(COUNTIF(Pays!A:A,X53)=0,"Pays inconnu",_xlfn.XLOOKUP(X53,Pays!A:A,Pays!C:C)) -> 1_CH | L53: 1 | M53: =ROUND(MAX(P53:Q53),2) -> 0.66 | N53: avecsuivi | O53: =LOOKUP(X53,Pays!A:A,Pays!D:D) -> 0 | P53: 0.15 | Q53: 0.66 | U53: 1 | W53: =IF(COUNTIF(Pays!A:A,X53)=0,"",LOOKUP(X53,Pays!A:A,Pays!E:E)) -> 0 | X53: SUISSE
A54: 01/06/2026 | B54: DELIVENGO-LPPQ | C54: =C53 -> 46174 | F54: Distribué | G54: LD248730928FR | H54: GARBANI MARCO | I54: P | J54: =IF(COUNTIF(Pays!A:A,X54)=0,"Pays inconnu",_xlfn.XLOOKUP(X54,Pays!A:A,Pays!B:B)) -> CH | K54: =IF(COUNTIF(Pays!A:A,X54)=0,"Pays inconnu",_xlfn.XLOOKUP(X54,Pays!A:A,Pays!C:C)) -> 1_CH | L54: 1 | M54: =ROUND(MAX(P54:Q54),2) -> 0.43 | N54: avecsuivi | O54: =LOOKUP(X54,Pays!A:A,Pays!D:D) -> 0 | P54: 0.15 | Q54: 0.43 | U54: 1 | W54: =IF(COUNTIF(Pays!A:A,X54)=0,"",LOOKUP(X54,Pays!A:A,Pays!E:E)) -> 0 | X54: SUISSE
... A63: 01/06/2026 | B63: DELIVENGO-LPPQ | C63: =C62 -> 46174 | F63: Distribué | G63: LD248745865FR | H63: HAYES MARY | I63: P | J63: =IF(COUNTIF(Pays!A:A,X63)=0,"Pays inconnu",_xlfn.XLOOKUP(X63,Pays!A:A,Pays!B:B)) -> GB | K63: =IF(COUNTIF(Pays!A:A,X63)=0,"Pays inconnu",_xlfn.XLOOKUP(X63,Pays!A:A,Pays!C:C)) -> 1_GB | L63: 1 | M63: =ROUND(MAX(P63:Q63),2) -> 0.15 | N63: avecsuivi | O63: =LOOKUP(X63,Pays!A:A,Pays!D:D) -> 0 | P63: 0.15 | Q63: 0.15 | U63: 1 | W63: =IF(COUNTIF(Pays!A:A,X63)=0,"",LOOKUP(X63,Pays!A:A,Pays!E:E)) -> 0 | X63: ROYAUME-UNI
A64: 01/06/2026 | B64: DELIVENGO-LPPQ | C64: =C63 -> 46174 | F64: Distribué | G64: LD248746928FR | H64: PHILIPPE NAVEZ | I64: P | J64: =IF(COUNTIF(Pays!A:A,X64)=0,"Pays inconnu",_xlfn.XLOOKUP(X64,Pays!A:A,Pays!B:B)) -> BE | K64: =IF(COUNTIF(Pays!A:A,X64)=0,"Pays inconnu",_xlfn.XLOOKUP(X64,Pays!A:A,Pays!C:C)) -> 1_BE | L64: 1 | M64: =ROUND(MAX(P64:Q64),2) -> 0.15 | N64: avecsuivi | O64: =LOOKUP(X64,Pays!A:A,Pays!D:D) -> 0.2 | P64: 0.15 | U64: 1 | W64: =IF(COUNTIF(Pays!A:A,X64)=0,"",LOOKUP(X64,Pays!A:A,Pays!E:E)) -> 0 | X64: BELGIQUE
A65: 01/06/2026 | B65: DELIVENGO-LPPQ | C65: =C64 -> 46174 | F65: Distribué | G65: LD248747897FR | H65: HUWYLER ELSA-LINE | I65: P | J65: =IF(COUNTIF(Pays!A:A,X65)=0,"Pays inconnu",_xlfn.XLOOKUP(X65,Pays!A:A,Pays!B:B)) -> CH | K65: =IF(COUNTIF(Pays!A:A,X65)=0,"Pays inconnu",_xlfn.XLOOKUP(X65,Pays!A:A,Pays!C:C)) -> 1_CH | L65: 1 | M65: =ROUND(MAX(P65:Q65),2) -> 0.15 | N65: avecsuivi | O65: =LOOKUP(X65,Pays!A:A,Pays!D:D) -> 0 | P65: 0.15 | U65: 1 | W65: =IF(COUNTIF(Pays!A:A,X65)=0,"",LOOKUP(X65,Pays!A:A,Pays!E:E)) -> 0 | X65: SUISSE
A66: 01/06/2026 | B66: DELIVENGO-LPPQ | C66: =C65 -> 46174 | F66: Distribué | G66: LD248750349FR | H66: HOLLINGSWORTH MELANIE | I66: P | J66: =IF(COUNTIF(Pays!A:A,X66)=0,"Pays inconnu",_xlfn.XLOOKUP(X66,Pays!A:A,Pays!B:B)) -> GB | K66: =IF(COUNTIF(Pays!A:A,X66)=0,"Pays inconnu",_xlfn.XLOOKUP(X66,Pays!A:A,Pays!C:C)) -> 1_GB | L66: 1 | M66: =ROUND(MAX(P66:Q66),2) -> 0.57 | N66: avecsuivi | O66: =LOOKUP(X66,Pays!A:A,Pays!D:D) -> 0 | P66: 0.15 | Q66: 0.57 | U66: 1 | W66: =IF(COUNTIF(Pays!A:A,X66)=0,"",LOOKUP(X66,Pays!A:A,Pays!E:E)) -> 0 | X66: ROYAUME-UNI
A67: 01/06/2026 | B67: DELIVENGO-LPPQ | C67: =C66 -> 46174 | F67: Distribué | G67: LD248750627FR | H67: KNIGHT KEVIN | I67: P | J67: =IF(COUNTIF(Pays!A:A,X67)=0,"Pays inconnu",_xlfn.XLOOKUP(X67,Pays!A:A,Pays!B:B)) -> GB | K67: =IF(COUNTIF(Pays!A:A,X67)=0,"Pays inconnu",_xlfn.XLOOKUP(X67,Pays!A:A,Pays!C:C)) -> 1_GB | L67: 1 | M67: =ROUND(MAX(P67:Q67),2) -> 0.49 | N67: avecsuivi | O67: =LOOKUP(X67,Pays!A:A,Pays!D:D) -> 0 | P67: 0.15 | Q67: 0.49 | U67: 1 | W67: =IF(COUNTIF(Pays!A:A,X67)=0,"",LOOKUP(X67,Pays!A:A,Pays!E:E)) -> 0 | X67: ROYAUME-UNI
A68: 01/06/2026 | B68: DELIVENGO-LPPQ | C68: =C67 -> 46174 | F68: En cours | G68: LD248751070FR | H68: SAMANI MEERA | I68: P | J68: =IF(COUNTIF(Pays!A:A,X68)=0,"Pays inconnu",_xlfn.XLOOKUP(X68,Pays!A:A,Pays!B:B)) -> GB | K68: =IF(COUNTIF(Pays!A:A,X68)=0,"Pays inconnu",_xlfn.XLOOKUP(X68,Pays!A:A,Pays!C:C)) -> 1_GB | L68: 1 | M68: =ROUND(MAX(P68:Q68),2) -> 0.9 | N68: avecsuivi | O68: =LOOKUP(X68,Pays!A:A,Pays!D:D) -> 0 | P68: 0.9 | U68: 1 | W68: =IF(COUNTIF(Pays!A:A,X68)=0,"",LOOKUP(X68,Pays!A:A,Pays!E:E)) -> 0 | X68: ROYAUME-UNI
A69: 01/06/2026 | B69: DELIVENGO-LPPQ | C69: =C68 -> 46174 | F69: Distribué | G69: LD248752000FR | H69: MILIA BORCARD ALESSANDRA | I69: P | J69: =IF(COUNTIF(Pays!A:A,X69)=0,"Pays inconnu",_xlfn.XLOOKUP(X69,Pays!A:A,Pays!B:B)) -> CH | K69: =IF(COUNTIF(Pays!A:A,X69)=0,"Pays inconnu",_xlfn.XLOOKUP(X69,Pays!A:A,Pays!C:C)) -> 1_CH | L69: 1 | M69: =ROUND(MAX(P69:Q69),2) -> 0.17 | N69: avecsuivi | O69: =LOOKUP(X69,Pays!A:A,Pays!D:D) -> 0 | P69: 0.15 | Q69: 0.17 | U69: 1 | W69: =IF(COUNTIF(Pays!A:A,X69)=0,"",LOOKUP(X69,Pays!A:A,Pays!E:E)) -> 0 | X69: SUISSE
A70: 01/06/2026 | B70: DELIVENGO-LPPQ | C70: =C69 -> 46174 | F70: Distribué | G70: LD248752075FR | H70: CONNELL KATIE | I70: P | J70: =IF(COUNTIF(Pays!A:A,X70)=0,"Pays inconnu",_xlfn.XLOOKUP(X70,Pays!A:A,Pays!B:B)) -> GB | K70: =IF(COUNTIF(Pays!A:A,X70)=0,"Pays inconnu",_xlfn.XLOOKUP(X70,Pays!A:A,Pays!C:C)) -> 1_GB | L70: 1 | M70: =ROUND(MAX(P70:Q70),2) -> 0.59 | N70: avecsuivi | O70: =LOOKUP(X70,Pays!A:A,Pays!D:D) -> 0 | P70: 0.15 | Q70: 0.59 | U70: 1 | W70: =IF(COUNTIF(Pays!A:A,X70)=0,"",LOOKUP(X70,Pays!A:A,Pays!E:E)) -> 0 | X70: ROYAUME-UNI
A71: 01/06/2026 | B71: DELIVENGO-LPPQ | C71: =C70 -> 46174 | F71: Distribué | G71: LD248753708FR | H71: PAQUIER JEANNE | I71: P | J71: =IF(COUNTIF(Pays!A:A,X71)=0,"Pays inconnu",_xlfn.XLOOKUP(X71,Pays!A:A,Pays!B:B)) -> CH | K71: =IF(COUNTIF(Pays!A:A,X71)=0,"Pays inconnu",_xlfn.XLOOKUP(X71,Pays!A:A,Pays!C:C)) -> 1_CH | L71: 1 | M71: =ROUND(MAX(P71:Q71),2) -> 0.45 | N71: avecsuivi | O71: =LOOKUP(X71,Pays!A:A,Pays!D:D) -> 0 | P71: 0.15 | Q71: 0.45 | U71: 1 | W71: =IF(COUNTIF(Pays!A:A,X71)=0,"",LOOKUP(X71,Pays!A:A,Pays!E:E)) -> 0 | X71: SUISSE
A72: 01/06/2026 | B72: DELIVENGO-LPPQ | C72: =C71 -> 46174 | F72: En cours | G72: LD248754796FR | H72: HOUSEAUX DE REYCK JOHANA | I72: P | J72: =IF(COUNTIF(Pays!A:A,X72)=0,"Pays inconnu",_xlfn.XLOOKUP(X72,Pays!A:A,Pays!B:B)) -> BE | K72: =IF(COUNTIF(Pays!A:A,X72)=0,"Pays inconnu",_xlfn.XLOOKUP(X72,Pays!A:A,Pays!C:C)) -> 1_BE | L72: 1 | M72: =ROUND(MAX(P72:Q72),2) -> 0.15 | N72: avecsuivi | O72: =LOOKUP(X72,Pays!A:A,Pays!D:D) -> 0.2 | P72: 0.15 | U72: 1 | W72: =IF(COUNTIF(Pays!A:A,X72)=0,"",LOOKUP(X72,Pays!A:A,Pays!E:E)) -> 0 | X72: BELGIQUE
A73: 02/06/2026 | B73: DELIVENGO-LPPQ | C73: =C72 -> 46174 | F73: Distribué | G73: LD248757483FR | H73: CHARLIER AURELIE | I73: P | J73: =IF(COUNTIF(Pays!A:A,X73)=0,"Pays inconnu",_xlfn.XLOOKUP(X73,Pays!A:A,Pays!B:B)) -> BE | K73: =IF(COUNTIF(Pays!A:A,X73)=0,"Pays inconnu",_xlfn.XLOOKUP(X73,Pays!A:A,Pays!C:C)) -> 1_BE | L73: 1 | M73: =ROUND(MAX(P73:Q73),2) -> 0.15 | N73: avecsuivi | O73: =LOOKUP(X73,Pays!A:A,Pays!D:D) -> 0.2 | P73: 0.15 | U73: 1 | W73: =IF(COUNTIF(Pays!A:A,X73)=0,"",LOOKUP(X73,Pays!A:A,Pays!E:E)) -> 0 | X73: BELGIQUE
A74: 02/06/2026 | B74: DELIVENGO-LPPQ | C74: =C73 -> 46174 | F74: Distribué | G74: LD248758197FR | H74: HERRMANN FABIOLA | I74: P | J74: =IF(COUNTIF(Pays!A:A,X74)=0,"Pays inconnu",_xlfn.XLOOKUP(X74,Pays!A:A,Pays!B:B)) -> CH | K74: =IF(COUNTIF(Pays!A:A,X74)=0,"Pays inconnu",_xlfn.XLOOKUP(X74,Pays!A:A,Pays!C:C)) -> 1_CH | L74: 1 | M74: =ROUND(MAX(P74:Q74),2) -> 0.15 | N74: avecsuivi | O74: =LOOKUP(X74,Pays!A:A,Pays!D:D) -> 0 | P74: 0.15 | Q74: 0.1 | U74: 1 | W74: =IF(COUNTIF(Pays!A:A,X74)=0,"",LOOKUP(X74,Pays!A:A,Pays!E:E)) -> 0 | X74: SUISSE
A75: 02/06/2026 | B75: DELIVENGO-LPPQ | C75: =C74 -> 46174 | F75: En cours | G75: LD248758926FR | H75: IRESON ANTHONY | I75: P | J75: =IF(COUNTIF(Pays!A:A,X75)=0,"Pays inconnu",_xlfn.XLOOKUP(X75,Pays!A:A,Pays!B:B)) -> GB | K75: =IF(COUNTIF(Pays!A:A,X75)=0,"Pays inconnu",_xlfn.XLOOKUP(X75,Pays!A:A,Pays!C:C)) -> 1_GB | L75: 1 | M75: =ROUND(MAX(P75:Q75),2) -> 0.15 | N75: avecsuivi | O75: =LOOKUP(X75,Pays!A:A,Pays!D:D) -> 0 | P75: 0.15 | U75: 1 | W75: =IF(COUNTIF(Pays!A:A,X75)=0,"",LOOKUP(X75,Pays!A:A,Pays!E:E)) -> 0 | X75: ROYAUME-UNI
A76: 02/06/2026 | B76: DELIVENGO-LPPQ | C76: =C75 -> 46174 | F76: Distribué | G76: LD248759144FR | H76: SIMONE CARTIER | I76: P | J76: =IF(COUNTIF(Pays!A:A,X76)=0,"Pays inconnu",_xlfn.XLOOKUP(X76,Pays!A:A,Pays!B:B)) -> CH | K76: =IF(COUNTIF(Pays!A:A,X76)=0,"Pays inconnu",_xlfn.XLOOKUP(X76,Pays!A:A,Pays!C:C)) -> 1_CH | L76: 1 | M76: =ROUND(MAX(P76:Q76),2) -> 0.39 | N76: avecsuivi | O76: =LOOKUP(X76,Pays!A:A,Pays!D:D) -> 0 | P76: 0.15 | Q76: 0.39 | U76: 1 | W76: =IF(COUNTIF(Pays!A:A,X76)=0,"",LOOKUP(X76,Pays!A:A,Pays!E:E)) -> 0 | X76: SUISSE
A77: 02/06/2026 | B77: DELIVENGO-LPPQ | C77: =C76 -> 46174 | F77: Distribué | G77: LD248759250FR | H77: HAMELIN LILY | I77: P | J77: =IF(COUNTIF(Pays!A:A,X77)=0,"Pays inconnu",_xlfn.XLOOKUP(X77,Pays!A:A,Pays!B:B)) -> CH | K77: =IF(COUNTIF(Pays!A:A,X77)=0,"Pays inconnu",_xlfn.XLOOKUP(X77,Pays!A:A,Pays!C:C)) -> 1_CH | L77: 1 | M77: =ROUND(MAX(P77:Q77),2) -> 0.15 | N77: avecsuivi | O77: =LOOKUP(X77,Pays!A:A,Pays!D:D) -> 0 | P77: 0.15 | U77: 1 | W77: =IF(COUNTIF(Pays!A:A,X77)=0,"",LOOKUP(X77,Pays!A:A,Pays!E:E)) -> 0 | X77: SUISSE
A78: 02/06/2026 | B78: DELIVENGO-LPPQ | C78: =C77 -> 46174 | F78: Distribué | G78: LD248759436FR | H78: PANCHAUD-VIREDAZ CELINE | I78: P | J78: =IF(COUNTIF(Pays!A:A,X78)=0,"Pays inconnu",_xlfn.XLOOKUP(X78,Pays!A:A,Pays!B:B)) -> CH | K78: =IF(COUNTIF(Pays!A:A,X78)=0,"Pays inconnu",_xlfn.XLOOKUP(X78,Pays!A:A,Pays!C:C)) -> 1_CH | L78: 1 | M78: =ROUND(MAX(P78:Q78),2) -> 0.66 | N78: avecsuivi | O78: =LOOKUP(X78,Pays!A:A,Pays!D:D) -> 0 | P78: 0.15 | Q78: 0.66 | U78: 1 | W78: =IF(COUNTIF(Pays!A:A,X78)=0,"",LOOKUP(X78,Pays!A:A,Pays!E:E)) -> 0 | X78: SUISSE
A79: 02/06/2026 | B79: DELIVENGO-LPPQ | C79: =C78 -> 46174 | F79: Distribué | G79: LD248759921FR | H79: CLEMENT-EVANS LOUISE | I79: P | J79: =IF(COUNTIF(Pays!A:A,X79)=0,"Pays inconnu",_xlfn.XLOOKUP(X79,Pays!A:A,Pays!B:B)) -> GB | K79: =IF(COUNTIF(Pays!A:A,X79)=0,"Pays inconnu",_xlfn.XLOOKUP(X79,Pays!A:A,Pays!C:C)) -> 1_GB | L79: 1 | M79: =ROUND(MAX(P79:Q79),2) -> 0.15 | N79: avecsuivi | O79: =LOOKUP(X79,Pays!A:A,Pays!D:D) -> 0 | P79: 0.15 | Q79: 0.05 | U79: 1 | W79: =IF(COUNTIF(Pays!A:A,X79)=0,"",LOOKUP(X79,Pays!A:A,Pays!E:E)) -> 0 | X79: ROYAUME-UNI
A80: 02/06/2026 | B80: DELIVENGO-LPPQ | C80: =C79 -> 46174 | F80: Distribué | G80: LD248760125FR | H80: AESCHLIMANN SYLVIE | I80: P | J80: =IF(COUNTIF(Pays!A:A,X80)=0,"Pays inconnu",_xlfn.XLOOKUP(X80,Pays!A:A,Pays!B:B)) -> CH | K80: =IF(COUNTIF(Pays!A:A,X80)=0,"Pays inconnu",_xlfn.XLOOKUP(X80,Pays!A:A,Pays!C:C)) -> 1_CH | L80: 1 | M80: =ROUND(MAX(P80:Q80),2) -> 0.15 | N80: avecsuivi | O80: =LOOKUP(X80,Pays!A:A,Pays!D:D) -> 0 | P80: 0.15 | U80: 1 | W80: =IF(COUNTIF(Pays!A:A,X80)=0,"",LOOKUP(X80,Pays!A:A,Pays!E:E)) -> 0 | X80: SUISSE
A81: 02/06/2026 | B81: DELIVENGO-LPPQ | C81: =C80 -> 46174 | F81: Distribué | G81: LD248760213FR | H81: PERRINJAQUET SARAH | I81: P | J81: =IF(COUNTIF(Pays!A:A,X81)=0,"Pays inconnu",_xlfn.XLOOKUP(X81,Pays!A:A,Pays!B:B)) -> CH | K81: =IF(COUNTIF(Pays!A:A,X81)=0,"Pays inconnu",_xlfn.XLOOKUP(X81,Pays!A:A,Pays!C:C)) -> 1_CH | L81: 1 | M81: =ROUND(MAX(P81:Q81),2) -> 0.27 | N81: avecsuivi | O81: =LOOKUP(X81,Pays!A:A,Pays!D:D) -> 0 | P81: 0.15 | Q81: 0.27 | U81: 1 | W81: =IF(COUNTIF(Pays!A:A,X81)=0,"",LOOKUP(X81,Pays!A:A,Pays!E:E)) -> 0 | X81: SUISSE
A82: 02/06/2026 | B82: DELIVENGO-LPPQ | C82: =C81 -> 46174 | F82: En cours | G82: LD248760363FR | H82: BRIQUET MALAURY | I82: P | J82: =IF(COUNTIF(Pays!A:A,X82)=0,"Pays inconnu",_xlfn.XLOOKUP(X82,Pays!A:A,Pays!B:B)) -> CH | K82: =IF(COUNTIF(Pays!A:A,X82)=0,"Pays inconnu",_xlfn.XLOOKUP(X82,Pays!A:A,Pays!C:C)) -> 1_CH | L82: 1 | M82: =ROUND(MAX(P82:Q82),2) -> 0.15 | N82: avecsuivi | O82: =LOOKUP(X82,Pays!A:A,Pays!D:D) -> 0 | P82: 0.15 | U82: 1 | W82: =IF(COUNTIF(Pays!A:A,X82)=0,"",LOOKUP(X82,Pays!A:A,Pays!E:E)) -> 0 | X82: SUISSE
A83: 02/06/2026 | B83: DELIVENGO-LPPQ | C83: =C82 -> 46174 | F83: Distribué | G83: LD248760584FR | H83: NEYROUD SANDRINE | I83: P | J83: =IF(COUNTIF(Pays!A:A,X83)=0,"Pays inconnu",_xlfn.XLOOKUP(X83,Pays!A:A,Pays!B:B)) -> CH | K83: =IF(COUNTIF(Pays!A:A,X83)=0,"Pays inconnu",_xlfn.XLOOKUP(X83,Pays!A:A,Pays!C:C)) -> 1_CH | L83: 1 | M83: =ROUND(MAX(P83:Q83),2) -> 0.15 | N83: avecsuivi | O83: =LOOKUP(X83,Pays!A:A,Pays!D:D) -> 0 | P83: 0.15 | U83: 1 | W83: =IF(COUNTIF(Pays!A:A,X83)=0,"",LOOKUP(X83,Pays!A:A,Pays!E:E)) -> 0 | X83: SUISSE
A84: 02/06/2026 | B84: DELIVENGO-LPPQ | C84: =C83 -> 46174 | F84: Distribué | G84: LD248760880FR | H84: MADERN CLAUDIA | I84: P | J84: =IF(COUNTIF(Pays!A:A,X84)=0,"Pays inconnu",_xlfn.XLOOKUP(X84,Pays!A:A,Pays!B:B)) -> CH | K84: =IF(COUNTIF(Pays!A:A,X84)=0,"Pays inconnu",_xlfn.XLOOKUP(X84,Pays!A:A,Pays!C:C)) -> 1_CH | L84: 1 | M84: =ROUND(MAX(P84:Q84),2) -> 0.59 | N84: avecsuivi | O84: =LOOKUP(X84,Pays!A:A,Pays!D:D) -> 0 | P84: 0.15 | Q84: 0.59 | U84: 1 | W84: =IF(COUNTIF(Pays!A:A,X84)=0,"",LOOKUP(X84,Pays!A:A,Pays!E:E)) -> 0 | X84: SUISSE
A85: 02/06/2026 | B85: DELIVENGO-LPPQ | C85: =C84 -> 46174 | F85: Distribué | G85: LD248761117FR | H85: VAN NERUM AUDE | I85: P | J85: =IF(COUNTIF(Pays!A:A,X85)=0,"Pays inconnu",_xlfn.XLOOKUP(X85,Pays!A:A,Pays!B:B)) -> BE | K85: =IF(COUNTIF(Pays!A:A,X85)=0,"Pays inconnu",_xlfn.XLOOKUP(X85,Pays!A:A,Pays!C:C)) -> 1_BE | L85: 1 | M85: =ROUND(MAX(P85:Q85),2) -> 0.15 | N85: avecsuivi | O85: =LOOKUP(X85,Pays!A:A,Pays!D:D) -> 0.2 | P85: 0.15 | U85: 1 | W85: =IF(COUNTIF(Pays!A:A,X85)=0,"",LOOKUP(X85,Pays!A:A,Pays!E:E)) -> 0 | X85: BELGIQUE
A86: 02/06/2026 | B86: DELIVENGO-LPPQ | C86: =C85 -> 46174 | F86: Distribué | G86: LD248761620FR | H86: VIZZINI RICARDO | I86: P | J86: =IF(COUNTIF(Pays!A:A,X86)=0,"Pays inconnu",_xlfn.XLOOKUP(X86,Pays!A:A,Pays!B:B)) -> BE | K86: =IF(COUNTIF(Pays!A:A,X86)=0,"Pays inconnu",_xlfn.XLOOKUP(X86,Pays!A:A,Pays!C:C)) -> 1_BE | L86: 1 | M86: =ROUND(MAX(P86:Q86),2) -> 0.15 | N86: avecsuivi | O86: =LOOKUP(X86,Pays!A:A,Pays!D:D) -> 0.2 | P86: 0.15 | U86: 1 | W86: =IF(COUNTIF(Pays!A:A,X86)=0,"",LOOKUP(X86,Pays!A:A,Pays!E:E)) -> 0 | X86: BELGIQUE
A87: 02/06/2026 | B87: DELIVENGO-LPPQ | C87: =C86 -> 46174 | F87: Distribué | G87: LD248761806FR | H87: MEJLAK MARGERITA | I87: P | J87: =IF(COUNTIF(Pays!A:A,X87)=0,"Pays inconnu",_xlfn.XLOOKUP(X87,Pays!A:A,Pays!B:B)) -> MT | K87: =IF(COUNTIF(Pays!A:A,X87)=0,"Pays inconnu",_xlfn.XLOOKUP(X87,Pays!A:A,Pays!C:C)) -> 1 | L87: 1 | M87: =ROUND(MAX(P87:Q87),2) -> 0.15 | N87: avecsuivi | O87: =LOOKUP(X87,Pays!A:A,Pays!D:D) -> 0.2 | P87: 0.15 | U87: 1 | W87: =IF(COUNTIF(Pays!A:A,X87)=0,"",LOOKUP(X87,Pays!A:A,Pays!E:E)) -> 0 | X87: MALTE
A88: 02/06/2026 | B88: DELIVENGO-LPPQ | C88: =C87 -> 46174 | F88: Distribué | G88: LD248761854FR | H88: ZHANG DONGHUA | I88: P | J88: =IF(COUNTIF(Pays!A:A,X88)=0,"Pays inconnu",_xlfn.XLOOKUP(X88,Pays!A:A,Pays!B:B)) -> DE | K88: =IF(COUNTIF(Pays!A:A,X88)=0,"Pays inconnu",_xlfn.XLOOKUP(X88,Pays!A:A,Pays!C:C)) -> 1 | L88: 1 | M88: =ROUND(MAX(P88:Q88),2) -> 0.15 | N88: avecsuivi | O88: =LOOKUP(X88,Pays!A:A,Pays!D:D) -> 0.2 | P88: 0.15 | U88: 1 | W88: =IF(COUNTIF(Pays!A:A,X88)=0,"",LOOKUP(X88,Pays!A:A,Pays!E:E)) -> 0 | X88: ALLEMAGNE
A89: 02/06/2026 | B89: DELIVENGO-LPPQ | C89: =C88 -> 46174 | F89: Distribué | G89: LD248761885FR | H89: MCPARLAND MATHILDE | I89: P | J89: =IF(COUNTIF(Pays!A:A,X89)=0,"Pays inconnu",_xlfn.XLOOKUP(X89,Pays!A:A,Pays!B:B)) -> GB | K89: =IF(COUNTIF(Pays!A:A,X89)=0,"Pays inconnu",_xlfn.XLOOKUP(X89,Pays!A:A,Pays!C:C)) -> 1_GB | L89: 1 | M89: =ROUND(MAX(P89:Q89),2) -> 0.15 | N89: avecsuivi | O89: =LOOKUP(X89,Pays!A:A,Pays!D:D) -> 0 | P89: 0.15 | Q89: 0.08 | U89: 1 | W89: =IF(COUNTIF(Pays!A:A,X89)=0,"",LOOKUP(X89,Pays!A:A,Pays!E:E)) -> 0 | X89: ROYAUME-UNI
A90: 02/06/2026 | B90: DELIVENGO-LPPQ | C90: =C89 -> 46174 | F90: Distribué | G90: LD248762863FR | H90: CAREL MARGAUX | I90: P | J90: =IF(COUNTIF(Pays!A:A,X90)=0,"Pays inconnu",_xlfn.XLOOKUP(X90,Pays!A:A,Pays!B:B)) -> PT | K90: =IF(COUNTIF(Pays!A:A,X90)=0,"Pays inconnu",_xlfn.XLOOKUP(X90,Pays!A:A,Pays!C:C)) -> 1 | L90: 1 | M90: =ROUND(MAX(P90:Q90),2) -> 0.15 | N90: avecsuivi | O90: =LOOKUP(X90,Pays!A:A,Pays!D:D) -> 0.2 | P90: 0.15 | U90: 1 | W90: =IF(COUNTIF(Pays!A:A,X90)=0,"",LOOKUP(X90,Pays!A:A,Pays!E:E)) -> 0 | X90: PORTUGAL
A91: 02/06/2026 | B91: DELIVENGO-LPPQ | C91: =C90 -> 46174 | F91: Distribué | G91: LD248762951FR | H91: MINGARD NATACHA | I91: P | J91: =IF(COUNTIF(Pays!A:A,X91)=0,"Pays inconnu",_xlfn.XLOOKUP(X91,Pays!A:A,Pays!B:B)) -> CH | K91: =IF(COUNTIF(Pays!A:A,X91)=0,"Pays inconnu",_xlfn.XLOOKUP(X91,Pays!A:A,Pays!C:C)) -> 1_CH | L91: 1 | M91: =ROUND(MAX(P91:Q91),2) -> 0.15 | N91: avecsuivi | O91: =LOOKUP(X91,Pays!A:A,Pays!D:D) -> 0 | P91: 0.15 | U91: 1 | W91: =IF(COUNTIF(Pays!A:A,X91)=0,"",LOOKUP(X91,Pays!A:A,Pays!E:E)) -> 0 | X91: SUISSE
A92: 02/06/2026 | B92: DELIVENGO-LPPQ | C92: =C91 -> 46174 | F92: En cours | G92: LD248763020FR | H92: BARANY AITANA | I92: P | J92: =IF(COUNTIF(Pays!A:A,X92)=0,"Pays inconnu",_xlfn.XLOOKUP(X92,Pays!A:A,Pays!B:B)) -> BE | K92: =IF(COUNTIF(Pays!A:A,X92)=0,"Pays inconnu",_xlfn.XLOOKUP(X92,Pays!A:A,Pays!C:C)) -> 1_BE | L92: 1 | M92: =ROUND(MAX(P92:Q92),2) -> 0.18 | N92: avecsuivi | O92: =LOOKUP(X92,Pays!A:A,Pays!D:D) -> 0.2 | P92: 0.15 | Q92: 0.18 | U92: 1 | W92: =IF(COUNTIF(Pays!A:A,X92)=0,"",LOOKUP(X92,Pays!A:A,Pays!E:E)) -> 0 | X92: BELGIQUE
A93: 02/06/2026 | B93: DELIVENGO-LPPQ | C93: =C92 -> 46174 | F93: Distribué | G93: LD248763395FR | H93: SMLATIC MILAT VIKTORIJA | I93: P | J93: =IF(COUNTIF(Pays!A:A,X93)=0,"Pays inconnu",_xlfn.XLOOKUP(X93,Pays!A:A,Pays!B:B)) -> HR | K93: =IF(COUNTIF(Pays!A:A,X93)=0,"Pays inconnu",_xlfn.XLOOKUP(X93,Pays!A:A,Pays!C:C)) -> 1 | L93: 1 | M93: =ROUND(MAX(P93:Q93),2) -> 0.84 | N93: avecsuivi | O93: =LOOKUP(X93,Pays!A:A,Pays!D:D) -> 0.2 | P93: 0.15 | Q93: 0.84 | U93: 1 | W93: =IF(COUNTIF(Pays!A:A,X93)=0,"",LOOKUP(X93,Pays!A:A,Pays!E:E)) -> 0 | X93: CROATIE
A94: 02/06/2026 | B94: DELIVENGO-LPPQ | C94: =C93 -> 46174 | F94: Distribué | G94: LD248763461FR | H94: DOULIGERIS KONSTANTINOS | I94: P | J94: =IF(COUNTIF(Pays!A:A,X94)=0,"Pays inconnu",_xlfn.XLOOKUP(X94,Pays!A:A,Pays!B:B)) -> GR | K94: =IF(COUNTIF(Pays!A:A,X94)=0,"Pays inconnu",_xlfn.XLOOKUP(X94,Pays!A:A,Pays!C:C)) -> 1 | L94: 1 | M94: =ROUND(MAX(P94:Q94),2) -> 0.95 | N94: avecsuivi | O94: =LOOKUP(X94,Pays!A:A,Pays!D:D) -> 0.2 | P94: 0.15 | Q94: 0.95 | U94: 1 | W94: =IF(COUNTIF(Pays!A:A,X94)=0,"",LOOKUP(X94,Pays!A:A,Pays!E:E)) -> 0 | X94: GRÈCE
A95: 02/06/2026 | B95: DELIVENGO-LPPQ | C95: =C94 -> 46174 | F95: Distribué | G95: LD248764285FR | H95: DUNN JADE | I95: P | J95: =IF(COUNTIF(Pays!A:A,X95)=0,"Pays inconnu",_xlfn.XLOOKUP(X95,Pays!A:A,Pays!B:B)) -> GB | K95: =IF(COUNTIF(Pays!A:A,X95)=0,"Pays inconnu",_xlfn.XLOOKUP(X95,Pays!A:A,Pays!C:C)) -> 1_GB | L95: 1 | M95: =ROUND(MAX(P95:Q95),2) -> 0.15 | N95: avecsuivi | O95: =LOOKUP(X95,Pays!A:A,Pays!D:D) -> 0 | P95: 0.15 | U95: 1 | W95: =IF(COUNTIF(Pays!A:A,X95)=0,"",LOOKUP(X95,Pays!A:A,Pays!E:E)) -> 0 | X95: ROYAUME-UNI
A96: 02/06/2026 | B96: DELIVENGO-LPPQ | C96: =C95 -> 46174 | F96: Distribué | G96: LD248764691FR | H96: FOSTER BELLA | I96: P | J96: =IF(COUNTIF(Pays!A:A,X96)=0,"Pays inconnu",_xlfn.XLOOKUP(X96,Pays!A:A,Pays!B:B)) -> GB | K96: =IF(COUNTIF(Pays!A:A,X96)=0,"Pays inconnu",_xlfn.XLOOKUP(X96,Pays!A:A,Pays!C:C)) -> 1_GB | L96: 1 | M96: =ROUND(MAX(P96:Q96),2) -> 0.15 | N96: avecsuivi | O96: =LOOKUP(X96,Pays!A:A,Pays!D:D) -> 0 | P96: 0.15 | U96: 1 | W96: =IF(COUNTIF(Pays!A:A,X96)=0,"",LOOKUP(X96,Pays!A:A,Pays!E:E)) -> 0 | X96: ROYAUME-UNI
A97: 02/06/2026 | B97: DELIVENGO-LPPQ | C97: =C96 -> 46174 | F97: Distribué | G97: LD248765326FR | H97: BORGES MARIA BEATRIZ | I97: P | J97: =IF(COUNTIF(Pays!A:A,X97)=0,"Pays inconnu",_xlfn.XLOOKUP(X97,Pays!A:A,Pays!B:B)) -> PT | K97: =IF(COUNTIF(Pays!A:A,X97)=0,"Pays inconnu",_xlfn.XLOOKUP(X97,Pays!A:A,Pays!C:C)) -> 1 | L97: 1 | M97: =ROUND(MAX(P97:Q97),2) -> 0.15 | N97: avecsuivi | O97: =LOOKUP(X97,Pays!A:A,Pays!D:D) -> 0.2 | P97: 0.15 | U97: 1 | W97: =IF(COUNTIF(Pays!A:A,X97)=0,"",LOOKUP(X97,Pays!A:A,Pays!E:E)) -> 0 | X97: PORTUGAL
A98: 02/06/2026 | B98: DELIVENGO-LPPQ | C98: =C97 -> 46174 | F98: Distribué | G98: LD248765578FR | H98: DELLEY ANITA | I98: P | J98: =IF(COUNTIF(Pays!A:A,X98)=0,"Pays inconnu",_xlfn.XLOOKUP(X98,Pays!A:A,Pays!B:B)) -> CH | K98: =IF(COUNTIF(Pays!A:A,X98)=0,"Pays inconnu",_xlfn.XLOOKUP(X98,Pays!A:A,Pays!C:C)) -> 1_CH | L98: 1 | M98: =ROUND(MAX(P98:Q98),2) -> 0.15 | N98: avecsuivi | O98: =LOOKUP(X98,Pays!A:A,Pays!D:D) -> 0 | P98: 0.15 | U98: 1 | W98: =IF(COUNTIF(Pays!A:A,X98)=0,"",LOOKUP(X98,Pays!A:A,Pays!E:E)) -> 0 | X98: SUISSE
A99: 02/06/2026 | B99: DELIVENGO-LPPQ | C99: =C98 -> 46174 | F99: Distribué | G99: LD248766043FR | H99: TAKAHASHI CHINAMI | I99: P | J99: =IF(COUNTIF(Pays!A:A,X99)=0,"Pays inconnu",_xlfn.XLOOKUP(X99,Pays!A:A,Pays!B:B)) -> NL | K99: =IF(COUNTIF(Pays!A:A,X99)=0,"Pays inconnu",_xlfn.XLOOKUP(X99,Pays!A:A,Pays!C:C)) -> 1 | L99: 1 | M99: =ROUND(MAX(P99:Q99),2) -> 0.15 | N99: avecsuivi | O99: =LOOKUP(X99,Pays!A:A,Pays!D:D) -> 0.2 | P99: 0.15 | U99: 1 | W99: =IF(COUNTIF(Pays!A:A,X99)=0,"",LOOKUP(X99,Pays!A:A,Pays!E:E)) -> 0 | X99: PAYS-BAS
A100: 02/06/2026 | B100: DELIVENGO-LPPQ | C100: =C99 -> 46174 | F100: Distribué | G100: LD248803191FR | H100: HERRERA MARTINEZ YAJAIRA | I100: P | J100: =IF(COUNTIF(Pays!A:A,X100)=0,"Pays inconnu",_xlfn.XLOOKUP(X100,Pays!A:A,Pays!B:B)) -> IT | K100: =IF(COUNTIF(Pays!A:A,X100)=0,"Pays inconnu",_xlfn.XLOOKUP(X100,Pays!A:A,Pays!C:C)) -> 1 | L100: 1 | M100: =ROUND(MAX(P100:Q100),2) -> 0.15 | N100: avecsuivi | O100: =LOOKUP(X100,Pays!A:A,Pays!D:D) -> 0.2 | P100: 0.15 | U100: 1 | W100: =IF(COUNTIF(Pays!A:A,X100)=0,"",LOOKUP(X100,Pays!A:A,Pays!E:E)) -> 0 | X100: ITALIE
A101: 02/06/2026 | B101: DELIVENGO-LPPQ | C101: =C100 -> 46174 | F101: En cours | G101: LD248810780FR | H101: FERNANDO TIAGO | I101: P | J101: =IF(COUNTIF(Pays!A:A,X101)=0,"Pays inconnu",_xlfn.XLOOKUP(X101,Pays!A:A,Pays!B:B)) -> CH | K101: =IF(COUNTIF(Pays!A:A,X101)=0,"Pays inconnu",_xlfn.XLOOKUP(X101,Pays!A:A,Pays!C:C)) -> 1_CH | L101: 1 | M101: =ROUND(MAX(P101:Q101),2) -> 0.03 | N101: avecsuivi | O101: =LOOKUP(X101,Pays!A:A,Pays!D:D) -> 0 | P101: 0.03 | U101: 1 | W101: =IF(COUNTIF(Pays!A:A,X101)=0,"",LOOKUP(X101,Pays!A:A,Pays!E:E)) -> 0 | X101: SUISSE
A102: 02/06/2026 | B102: DELIVENGO-LPPQ | C102: =C101 -> 46174 | F102: Distribué | G102: LD248815376FR | H102: PIRARD PATRICIA | I102: P | J102: =IF(COUNTIF(Pays!A:A,X102)=0,"Pays inconnu",_xlfn.XLOOKUP(X102,Pays!A:A,Pays!B:B)) -> BE | K102: =IF(COUNTIF(Pays!A:A,X102)=0,"Pays inconnu",_xlfn.XLOOKUP(X102,Pays!A:A,Pays!C:C)) -> 1_BE | L102: 1 | M102: =ROUND(MAX(P102:Q102),2) -> 0.25 | N102: avecsuivi | O102: =LOOKUP(X102,Pays!A:A,Pays!D:D) -> 0.2 | P102: 0.15 | Q102: 0.25 | U102: 1 | W102: =IF(COUNTIF(Pays!A:A,X102)=0,"",LOOKUP(X102,Pays!A:A,Pays!E:E)) -> 0 | X102: BELGIQUE
A103: 02/06/2026 | B103: DELIVENGO-LPPQ | C103: =C102 -> 46174 | F103: Distribué | G103: LD248818718FR | H103: WAUTELET ANNICK | I103: P | J103: =IF(COUNTIF(Pays!A:A,X103)=0,"Pays inconnu",_xlfn.XLOOKUP(X103,Pays!A:A,Pays!B:B)) -> BE | K103: =IF(COUNTIF(Pays!A:A,X103)=0,"Pays inconnu",_xlfn.XLOOKUP(X103,Pays!A:A,Pays!C:C)) -> 1_BE | L103: 1 | M103: =ROUND(MAX(P103:Q103),2) -> 0.26 | N103: avecsuivi | O103: =LOOKUP(X103,Pays!A:A,Pays!D:D) -> 0.2 | P103: 0.15 | Q103: 0.26 | U103: 1 | W103: =IF(COUNTIF(Pays!A:A,X103)=0,"",LOOKUP(X103,Pays!A:A,Pays!E:E)) -> 0 | X103: BELGIQUE
A104: 02/06/2026 | B104: DELIVENGO-LPPQ | C104: =C103 -> 46174 | F104: Distribué | G104: LD248822451FR | H104: PATON EMILY | I104: P | J104: =IF(COUNTIF(Pays!A:A,X104)=0,"Pays inconnu",_xlfn.XLOOKUP(X104,Pays!A:A,Pays!B:B)) -> GB | K104: =IF(COUNTIF(Pays!A:A,X104)=0,"Pays inconnu",_xlfn.XLOOKUP(X104,Pays!A:A,Pays!C:C)) -> 1_GB | L104: 1 | M104: =ROUND(MAX(P104:Q104),2) -> 0.16 | N104: avecsuivi | O104: =LOOKUP(X104,Pays!A:A,Pays!D:D) -> 0 | P104: 0.15 | Q104: 0.16 | U104: 1 | W104: =IF(COUNTIF(Pays!A:A,X104)=0,"",LOOKUP(X104,Pays!A:A,Pays!E:E)) -> 0 | X104: ROYAUME-UNI
A105: 02/06/2026 | B105: DELIVENGO-LPPQ | C105: =C104 -> 46174 | F105: Distribué | G105: LD248837045FR | H105: VOUARDOUX MELANY | I105: P | J105: =IF(COUNTIF(Pays!A:A,X105)=0,"Pays inconnu",_xlfn.XLOOKUP(X105,Pays!A:A,Pays!B:B)) -> CH | K105: =IF(COUNTIF(Pays!A:A,X105)=0,"Pays inconnu",_xlfn.XLOOKUP(X105,Pays!A:A,Pays!C:C)) -> 1_CH | L105: 1 | M105: =ROUND(MAX(P105:Q105),2) -> 0.21 | N105: avecsuivi | O105: =LOOKUP(X105,Pays!A:A,Pays!D:D) -> 0 | P105: 0.15 | Q105: 0.21 | U105: 1 | W105: =IF(COUNTIF(Pays!A:A,X105)=0,"",LOOKUP(X105,Pays!A:A,Pays!E:E)) -> 0 | X105: SUISSE
A106: 02/06/2026 | B106: DELIVENGO-LPPQ | C106: =C105 -> 46174 | F106: Distribué | G106: LD248840614FR | H106: STAHEL LINA | I106: P | J106: =IF(COUNTIF(Pays!A:A,X106)=0,"Pays inconnu",_xlfn.XLOOKUP(X106,Pays!A:A,Pays!B:B)) -> CH | K106: =IF(COUNTIF(Pays!A:A,X106)=0,"Pays inconnu",_xlfn.XLOOKUP(X106,Pays!A:A,Pays!C:C)) -> 1_CH | L106: 1 | M106: =ROUND(MAX(P106:Q106),2) -> 0.15 | N106: avecsuivi | O106: =LOOKUP(X106,Pays!A:A,Pays!D:D) -> 0 | P106: 0.15 | Q106: 0.07 | U106: 1 | W106: =IF(COUNTIF(Pays!A:A,X106)=0,"",LOOKUP(X106,Pays!A:A,Pays!E:E)) -> 0 | X106: SUISSE
A107: 02/06/2026 | B107: DELIVENGO-LPPQ | C107: =C106 -> 46174 | F107: Distribué | G107: LD248843641FR | H107: SCHWARZ MAJA | I107: P | J107: =IF(COUNTIF(Pays!A:A,X107)=0,"Pays inconnu",_xlfn.XLOOKUP(X107,Pays!A:A,Pays!B:B)) -> CH | K107: =IF(COUNTIF(Pays!A:A,X107)=0,"Pays inconnu",_xlfn.XLOOKUP(X107,Pays!A:A,Pays!C:C)) -> 1_CH | L107: 1 | M107: =ROUND(MAX(P107:Q107),2) -> 0.47 | N107: avecsuivi | O107: =LOOKUP(X107,Pays!A:A,Pays!D:D) -> 0 | P107: 0.15 | Q107: 0.47 | U107: 1 | W107: =IF(COUNTIF(Pays!A:A,X107)=0,"",LOOKUP(X107,Pays!A:A,Pays!E:E)) -> 0 | X107: SUISSE
A108: 02/06/2026 | B108: DELIVENGO-LPPQ | C108: =C107 -> 46174 | F108: Distribué | G108: LD248844956FR | H108: SOTERIOU JOHN | I108: P | J108: =IF(COUNTIF(Pays!A:A,X108)=0,"Pays inconnu",_xlfn.XLOOKUP(X108,Pays!A:A,Pays!B:B)) -> GB | K108: =IF(COUNTIF(Pays!A:A,X108)=0,"Pays inconnu",_xlfn.XLOOKUP(X108,Pays!A:A,Pays!C:C)) -> 1_GB | L108: 1 | M108: =ROUND(MAX(P108:Q108),2) -> 0.15 | N108: avecsuivi | O108: =LOOKUP(X108,Pays!A:A,Pays!D:D) -> 0 | P108: 0.15 | Q108: 0.11 | U108: 1 | W108: =IF(COUNTIF(Pays!A:A,X108)=0,"",LOOKUP(X108,Pays!A:A,Pays!E:E)) -> 0 | X108: ROYAUME-UNI
A109: 02/06/2026 | B109: DELIVENGO-LPPQ | C109: =C108 -> 46174 | F109: Distribué | G109: LD248854281FR | H109: DAVEY JILL | I109: P | J109: =IF(COUNTIF(Pays!A:A,X109)=0,"Pays inconnu",_xlfn.XLOOKUP(X109,Pays!A:A,Pays!B:B)) -> GB | K109: =IF(COUNTIF(Pays!A:A,X109)=0,"Pays inconnu",_xlfn.XLOOKUP(X109,Pays!A:A,Pays!C:C)) -> 1_GB | L109: 1 | M109: =ROUND(MAX(P109:Q109),2) -> 0.15 | N109: avecsuivi | O109: =LOOKUP(X109,Pays!A:A,Pays!D:D) -> 0 | P109: 0.15 | Q109: 0.03 | U109: 1 | W109: =IF(COUNTIF(Pays!A:A,X109)=0,"",LOOKUP(X109,Pays!A:A,Pays!E:E)) -> 0 | X109: ROYAUME-UNI
A110: 02/06/2026 | B110: DELIVENGO-LPPQ | C110: =C109 -> 46174 | F110: Distribué | G110: LD248854508FR | H110: BLETSAS DIMITRI | I110: P | J110: =IF(COUNTIF(Pays!A:A,X110)=0,"Pays inconnu",_xlfn.XLOOKUP(X110,Pays!A:A,Pays!B:B)) -> CH | K110: =IF(COUNTIF(Pays!A:A,X110)=0,"Pays inconnu",_xlfn.XLOOKUP(X110,Pays!A:A,Pays!C:C)) -> 1_CH | L110: 1 | M110: =ROUND(MAX(P110:Q110),2) -> 0.42 | N110: avecsuivi | O110: =LOOKUP(X110,Pays!A:A,Pays!D:D) -> 0 | P110: 0.15 | Q110: 0.42 | U110: 1 | W110: =IF(COUNTIF(Pays!A:A,X110)=0,"",LOOKUP(X110,Pays!A:A,Pays!E:E)) -> 0 | X110: SUISSE
A111: 02/06/2026 | B111: DELIVENGO-LPPQ | C111: =C110 -> 46174 | F111: Distribué | G111: LD248855640FR | H111: MARCHON ISABELLE | I111: P | J111: =IF(COUNTIF(Pays!A:A,X111)=0,"Pays inconnu",_xlfn.XLOOKUP(X111,Pays!A:A,Pays!B:B)) -> CH | K111: =IF(COUNTIF(Pays!A:A,X111)=0,"Pays inconnu",_xlfn.XLOOKUP(X111,Pays!A:A,Pays!C:C)) -> 1_CH | L111: 1 | M111: =ROUND(MAX(P111:Q111),2) -> 0.52 | N111: avecsuivi | O111: =LOOKUP(X111,Pays!A:A,Pays!D:D) -> 0 | P111: 0.15 | Q111: 0.52 | U111: 1 | W111: =IF(COUNTIF(Pays!A:A,X111)=0,"",LOOKUP(X111,Pays!A:A,Pays!E:E)) -> 0 | X111: SUISSE
A112: 02/06/2026 | B112: DELIVENGO-LPPQ | C112: =C111 -> 46174 | F112: Distribué | G112: LD248855888FR | H112: MIKULANDOVA KATARINA | I112: P | J112: =IF(COUNTIF(Pays!A:A,X112)=0,"Pays inconnu",_xlfn.XLOOKUP(X112,Pays!A:A,Pays!B:B)) -> CZ | K112: =IF(COUNTIF(Pays!A:A,X112)=0,"Pays inconnu",_xlfn.XLOOKUP(X112,Pays!A:A,Pays!C:C)) -> 1 | L112: 1 | M112: =ROUND(MAX(P112:Q112),2) -> 0.2 | N112: avecsuivi | O112: =LOOKUP(X112,Pays!A:A,Pays!D:D) -> 0.2 | P112: 0.15 | Q112: 0.2 | U112: 1 | W112: =IF(COUNTIF(Pays!A:A,X112)=0,"",LOOKUP(X112,Pays!A:A,Pays!E:E)) -> 0 | X112: TCHÈQUE, RÉPUBLIQUE
A113: 02/06/2026 | B113: DELIVENGO-LPPQ | C113: =C112 -> 46174 | F113: Distribué | G113: LD248857291FR | H113: JORIS FLORENCE | I113: P | J113: =IF(COUNTIF(Pays!A:A,X113)=0,"Pays inconnu",_xlfn.XLOOKUP(X113,Pays!A:A,Pays!B:B)) -> CH | K113: =IF(COUNTIF(Pays!A:A,X113)=0,"Pays inconnu",_xlfn.XLOOKUP(X113,Pays!A:A,Pays!C:C)) -> 1_CH | L113: 1 | M113: =ROUND(MAX(P113:Q113),2) -> 0.31 | N113: avecsuivi | O113: =LOOKUP(X113,Pays!A:A,Pays!D:D) -> 0 | P113: 0.15 | Q113: 0.31 | U113: 1 | W113: =IF(COUNTIF(Pays!A:A,X113)=0,"",LOOKUP(X113,Pays!A:A,Pays!E:E)) -> 0 | X113: SUISSE
... A115: 02/06/2026 | B115: DELIVENGO-LPPQ | C115: =C114 -> 46174 | F115: Distribué | G115: LD248867529FR | H115: VELS HELENA | I115: P | J115: =IF(COUNTIF(Pays!A:A,X115)=0,"Pays inconnu",_xlfn.XLOOKUP(X115,Pays!A:A,Pays!B:B)) -> EE | K115: =IF(COUNTIF(Pays!A:A,X115)=0,"Pays inconnu",_xlfn.XLOOKUP(X115,Pays!A:A,Pays!C:C)) -> 1 | L115: 1 | M115: =ROUND(MAX(P115:Q115),2) -> 0.35 | N115: avecsuivi | O115: =LOOKUP(X115,Pays!A:A,Pays!D:D) -> 0.2 | P115: 0.15 | Q115: 0.35 | U115: 1 | W115: =IF(COUNTIF(Pays!A:A,X115)=0,"",LOOKUP(X115,Pays!A:A,Pays!E:E)) -> 0 | X115: ESTONIE
A116: 02/06/2026 | B116: DELIVENGO-LPPQ | C116: =C115 -> 46174 | F116: Distribué | G116: LD248872577FR | H116: PEEK COLLETTE | I116: P | J116: =IF(COUNTIF(Pays!A:A,X116)=0,"Pays inconnu",_xlfn.XLOOKUP(X116,Pays!A:A,Pays!B:B)) -> NL | K116: =IF(COUNTIF(Pays!A:A,X116)=0,"Pays inconnu",_xlfn.XLOOKUP(X116,Pays!A:A,Pays!C:C)) -> 1 | L116: 1 | M116: =ROUND(MAX(P116:Q116),2) -> 0.15 | N116: avecsuivi | O116: =LOOKUP(X116,Pays!A:A,Pays!D:D) -> 0.2 | P116: 0.15 | U116: 1 | W116: =IF(COUNTIF(Pays!A:A,X116)=0,"",LOOKUP(X116,Pays!A:A,Pays!E:E)) -> 0 | X116: PAYS-BAS
A117: 02/06/2026 | B117: DELIVENGO-LPPQ | C117: =C116 -> 46174 | F117: Distribué | G117: LD248891528FR | H117: PELLISSIER JOHAN | I117: P | J117: =IF(COUNTIF(Pays!A:A,X117)=0,"Pays inconnu",_xlfn.XLOOKUP(X117,Pays!A:A,Pays!B:B)) -> CH | K117: =IF(COUNTIF(Pays!A:A,X117)=0,"Pays inconnu",_xlfn.XLOOKUP(X117,Pays!A:A,Pays!C:C)) -> 1_CH | L117: 1 | M117: =ROUND(MAX(P117:Q117),2) -> 0.77 | N117: avecsuivi | O117: =LOOKUP(X117,Pays!A:A,Pays!D:D) -> 0 | P117: 0.15 | Q117: 0.77 | U117: 1 | W117: =IF(COUNTIF(Pays!A:A,X117)=0,"",LOOKUP(X117,Pays!A:A,Pays!E:E)) -> 0 | X117: SUISSE
A118: 02/06/2026 | B118: DELIVENGO-LPPQ | C118: =C117 -> 46174 | F118: Distribué | G118: LD248892041FR | H118: SUELD ROSALIN | I118: P | J118: =IF(COUNTIF(Pays!A:A,X118)=0,"Pays inconnu",_xlfn.XLOOKUP(X118,Pays!A:A,Pays!B:B)) -> EE | K118: =IF(COUNTIF(Pays!A:A,X118)=0,"Pays inconnu",_xlfn.XLOOKUP(X118,Pays!A:A,Pays!C:C)) -> 1 | L118: 1 | M118: =ROUND(MAX(P118:Q118),2) -> 0.42 | N118: avecsuivi | O118: =LOOKUP(X118,Pays!A:A,Pays!D:D) -> 0.2 | P118: 0.15 | Q118: 0.42 | U118: 1 | W118: =IF(COUNTIF(Pays!A:A,X118)=0,"",LOOKUP(X118,Pays!A:A,Pays!E:E)) -> 0 | X118: ESTONIE
A119: 02/06/2026 | B119: DELIVENGO-LPPQ | C119: =C118 -> 46174 | F119: Distribué | G119: LD248894728FR | H119: DESDIONS ELOISE | I119: P | J119: =IF(COUNTIF(Pays!A:A,X119)=0,"Pays inconnu",_xlfn.XLOOKUP(X119,Pays!A:A,Pays!B:B)) -> CH | K119: =IF(COUNTIF(Pays!A:A,X119)=0,"Pays inconnu",_xlfn.XLOOKUP(X119,Pays!A:A,Pays!C:C)) -> 1_CH | L119: 1 | M119: =ROUND(MAX(P119:Q119),2) -> 0.42 | N119: avecsuivi | O119: =LOOKUP(X119,Pays!A:A,Pays!D:D) -> 0 | P119: 0.15 | Q119: 0.42 | U119: 1 | W119: =IF(COUNTIF(Pays!A:A,X119)=0,"",LOOKUP(X119,Pays!A:A,Pays!E:E)) -> 0 | X119: SUISSE
A120: 02/06/2026 | B120: DELIVENGO-LPPQ | C120: =C119 -> 46174 | F120: Distribué | G120: LD248895184FR | H120: BAUME OCEANE | I120: P | J120: =IF(COUNTIF(Pays!A:A,X120)=0,"Pays inconnu",_xlfn.XLOOKUP(X120,Pays!A:A,Pays!B:B)) -> CH | K120: =IF(COUNTIF(Pays!A:A,X120)=0,"Pays inconnu",_xlfn.XLOOKUP(X120,Pays!A:A,Pays!C:C)) -> 1_CH | L120: 1 | M120: =ROUND(MAX(P120:Q120),2) -> 0.42 | N120: avecsuivi | O120: =LOOKUP(X120,Pays!A:A,Pays!D:D) -> 0 | P120: 0.15 | Q120: 0.42 | U120: 1 | W120: =IF(COUNTIF(Pays!A:A,X120)=0,"",LOOKUP(X120,Pays!A:A,Pays!E:E)) -> 0 | X120: SUISSE
...
