Workbook

Sheet Bareme gazole
A1: De | B1: A | C1: Messagerie
A2: 0.7 | B2: 0.74 | C2: 0.008
A3: 0.75 | B3: 0.79 | C3: 0.0115
A4: 0.8 | B4: 0.84 | C4: 0.016
A5: 0.85 | B5: 0.89 | C5: 0.02
A6: 0.9 | B6: 0.94 | C6: 0.0245
A7: 0.95 | B7: 0.99 | C7: 0.0295
A8: 1 | B8: 1.04 | C8: 0.0355
A9: 1.05 | B9: 1.09 | C9: 0.04
A10: 1.1 | B10: 1.14 | C10: 0.0445
A11: 1.15 | B11: 1.19 | C11: 0.056
A12: 1.2 | B12: 1.24 | C12: 0.0615
A13: 1.25 | B13: 1.29 | C13: 0.069
... A40: 2.6 | B40: 2.64 | C40: 0.1695

Sheet Fichier Kuehne
A1: ID Client | B1: Tracking | C1: Total hors GO | D1: Total + GO | E1: Droits et taxes | F1: Assurance | G1: Zones éloignées | H1: Colis volumineux | I1: Adresses | J1: Frêt | K1: Plus value B2C | L1: Gazole | M1: No facture | N1: Date facture | O1: Payeur | P1: Ref pay | Q1: Année | R1: Expedition | S1: Ref EDI | T1: ComRefExpedition | U1: Incoterm | V1: Sens | W1: Perimetre | X1: Zip Code | Y1: Métier | Z1: Origine expédition | AA1: Km | AB1: EmissionCO2 | AC1: Date sais/Chg | AD1: Agence Saisie/Chgt | AE1: Expéditeur | AF1: Ref exp | AG1: Pays exp | AH1: Dept exp | AI1: Commune exp | AJ1: Date livraison | AK1: Destinataire | AL1: Ref dest | AM1: Pays dest | AN1: Dept dest | AO1: Commune dest | AP1: Type dest | AQ1: Contraintes livr dest | AR1: Nb colis | AS1: Nb UM | AT1: Poids | AU1: Poids taxable | AV1: Volume | AW1: Unité Taxe | AX1: Nb unité taxe | AY1: Mètres linéaires | AZ1: MD | BA1: MD(QT) | BB1: MD(QL) | BC1: MD(QE) | BD1: MD(BL) | BE1: Mode Port | BF1: Produit | BG1: Devise | BH1: Nb PAL EUR | BI1: Mt ASSIGNE | BJ1: Mt CR | BK1: Mt VD | BL1: Exonération TVA | BM1: Mt HT (hors frais) | BN1: Mt HT (avec frais) | BO1: PLTFM_LOGISTIQUE | BP1: NdS_Enlevement | BQ1: NdS_Livraison | BR1: Code_Gde_Longueur | BS1: Préavis_Téléphone | BT1: Préavis_SMS-Mail | BU1: Is_Douane | BV1: Is_Douane_Export_ST | BW1: Is_Douane_Import_ST | BX1: T_ADMC | BY1: T_ADMIN_ARRIVEE | BZ1: T_ADMIN_DEPART | CA1: T_ADMIN_FOURNISSEUR | CB1: T_ADM | CC1: T_APPROCHE_ENLEVEMENT | CD1: T_APPROCHE_LIVRAISON | CE1: T_ASSIGNE | CF1: T_CDE_MANU | CG1: T_CONTRE_REMBOUR | CH1: T_DOUANE_ANDORRE | CI1: T_DOUANE_CANARIES | CJ1: T_DOUANE_EXPORT | CK1: T_DOUANE_IMPORT | CL1: T_FRAIS_DOSSIER | CM1: T_FRET_SENSIBLE | CN1: T_GENERIQUE | CO1: T_HAYON | CP1: T_ILE | CQ1: T_MD_QL | CR1: T_MD_QT | CS1: T_PALETTE_EUR | CT1: T_PAQ_ARRIVEE | CU1: T_PAQC | CV1: T_PAQ_DEPART | CW1: T_PAQ_HUB_ENTREE | CX1: T_PAQ_HUB_SORTIE | CY1: T_PAQ | CZ1: T_PAQ_PORTE_ENTREE | DA1: T_PAQ_PORTE_SORTIE | DB1: T_PAQ_TRANSIT | DC1: T_PORTDU_APPRO | DD1: T_PORTEUR | DE1: T_PORTE_ENTREE | DF1: T_PORTE_SORTIE | DG1: T_PORT_PAYE | DH1: T_PRS | DI1: T_SAISO | DJ1: T_SAISO_2013 | DK1: T_SECU | DL1: T_SURCOUT_LIV_EXPRESS | DM1: T_LIV_SUPERMARCHE | DN1: T_LIV_URBAINE | DO1: T_T0 | DP1: T_T1 | DQ1: T_T2 | DR1: T_T3 | DS1: T_T4 | DT1: T_T5 | DU1: T_VALEUR_DECLARE | DV1: T_VD_VD | DW1: T_CORR_POIDS | DX1: T_EMBALLAGE | DY1: T_ENLEVEMENT_VIDE | DZ1: T_GESTION_PARTICULIER | EA1: T_LIV_ETAGE | EB1: T_LIV_HORS_CRENEAU | EC1: T_MD_APPROCHE_QL | ED1: T_MD_APPROCHE_QT | EE1: T_LIV_AEROPORT | EF1: T_LIV_PORTUAIRE | EG1: T_SOUFFRANCE | EH1: T_ANNULATION | EI1: T_ATTENTE_CHRGT | EJ1: T_ATTENTE_DECHRGT | EK1: T_CROSS_DOCK | EL1: T_EKAER | EM1: T_IMMO_CHRGT | EN1: T_IMMO_DECHRGT | EO1: T_MAUT | EP1: T_STOP | EQ1: T_GAZOLE | ER1: T_PDT_FIRST | ES1: T_PDT_FIX | ET1: T_AUTOROUTE | EU1: T_CONTROLE_TEMP | EV1: T_DOUBLE_DECK | EW1: T_ESCORTE | EX1: T_FERRY | EY1: T_GENERATRICE | EZ1: T_MANUTENTION | FA1: T_KM_SUPPL | FB1: T_BELGE | FC1: T_FRAIS_TUNNEL | FD1: T_GEST_EMBAL | FE1: T_LIV_WEST | FF1: T_ENTREE | FG1: T_SORTIE | FH1: T_GRUE | FI1: T_INSTAL | FJ1: T_ASSUR | FK1: T_GEST_STOCK | FL1: T_IMMO_JOURF | FM1: T_PARK_SEC | FN1: T_IMP_TICKET | FO1: T_DOUANE_INSPECT | FP1: T_DOUB_CHAUF | FQ1: T_ANNUL_PARTIEL | FR1: T_PACKLIST | FS1: T_ATTENTE_DOUANE | FT1: T_IMMO_DOUANE | FU1: T_LIV_PLTFM_LOGISTIQUE | FV1: T_01_RDV | FW1: T_02_AVIS_TEL | FX1: T_501_LG_LIGHT | FY1: T_502_AVIS_SMS | FZ1: T_503_LIV_PM | GA1: T_504_LIV_SOIR | GB1: T_505_LIV_FIXE | GC1: T_511_AVT_10 | GD1: T_512_AVT_12 | GE1: T_70_ENLEV_RDV | GF1: T_755_RDV_4H | GG1: T_88_LG_HEAVY | GH1: T_EVT_EXCEP | GI1: T_UIT | GJ1: T_BAT_LIT | GK1: T_CHR_AVT_11 | GL1: T_ENS | GM1: T_ENERGIE
B2: =IF(S2<>"",S2,T2) -> 5001334 | C2: =SUM(E2:K2) -> 29.38 | D2: =SUM(E2:L2) -> 29.38 | E2: =IF(BU2+BV2+BW2+CH2+CI2+CJ2+CK2+FO2+FS2+FT2=0,"",BU2+BV2+BW2+CH2+CI2+CJ2+CK2+FO2+FS2+FT2) | F2: =IF(FJ2=0,"",FJ2) | G2: =IF(CP2+DM2+DN2+EE2+EX2+EF2=0,"",CP2+DM2+DN2+EE2+EX2+EF2) | H2: =IF(DW2=0,"",DW2) | I2: =IF(DZ2+EA2+EG2=0,"",DZ2+EA2+EG2) | J2: =IF(BM2+BS2+BT2+BY2+BZ2+CA2+CB2+CC2+CD2+CE2+CF2+CG2+CL2+CM2+CN2+CO2+CQ2+CR2+CT2+CU2+CV2+CW2+CX2+CY2+CZ2+DA2+DB2+DC2+DD2+DE2+DF2+DG2+DH2+DI2+DJ2+DK2+DL2+DO2+DP2+DQ2+DR2+DS2+DT2+DY2+EB2+EC2+ED2+EH2+EI2+EJ2+EK2+EL2+EM2+EN2+EO2+EP2+ER2+ES2+ET2+EU2+EV2+EW2+EY2+EZ2+FA2+FB2+FC2+FD2+FE2+FF2+FG2+FH2+FI2+FK2+FL2+FM2+FN2+FP2+FQ2+FR2+FU2+FV2+FW2+FX2+FY2+FZ2+GA2+GB2+GC2+GD2+GE2+GF2+GG2+GH2+GI2+GJ2+GK2+GL2+GM2=0,"",BM2+BS2+BT2+BY2+BZ2+CA2+CB2+CC2+CD2+CE2+CF2+CG2+CL2+CM2+CN2+CO2+CQ2+CR2+CT2+CU2+CV2+CW2+CX2+CY2+CZ2+DA2+DB2+DC2+DD2+DE2+DF2+DG2+DH2+DI2+DJ2+DK2+DL2+DO2+DP2+DQ2+DR2+DS2+DT2+DY2+EB2+EC2+ED2+EH2+EI2+EJ2+EK2+EL2+EM2+EN2+EO2+EP2+ER2+ES2+ET2+EU2+EV2+EW2+EY2+EZ2+FA2+FB2+FC2+FD2+FE2+FF2+FG2+FH2+FI2+FK2+FL2+FM2+FN2+FP2+FQ2+FR2+FU2+FV2+FW2+FX2+FY2+FZ2+GA2+GB2+GC2+GD2+GE2+GF2+GG2+GH2+GI2+GJ2+GK2+GL2+GM2) -> 29.38 | K2: =DX2+CS2 -> 0 | L2: =BN2-C2 -> 0 | M2: F2606017122 | N2: 46203 | O2: 9505289-C01 | P2: 5001334 | Q2: 2026 | R2: 26-05-0838077 | S2: 5001334 | T2: 26A050838077 | U2: DAP | V2: DOMESTIC | W2: DOMESTIC | X2: 34570 | Y2: MESS | Z2: EDI | AA2: 560 | AC2: 46171 | AD2: 21 | AE2: LA RUCHE LOGISTIQUE | AF2: 5001334 | AG2: FR | AH2: 21 | AI2: CREANCEY | AJ2: 46178 | AK2: HASARD Françoise (ENTREPRISE) | AL2: 5001334 | AM2: FR | AN2: 34 | AO2: MURVIEL LES MONTPELLIER | AR2: 1 | AS2: 1 | AT2: 1 | AU2: 5 | AV2: 0.02 | AW2: KG | AX2: 1 | AY2: 0 | BE2: PORTPAYE | BF2: STANDARD | BG2: EUR | BM2: 21.78 | BN2: 29.38 | BQ2: LSTANDARD | DI2: 5.45 | DK2: 2 | GM2: 0.15
B3: =IF(S3<>"",S3,T3) -> 5001333 | C3: =SUM(E3:K3) -> 25.14 | D3: =SUM(E3:L3) -> 25.14 | E3: =IF(BU3+BV3+BW3+CH3+CI3+CJ3+CK3+FO3+FS3+FT3=0,"",BU3+BV3+BW3+CH3+CI3+CJ3+CK3+FO3+FS3+FT3) | F3: =IF(FJ3=0,"",FJ3) | G3: =IF(CP3+DM3+DN3+EE3+EX3+EF3=0,"",CP3+DM3+DN3+EE3+EX3+EF3) | H3: =IF(DW3=0,"",DW3) | I3: =IF(DZ3+EA3+EG3=0,"",DZ3+EA3+EG3) | J3: =IF(BM3+BS3+BT3+BY3+BZ3+CA3+CB3+CC3+CD3+CE3+CF3+CG3+CL3+CM3+CN3+CO3+CQ3+CR3+CT3+CU3+CV3+CW3+CX3+CY3+CZ3+DA3+DB3+DC3+DD3+DE3+DF3+DG3+DH3+DI3+DJ3+DK3+DL3+DO3+DP3+DQ3+DR3+DS3+DT3+DY3+EB3+EC3+ED3+EH3+EI3+EJ3+EK3+EL3+EM3+EN3+EO3+EP3+ER3+ES3+ET3+EU3+EV3+EW3+EY3+EZ3+FA3+FB3+FC3+FD3+FE3+FF3+FG3+FH3+FI3+FK3+FL3+FM3+FN3+FP3+FQ3+FR3+FU3+FV3+FW3+FX3+FY3+FZ3+GA3+GB3+GC3+GD3+GE3+GF3+GG3+GH3+GI3+GJ3+GK3+GL3+GM3=0,"",BM3+BS3+BT3+BY3+BZ3+CA3+CB3+CC3+CD3+CE3+CF3+CG3+CL3+CM3+CN3+CO3+CQ3+CR3+CT3+CU3+CV3+CW3+CX3+CY3+CZ3+DA3+DB3+DC3+DD3+DE3+DF3+DG3+DH3+DI3+DJ3+DK3+DL3+DO3+DP3+DQ3+DR3+DS3+DT3+DY3+EB3+EC3+ED3+EH3+EI3+EJ3+EK3+EL3+EM3+EN3+EO3+EP3+ER3+ES3+ET3+EU3+EV3+EW3+EY3+EZ3+FA3+FB3+FC3+FD3+FE3+FF3+FG3+FH3+FI3+FK3+FL3+FM3+FN3+FP3+FQ3+FR3+FU3+FV3+FW3+FX3+FY3+FZ3+GA3+GB3+GC3+GD3+GE3+GF3+GG3+GH3+GI3+GJ3+GK3+GL3+GM3) -> 25.14 | K3: =DX3+CS3 -> 0 | L3: =BN3-C3 -> 0 | M3: F2606017122 | N3: 46203 | O3: 9505289-C01 | P3: 5001333 | Q3: 2026 | R3: 26-05-0838106 | S3: 5001333 | T3: 26A050838106 | U3: DAP | V3: DOMESTIC | W3: DOMESTIC | X3: 78140 | Y3: MESS | Z3: EDI | AA3: 467 | AC3: 46171 | AD3: 21 | AE3: LA RUCHE LOGISTIQUE | AF3: 5001333 | AG3: FR | AH3: 21 | AI3: CREANCEY | AJ3: 46177 | AK3: LACHAUX Guillaume (ENTREPRISE) | AL3: 5001333 | AM3: FR | AN3: 78 | AO3: VELIZY VILLACOUBLAY | AR3: 1 | AS3: 1 | AT3: 6 | AU3: 13 | AV3: 0.05 | AW3: KG | AX3: 6 | AY3: 0 | BE3: PORTPAYE | BF3: STANDARD | BG3: EUR | BM3: 22.99 | BN3: 25.14 | BQ3: LSTANDARD | DK3: 2 | GM3: 0.15
B4: =IF(S4<>"",S4,T4) -> 26A060014947 | C4: =SUM(E4:K4) -> 300 | D4: =SUM(E4:L4) -> 300 | E4: =IF(BU4+BV4+BW4+CH4+CI4+CJ4+CK4+FO4+FS4+FT4=0,"",BU4+BV4+BW4+CH4+CI4+CJ4+CK4+FO4+FS4+FT4) | F4: =IF(FJ4=0,"",FJ4) | G4: =IF(CP4+DM4+DN4+EE4+EX4+EF4=0,"",CP4+DM4+DN4+EE4+EX4+EF4) | H4: =IF(DW4=0,"",DW4) | I4: =IF(DZ4+EA4+EG4=0,"",DZ4+EA4+EG4) | J4: =IF(BM4+BS4+BT4+BY4+BZ4+CA4+CB4+CC4+CD4+CE4+CF4+CG4+CL4+CM4+CN4+CO4+CQ4+CR4+CT4+CU4+CV4+CW4+CX4+CY4+CZ4+DA4+DB4+DC4+DD4+DE4+DF4+DG4+DH4+DI4+DJ4+DK4+DL4+DO4+DP4+DQ4+DR4+DS4+DT4+DY4+EB4+EC4+ED4+EH4+EI4+EJ4+EK4+EL4+EM4+EN4+EO4+EP4+ER4+ES4+ET4+EU4+EV4+EW4+EY4+EZ4+FA4+FB4+FC4+FD4+FE4+FF4+FG4+FH4+FI4+FK4+FL4+FM4+FN4+FP4+FQ4+FR4+FU4+FV4+FW4+FX4+FY4+FZ4+GA4+GB4+GC4+GD4+GE4+GF4+GG4+GH4+GI4+GJ4+GK4+GL4+GM4=0,"",BM4+BS4+BT4+BY4+BZ4+CA4+CB4+CC4+CD4+CE4+CF4+CG4+CL4+CM4+CN4+CO4+CQ4+CR4+CT4+CU4+CV4+CW4+CX4+CY4+CZ4+DA4+DB4+DC4+DD4+DE4+DF4+DG4+DH4+DI4+DJ4+DK4+DL4+DO4+DP4+DQ4+DR4+DS4+DT4+DY4+EB4+EC4+ED4+EH4+EI4+EJ4+EK4+EL4+EM4+EN4+EO4+EP4+ER4+ES4+ET4+EU4+EV4+EW4+EY4+EZ4+FA4+FB4+FC4+FD4+FE4+FF4+FG4+FH4+FI4+FK4+FL4+FM4+FN4+FP4+FQ4+FR4+FU4+FV4+FW4+FX4+FY4+FZ4+GA4+GB4+GC4+GD4+GE4+GF4+GG4+GH4+GI4+GJ4+GK4+GL4+GM4) -> 300 | K4: =DX4+CS4 -> 0 | L4: =BN4-C4 -> 0 | M4: F2606017122 | N4: 46203 | O4: 9505289-C01 | Q4: 2026 | R4: 26-06-0014947 | T4: 26A060014947 | U4: EXW | V4: DOMESTIC | W4: DOMESTIC | X4: 21320 | Y4: AFFR | AA4: 60 | AC4: 46176 | AD4: 21 | AE4: STG | AG4: FR | AH4: 21 | AI4: LONGVIC | AJ4: 46177 | AK4: LA RUCHE LOGISTIQUE | AM4: FR | AN4: 21 | AO4: CREANCEY | AR4: 33 | AS4: 33 | AT4: 25000 | AU4: 0 | AV4: 0 | AW4: Pal | AX4: 33 | AY4: 13.4 | BE4: APPRO | BF4: AFFRET | BG4: EUR | BM4: 300 | BN4: 300
B5: =IF(S5<>"",S5,T5) -> 5001336 | C5: =SUM(E5:K5) -> 32.9 | D5: =SUM(E5:L5) -> 32.9 | E5: =IF(BU5+BV5+BW5+CH5+CI5+CJ5+CK5+FO5+FS5+FT5=0,"",BU5+BV5+BW5+CH5+CI5+CJ5+CK5+FO5+FS5+FT5) | F5: =IF(FJ5=0,"",FJ5) | G5: =IF(CP5+DM5+DN5+EE5+EX5+EF5=0,"",CP5+DM5+DN5+EE5+EX5+EF5) | H5: =IF(DW5=0,"",DW5) | I5: =IF(DZ5+EA5+EG5=0,"",DZ5+EA5+EG5) | J5: =IF(BM5+BS5+BT5+BY5+BZ5+CA5+CB5+CC5+CD5+CE5+CF5+CG5+CL5+CM5+CN5+CO5+CQ5+CR5+CT5+CU5+CV5+CW5+CX5+CY5+CZ5+DA5+DB5+DC5+DD5+DE5+DF5+DG5+DH5+DI5+DJ5+DK5+DL5+DO5+DP5+DQ5+DR5+DS5+DT5+DY5+EB5+EC5+ED5+EH5+EI5+EJ5+EK5+EL5+EM5+EN5+EO5+EP5+ER5+ES5+ET5+EU5+EV5+EW5+EY5+EZ5+FA5+FB5+FC5+FD5+FE5+FF5+FG5+FH5+FI5+FK5+FL5+FM5+FN5+FP5+FQ5+FR5+FU5+FV5+FW5+FX5+FY5+FZ5+GA5+GB5+GC5+GD5+GE5+GF5+GG5+GH5+GI5+GJ5+GK5+GL5+GM5=0,"",BM5+BS5+BT5+BY5+BZ5+CA5+CB5+CC5+CD5+CE5+CF5+CG5+CL5+CM5+CN5+CO5+CQ5+CR5+CT5+CU5+CV5+CW5+CX5+CY5+CZ5+DA5+DB5+DC5+DD5+DE5+DF5+DG5+DH5+DI5+DJ5+DK5+DL5+DO5+DP5+DQ5+DR5+DS5+DT5+DY5+EB5+EC5+ED5+EH5+EI5+EJ5+EK5+EL5+EM5+EN5+EO5+EP5+ER5+ES5+ET5+EU5+EV5+EW5+EY5+EZ5+FA5+FB5+FC5+FD5+FE5+FF5+FG5+FH5+FI5+FK5+FL5+FM5+FN5+FP5+FQ5+FR5+FU5+FV5+FW5+FX5+FY5+FZ5+GA5+GB5+GC5+GD5+GE5+GF5+GG5+GH5+GI5+GJ5+GK5+GL5+GM5) -> 32.9 | K5: =DX5+CS5 -> 0 | L5: =BN5-C5 -> 0 | M5: F2606017122 | N5: 46203 | O5: 9505289-C01 | P5: 5001336 | Q5: 2026 | R5: 26-06-0049541 | S5: 5001336 | T5: 26A060049541 | U5: DAP | V5: DOMESTIC | W5: DOMESTIC | X5: 30800 | Y5: MESS | Z5: EDI | AA5: 540 | AC5: 46174 | AD5: 21 | AE5: LA RUCHE LOGISTIQUE | AF5: 5001336 | AG5: FR | AH5: 21 | AI5: CREANCEY | AJ5: 46183 | AK5: Gregory TUDELA (ENTREPRISE) | AL5: 5001336 | AM5: FR | AN5: 30 | AO5: ST GILLES | AR5: 1 | AS5: 1 | AT5: 10 | AU5: 40 | AV5: 0.16 | AW5: KG | AX5: 10 | AY5: 0 | BE5: PORTPAYE | BF5: STANDARD | BG5: EUR | BM5: 24.6 | BN5: 32.9 | BQ5: LSTANDARD | DI5: 6.15 | DK5: 2 | GM5: 0.15
B6: =IF(S6<>"",S6,T6) -> EXP20260529-2770114 | C6: =SUM(E6:K6) -> 76.66 | D6: =SUM(E6:L6) -> 76.66 | E6: =IF(BU6+BV6+BW6+CH6+CI6+CJ6+CK6+FO6+FS6+FT6=0,"",BU6+BV6+BW6+CH6+CI6+CJ6+CK6+FO6+FS6+FT6) | F6: =IF(FJ6=0,"",FJ6) | G6: =IF(CP6+DM6+DN6+EE6+EX6+EF6=0,"",CP6+DM6+DN6+EE6+EX6+EF6) | H6: =IF(DW6=0,"",DW6) | I6: =IF(DZ6+EA6+EG6=0,"",DZ6+EA6+EG6) | J6: =IF(BM6+BS6+BT6+BY6+BZ6+CA6+CB6+CC6+CD6+CE6+CF6+CG6+CL6+CM6+CN6+CO6+CQ6+CR6+CT6+CU6+CV6+CW6+CX6+CY6+CZ6+DA6+DB6+DC6+DD6+DE6+DF6+DG6+DH6+DI6+DJ6+DK6+DL6+DO6+DP6+DQ6+DR6+DS6+DT6+DY6+EB6+EC6+ED6+EH6+EI6+EJ6+EK6+EL6+EM6+EN6+EO6+EP6+ER6+ES6+ET6+EU6+EV6+EW6+EY6+EZ6+FA6+FB6+FC6+FD6+FE6+FF6+FG6+FH6+FI6+FK6+FL6+FM6+FN6+FP6+FQ6+FR6+FU6+FV6+FW6+FX6+FY6+FZ6+GA6+GB6+GC6+GD6+GE6+GF6+GG6+GH6+GI6+GJ6+GK6+GL6+GM6=0,"",BM6+BS6+BT6+BY6+BZ6+CA6+CB6+CC6+CD6+CE6+CF6+CG6+CL6+CM6+CN6+CO6+CQ6+CR6+CT6+CU6+CV6+CW6+CX6+CY6+CZ6+DA6+DB6+DC6+DD6+DE6+DF6+DG6+DH6+DI6+DJ6+DK6+DL6+DO6+DP6+DQ6+DR6+DS6+DT6+DY6+EB6+EC6+ED6+EH6+EI6+EJ6+EK6+EL6+EM6+EN6+EO6+EP6+ER6+ES6+ET6+EU6+EV6+EW6+EY6+EZ6+FA6+FB6+FC6+FD6+FE6+FF6+FG6+FH6+FI6+FK6+FL6+FM6+FN6+FP6+FQ6+FR6+FU6+FV6+FW6+FX6+FY6+FZ6+GA6+GB6+GC6+GD6+GE6+GF6+GG6+GH6+GI6+GJ6+GK6+GL6+GM6) -> 76.66 | K6: =DX6+CS6 -> 0 | L6: =BN6-C6 -> 0 | M6: F2606017122 | N6: 46203 | O6: 9505289-C01 | P6: EXP20260529-2770114 | Q6: 2026 | R6: 26-06-0049547 | S6: EXP20260529-2770114 | T6: 26A060049547 | U6: DAP | V6: DOMESTIC | W6: DOMESTIC | X6: 83920 | Y6: MESS | Z6: EDI | AA6: 599 | AC6: 46174 | AD6: 21 | AE6: LA RUCHE LOGISTIQUE | AF6: EXP20260529-2770114 | AG6: FR | AH6: 21 | AI6: CREANCEY | AJ6: 46176 | AK6: GAEC Terres d'Esclans RAYMOND Fabri (ENTREPRISE) | AL6: EXP20260529-2770114 | AM6: FR | AN6: 83 | AO6: LA MOTTE | AR6: 1 | AS6: 1 | AT6: 134 | AU6: 134 | AV6: 0 | AW6: KG | AX6: 134 | AY6: 0 | BE6: PORTPAYE | BF6: STANDARD | BG6: EUR | BM6: 59.61 | BN6: 76.66 | BQ6: LSTANDARD | DI6: 14.9 | DK6: 2 | GM6: 0.15
B7: =IF(S7<>"",S7,T7) -> EXP20260601-2772380 | C7: =SUM(E7:K7) -> 33.85 | D7: =SUM(E7:L7) -> 33.85 | E7: =IF(BU7+BV7+BW7+CH7+CI7+CJ7+CK7+FO7+FS7+FT7=0,"",BU7+BV7+BW7+CH7+CI7+CJ7+CK7+FO7+FS7+FT7) | F7: =IF(FJ7=0,"",FJ7) | G7: =IF(CP7+DM7+DN7+EE7+EX7+EF7=0,"",CP7+DM7+DN7+EE7+EX7+EF7) | H7: =IF(DW7=0,"",DW7) | I7: =IF(DZ7+EA7+EG7=0,"",DZ7+EA7+EG7) | J7: =IF(BM7+BS7+BT7+BY7+BZ7+CA7+CB7+CC7+CD7+CE7+CF7+CG7+CL7+CM7+CN7+CO7+CQ7+CR7+CT7+CU7+CV7+CW7+CX7+CY7+CZ7+DA7+DB7+DC7+DD7+DE7+DF7+DG7+DH7+DI7+DJ7+DK7+DL7+DO7+DP7+DQ7+DR7+DS7+DT7+DY7+EB7+EC7+ED7+EH7+EI7+EJ7+EK7+EL7+EM7+EN7+EO7+EP7+ER7+ES7+ET7+EU7+EV7+EW7+EY7+EZ7+FA7+FB7+FC7+FD7+FE7+FF7+FG7+FH7+FI7+FK7+FL7+FM7+FN7+FP7+FQ7+FR7+FU7+FV7+FW7+FX7+FY7+FZ7+GA7+GB7+GC7+GD7+GE7+GF7+GG7+GH7+GI7+GJ7+GK7+GL7+GM7=0,"",BM7+BS7+BT7+BY7+BZ7+CA7+CB7+CC7+CD7+CE7+CF7+CG7+CL7+CM7+CN7+CO7+CQ7+CR7+CT7+CU7+CV7+CW7+CX7+CY7+CZ7+DA7+DB7+DC7+DD7+DE7+DF7+DG7+DH7+DI7+DJ7+DK7+DL7+DO7+DP7+DQ7+DR7+DS7+DT7+DY7+EB7+EC7+ED7+EH7+EI7+EJ7+EK7+EL7+EM7+EN7+EO7+EP7+ER7+ES7+ET7+EU7+EV7+EW7+EY7+EZ7+FA7+FB7+FC7+FD7+FE7+FF7+FG7+FH7+FI7+FK7+FL7+FM7+FN7+FP7+FQ7+FR7+FU7+FV7+FW7+FX7+FY7+FZ7+GA7+GB7+GC7+GD7+GE7+GF7+GG7+GH7+GI7+GJ7+GK7+GL7+GM7) -> 33.85 | K7: =DX7+CS7 -> 0 | L7: =BN7-C7 -> 0 | M7: F2606017122 | N7: 46203 | O7: 9505289-C01 | P7: EXP20260601-2772380 | Q7: 2026 | R7: 26-06-0049550 | S7: EXP20260601-2772380 | T7: 26A060049550 | U7: DAP | V7: DOMESTIC | W7: DOMESTIC | X7: 34290 | Y7: MESS | Z7: EDI | AA7: 695 | AC7: 46174 | AD7: 21 | AE7: LA RUCHE LOGISTIQUE | AF7: EXP20260601-2772380 | AG7: FR | AH7: 21 | AI7: CREANCEY | AJ7: 46176 | AK7: GAEC LAROSE LAROSE JOEL (ENTREPRISE) | AL7: EXP20260601-2772380 | AM7: FR | AN7: 34 | AO7: ALIGNAN DU VENT | AR7: 1 | AS7: 1 | AT7: 13 | AU7: 13 | AV7: 0 | AW7: KG | AX7: 13 | AY7: 0 | BE7: PORTPAYE | BF7: STANDARD | BG7: EUR | BM7: 25.36 | BN7: 33.85 | BQ7: LSTANDARD | DI7: 6.34 | DK7: 2 | GM7: 0.15
B8: =IF(S8<>"",S8,T8) -> EXP20260601-2772379 | C8: =SUM(E8:K8) -> 55.86 | D8: =SUM(E8:L8) -> 55.86 | E8: =IF(BU8+BV8+BW8+CH8+CI8+CJ8+CK8+FO8+FS8+FT8=0,"",BU8+BV8+BW8+CH8+CI8+CJ8+CK8+FO8+FS8+FT8) | F8: =IF(FJ8=0,"",FJ8) | G8: =IF(CP8+DM8+DN8+EE8+EX8+EF8=0,"",CP8+DM8+DN8+EE8+EX8+EF8) | H8: =IF(DW8=0,"",DW8) | I8: =IF(DZ8+EA8+EG8=0,"",DZ8+EA8+EG8) | J8: =IF(BM8+BS8+BT8+BY8+BZ8+CA8+CB8+CC8+CD8+CE8+CF8+CG8+CL8+CM8+CN8+CO8+CQ8+CR8+CT8+CU8+CV8+CW8+CX8+CY8+CZ8+DA8+DB8+DC8+DD8+DE8+DF8+DG8+DH8+DI8+DJ8+DK8+DL8+DO8+DP8+DQ8+DR8+DS8+DT8+DY8+EB8+EC8+ED8+EH8+EI8+EJ8+EK8+EL8+EM8+EN8+EO8+EP8+ER8+ES8+ET8+EU8+EV8+EW8+EY8+EZ8+FA8+FB8+FC8+FD8+FE8+FF8+FG8+FH8+FI8+FK8+FL8+FM8+FN8+FP8+FQ8+FR8+FU8+FV8+FW8+FX8+FY8+FZ8+GA8+GB8+GC8+GD8+GE8+GF8+GG8+GH8+GI8+GJ8+GK8+GL8+GM8=0,"",BM8+BS8+BT8+BY8+BZ8+CA8+CB8+CC8+CD8+CE8+CF8+CG8+CL8+CM8+CN8+CO8+CQ8+CR8+CT8+CU8+CV8+CW8+CX8+CY8+CZ8+DA8+DB8+DC8+DD8+DE8+DF8+DG8+DH8+DI8+DJ8+DK8+DL8+DO8+DP8+DQ8+DR8+DS8+DT8+DY8+EB8+EC8+ED8+EH8+EI8+EJ8+EK8+EL8+EM8+EN8+EO8+EP8+ER8+ES8+ET8+EU8+EV8+EW8+EY8+EZ8+FA8+FB8+FC8+FD8+FE8+FF8+FG8+FH8+FI8+FK8+FL8+FM8+FN8+FP8+FQ8+FR8+FU8+FV8+FW8+FX8+FY8+FZ8+GA8+GB8+GC8+GD8+GE8+GF8+GG8+GH8+GI8+GJ8+GK8+GL8+GM8) -> 55.86 | K8: =DX8+CS8 -> 0 | L8: =BN8-C8 -> 0 | M8: F2606017122 | N8: 46203 | O8: 9505289-C01 | P8: EXP20260601-2772379 | Q8: 2026 | R8: 26-06-0049553 | S8: EXP20260601-2772379 | T8: 26A060049553 | U8: DAP | V8: DOMESTIC | W8: DOMESTIC | X8: 11300 | Y8: MESS | Z8: EDI | AA8: 847 | AC8: 46174 | AD8: 21 | AE8: LA RUCHE LOGISTIQUE | AF8: EXP20260601-2772379 | AG8: FR | AH8: 21 | AI8: CREANCEY | AJ8: 46178 | AK8: SAS La Martine Brune CLAEYS (ENTREPRISE) | AL8: EXP20260601-2772379 | AM8: FR | AN8: 11 | AO8: CASTELRENG | AR8: 1 | AS8: 1 | AT8: 72 | AU8: 72 | AV8: 0 | AW8: KG | AX8: 72 | AY8: 0 | BE8: PORTPAYE | BF8: STANDARD | BG8: EUR | BM8: 42.97 | BN8: 55.86 | BQ8: LSTANDARD | DI8: 10.74 | DK8: 2 | GM8: 0.15
B9: =IF(S9<>"",S9,T9) -> EXP20260528-2768110 | C9: =SUM(E9:K9) -> 42.96 | D9: =SUM(E9:L9) -> 42.96 | E9: =IF(BU9+BV9+BW9+CH9+CI9+CJ9+CK9+FO9+FS9+FT9=0,"",BU9+BV9+BW9+CH9+CI9+CJ9+CK9+FO9+FS9+FT9) | F9: =IF(FJ9=0,"",FJ9) | G9: =IF(CP9+DM9+DN9+EE9+EX9+EF9=0,"",CP9+DM9+DN9+EE9+EX9+EF9) -> 7 | H9: =IF(DW9=0,"",DW9) | I9: =IF(DZ9+EA9+EG9=0,"",DZ9+EA9+EG9) | J9: =IF(BM9+BS9+BT9+BY9+BZ9+CA9+CB9+CC9+CD9+CE9+CF9+CG9+CL9+CM9+CN9+CO9+CQ9+CR9+CT9+CU9+CV9+CW9+CX9+CY9+CZ9+DA9+DB9+DC9+DD9+DE9+DF9+DG9+DH9+DI9+DJ9+DK9+DL9+DO9+DP9+DQ9+DR9+DS9+DT9+DY9+EB9+EC9+ED9+EH9+EI9+EJ9+EK9+EL9+EM9+EN9+EO9+EP9+ER9+ES9+ET9+EU9+EV9+EW9+EY9+EZ9+FA9+FB9+FC9+FD9+FE9+FF9+FG9+FH9+FI9+FK9+FL9+FM9+FN9+FP9+FQ9+FR9+FU9+FV9+FW9+FX9+FY9+FZ9+GA9+GB9+GC9+GD9+GE9+GF9+GG9+GH9+GI9+GJ9+GK9+GL9+GM9=0,"",BM9+BS9+BT9+BY9+BZ9+CA9+CB9+CC9+CD9+CE9+CF9+CG9+CL9+CM9+CN9+CO9+CQ9+CR9+CT9+CU9+CV9+CW9+CX9+CY9+CZ9+DA9+DB9+DC9+DD9+DE9+DF9+DG9+DH9+DI9+DJ9+DK9+DL9+DO9+DP9+DQ9+DR9+DS9+DT9+DY9+EB9+EC9+ED9+EH9+EI9+EJ9+EK9+EL9+EM9+EN9+EO9+EP9+ER9+ES9+ET9+EU9+EV9+EW9+EY9+EZ9+FA9+FB9+FC9+FD9+FE9+FF9+FG9+FH9+FI9+FK9+FL9+FM9+FN9+FP9+FQ9+FR9+FU9+FV9+FW9+FX9+FY9+FZ9+GA9+GB9+GC9+GD9+GE9+GF9+GG9+GH9+GI9+GJ9+GK9+GL9+GM9) -> 35.96 | K9: =DX9+CS9 -> 0 | L9: =BN9-C9 -> 0 | M9: F2606017122 | N9: 46203 | O9: 9505289-C01 | P9: EXP20260528-2768110 | Q9: 2026 | R9: 26-06-0049556 | S9: EXP20260528-2768110 | T9: 26A060049556 | U9: DAP | V9: DOMESTIC | W9: DOMESTIC | X9: 93200 | Y9: MESS | Z9: EDI | AA9: 413 | AC9: 46174 | AD9: 21 | AE9: LA RUCHE LOGISTIQUE | AF9: EXP20260528-2768110 | AG9: FR | AH9: 21 | AI9: CREANCEY | AJ9: 46178 | AK9: LA GRANDE PHARMACIE DE ST DENIS Sab (ENTREPRISE) | AL9: EXP20260528-2768110 | AM9: FR | AN9: 93 | AO9: ST DENIS | AR9: 1 | AS9: 1 | AT9: 38 | AU9: 38 | AV9: 0 | AW9: KG | AX9: 38 | AY9: 0 | BE9: PORTPAYE | BF9: STANDARD | BG9: EUR | BM9: 33.81 | BN9: 42.96 | BQ9: LSTANDARD | DK9: 2 | DN9: 7 | GM9: 0.15
B10: =IF(S10<>"",S10,T10) -> EXP20260601-2772378 | C10: =SUM(E10:K10) -> 55.09 | D10: =SUM(E10:L10) -> 55.09 | E10: =IF(BU10+BV10+BW10+CH10+CI10+CJ10+CK10+FO10+FS10+FT10=0,"",BU10+BV10+BW10+CH10+CI10+CJ10+CK10+FO10+FS10+FT10) | F10: =IF(FJ10=0,"",FJ10) | G10: =IF(CP10+DM10+DN10+EE10+EX10+EF10=0,"",CP10+DM10+DN10+EE10+EX10+EF10) | H10: =IF(DW10=0,"",DW10) | I10: =IF(DZ10+EA10+EG10=0,"",DZ10+EA10+EG10) | J10: =IF(BM10+BS10+BT10+BY10+BZ10+CA10+CB10+CC10+CD10+CE10+CF10+CG10+CL10+CM10+CN10+CO10+CQ10+CR10+CT10+CU10+CV10+CW10+CX10+CY10+CZ10+DA10+DB10+DC10+DD10+DE10+DF10+DG10+DH10+DI10+DJ10+DK10+DL10+DO10+DP10+DQ10+DR10+DS10+DT10+DY10+EB10+EC10+ED10+EH10+EI10+EJ10+EK10+EL10+EM10+EN10+EO10+EP10+ER10+ES10+ET10+EU10+EV10+EW10+EY10+EZ10+FA10+FB10+FC10+FD10+FE10+FF10+FG10+FH10+FI10+FK10+FL10+FM10+FN10+FP10+FQ10+FR10+FU10+FV10+FW10+FX10+FY10+FZ10+GA10+GB10+GC10+GD10+GE10+GF10+GG10+GH10+GI10+GJ10+GK10+GL10+GM10=0,"",BM10+BS10+BT10+BY10+BZ10+CA10+CB10+CC10+CD10+CE10+CF10+CG10+CL10+CM10+CN10+CO10+CQ10+CR10+CT10+CU10+CV10+CW10+CX10+CY10+CZ10+DA10+DB10+DC10+DD10+DE10+DF10+DG10+DH10+DI10+DJ10+DK10+DL10+DO10+DP10+DQ10+DR10+DS10+DT10+DY10+EB10+EC10+ED10+EH10+EI10+EJ10+EK10+EL10+EM10+EN10+EO10+EP10+ER10+ES10+ET10+EU10+EV10+EW10+EY10+EZ10+FA10+FB10+FC10+FD10+FE10+FF10+FG10+FH10+FI10+FK10+FL10+FM10+FN10+FP10+FQ10+FR10+FU10+FV10+FW10+FX10+FY10+FZ10+GA10+GB10+GC10+GD10+GE10+GF10+GG10+GH10+GI10+GJ10+GK10+GL10+GM10) -> 55.09 | K10: =DX10+CS10 -> 0 | L10: =BN10-C10 -> 0 | M10: F2606017122 | N10: 46203 | O10: 9505289-C01 | P10: EXP20260601-2772378 | Q10: 2026 | R10: 26-06-0049560 | S10: EXP20260601-2772378 | T10: 26A060049560 | U10: DAP | V10: DOMESTIC | W10: DOMESTIC | X10: 34490 | Y10: MESS | Z10: EDI | AA10: 695 | AC10: 46174 | AD10: 21 | AE10: LA RUCHE LOGISTIQUE | AF10: EXP20260601-2772378 | AG10: FR | AH10: 21 | AI10: CREANCEY | AJ10: 46185 | AK10: GAEC LANYE BARRAC - 2 Bernhard BACK (ENTREPRISE) | AL10: EXP20260601-2772378 | AM10: FR | AN10: 34 | AO10: MURVIEL LES BEZIERS | AR10: 1 | AS10: 1 | AT10: 100 | AU10: 100 | AV10: 0 | AW10: KG | AX10: 100 | AY10: 0 | BE10: PORTPAYE | BF10: STANDARD | BG10: EUR | BM10: 42.35 | BN10: 55.09 | BQ10: LSTANDARD | DI10: 10.59 | DK10: 2 | GM10: 0.15
B11: =IF(S11<>"",S11,T11) -> EXP20260601-2774918 | C11: =SUM(E11:K11) -> 43.19 | D11: =SUM(E11:L11) -> 43.19 | E11: =IF(BU11+BV11+BW11+CH11+CI11+CJ11+CK11+FO11+FS11+FT11=0,"",BU11+BV11+BW11+CH11+CI11+CJ11+CK11+FO11+FS11+FT11) | F11: =IF(FJ11=0,"",FJ11) | G11: =IF(CP11+DM11+DN11+EE11+EX11+EF11=0,"",CP11+DM11+DN11+EE11+EX11+EF11) | H11: =IF(DW11=0,"",DW11) | I11: =IF(DZ11+EA11+EG11=0,"",DZ11+EA11+EG11) | J11: =IF(BM11+BS11+BT11+BY11+BZ11+CA11+CB11+CC11+CD11+CE11+CF11+CG11+CL11+CM11+CN11+CO11+CQ11+CR11+CT11+CU11+CV11+CW11+CX11+CY11+CZ11+DA11+DB11+DC11+DD11+DE11+DF11+DG11+DH11+DI11+DJ11+DK11+DL11+DO11+DP11+DQ11+DR11+DS11+DT11+DY11+EB11+EC11+ED11+EH11+EI11+EJ11+EK11+EL11+EM11+EN11+EO11+EP11+ER11+ES11+ET11+EU11+EV11+EW11+EY11+EZ11+FA11+FB11+FC11+FD11+FE11+FF11+FG11+FH11+FI11+FK11+FL11+FM11+FN11+FP11+FQ11+FR11+FU11+FV11+FW11+FX11+FY11+FZ11+GA11+GB11+GC11+GD11+GE11+GF11+GG11+GH11+GI11+GJ11+GK11+GL11+GM11=0,"",BM11+BS11+BT11+BY11+BZ11+CA11+CB11+CC11+CD11+CE11+CF11+CG11+CL11+CM11+CN11+CO11+CQ11+CR11+CT11+CU11+CV11+CW11+CX11+CY11+CZ11+DA11+DB11+DC11+DD11+DE11+DF11+DG11+DH11+DI11+DJ11+DK11+DL11+DO11+DP11+DQ11+DR11+DS11+DT11+DY11+EB11+EC11+ED11+EH11+EI11+EJ11+EK11+EL11+EM11+EN11+EO11+EP11+ER11+ES11+ET11+EU11+EV11+EW11+EY11+EZ11+FA11+FB11+FC11+FD11+FE11+FF11+FG11+FH11+FI11+FK11+FL11+FM11+FN11+FP11+FQ11+FR11+FU11+FV11+FW11+FX11+FY11+FZ11+GA11+GB11+GC11+GD11+GE11+GF11+GG11+GH11+GI11+GJ11+GK11+GL11+GM11) -> 43.19 | K11: =DX11+CS11 -> 0 | L11: =BN11-C11 -> 0 | M11: F2606017122 | N11: 46203 | O11: 9505289-C01 | P11: EXP20260601-2774918 | Q11: 2026 | R11: 26-06-0092699 | S11: EXP20260601-2774918 | T11: 26A060092699 | U11: DAP | V11: DOMESTIC | W11: DOMESTIC | X11: 84190 | Y11: MESS | Z11: EDI | AA11: 468 | AC11: 46175 | AD11: 21 | AE11: LA RUCHE LOGISTIQUE | AF11: EXP20260601-2774918 | AG11: FR | AH11: 21 | AI11: CREANCEY | AJ11: 46178 | AK11: DOMAINE DE LA TETE NOIRE DE MARIA W (ENTREPRISE) | AL11: EXP20260601-2774918 | AM11: FR | AN11: 84 | AO11: GIGONDAS | AR11: 1 | AS11: 1 | AT11: 59 | AU11: 59 | AV11: 0 | AW11: KG | AX11: 59 | AY11: 0 | BE11: PORTPAYE | BF11: STANDARD | BG11: EUR | BM11: 32.83 | BN11: 43.19 | BQ11: LSTANDARD | DI11: 8.21 | DK11: 2 | GM11: 0.15
B12: =IF(S12<>"",S12,T12) -> EXP20260601-2774442 | C12: =SUM(E12:K12) -> 48.37 | D12: =SUM(E12:L12) -> 48.37 | E12: =IF(BU12+BV12+BW12+CH12+CI12+CJ12+CK12+FO12+FS12+FT12=0,"",BU12+BV12+BW12+CH12+CI12+CJ12+CK12+FO12+FS12+FT12) | F12: =IF(FJ12=0,"",FJ12) | G12: =IF(CP12+DM12+DN12+EE12+EX12+EF12=0,"",CP12+DM12+DN12+EE12+EX12+EF12) | H12: =IF(DW12=0,"",DW12) | I12: =IF(DZ12+EA12+EG12=0,"",DZ12+EA12+EG12) | J12: =IF(BM12+BS12+BT12+BY12+BZ12+CA12+CB12+CC12+CD12+CE12+CF12+CG12+CL12+CM12+CN12+CO12+CQ12+CR12+CT12+CU12+CV12+CW12+CX12+CY12+CZ12+DA12+DB12+DC12+DD12+DE12+DF12+DG12+DH12+DI12+DJ12+DK12+DL12+DO12+DP12+DQ12+DR12+DS12+DT12+DY12+EB12+EC12+ED12+EH12+EI12+EJ12+EK12+EL12+EM12+EN12+EO12+EP12+ER12+ES12+ET12+EU12+EV12+EW12+EY12+EZ12+FA12+FB12+FC12+FD12+FE12+FF12+FG12+FH12+FI12+FK12+FL12+FM12+FN12+FP12+FQ12+FR12+FU12+FV12+FW12+FX12+FY12+FZ12+GA12+GB12+GC12+GD12+GE12+GF12+GG12+GH12+GI12+GJ12+GK12+GL12+GM12=0,"",BM12+BS12+BT12+BY12+BZ12+CA12+CB12+CC12+CD12+CE12+CF12+CG12+CL12+CM12+CN12+CO12+CQ12+CR12+CT12+CU12+CV12+CW12+CX12+CY12+CZ12+DA12+DB12+DC12+DD12+DE12+DF12+DG12+DH12+DI12+DJ12+DK12+DL12+DO12+DP12+DQ12+DR12+DS12+DT12+DY12+EB12+EC12+ED12+EH12+EI12+EJ12+EK12+EL12+EM12+EN12+EO12+EP12+ER12+ES12+ET12+EU12+EV12+EW12+EY12+EZ12+FA12+FB12+FC12+FD12+FE12+FF12+FG12+FH12+FI12+FK12+FL12+FM12+FN12+FP12+FQ12+FR12+FU12+FV12+FW12+FX12+FY12+FZ12+GA12+GB12+GC12+GD12+GE12+GF12+GG12+GH12+GI12+GJ12+GK12+GL12+GM12) -> 48.37 | K12: =DX12+CS12 -> 0 | L12: =BN12-C12 -> 0 | M12: F2606017122 | N12: 46203 | O12: 9505289-C01 | P12: EXP20260601-2774442 | Q12: 2026 | R12: 26-06-0092703 | S12: EXP20260601-2774442 | T12: 26A060092703 | U12: DAP | V12: DOMESTIC | W12: DOMESTIC | X12: 95310 | Y12: MESS | Z12: EDI | AA12: 472 | AC12: 46175 | AD12: 21 | AE12: LA RUCHE LOGISTIQUE | AF12: EXP20260601-2774442 | AG12: FR | AH12: 21 | AI12: CREANCEY | AJ12: 46181 | AK12: PHARMACIE DU FOUR-BONAPARTE PHARMAC (ENTREPRISE) | AL12: EXP20260601-2774442 | AM12: FR | AN12: 95 | AO12: ST OUEN L AUMONE | AR12: 1 | AS12: 1 | AT12: 104 | AU12: 104 | AV12: 0 | AW12: KG | AX12: 104 | AY12: 0 | BE12: PORTPAYE | BF12: STANDARD | BG12: EUR | BM12: 46.22 | BN12: 48.37 | BQ12: LSTANDARD | DK12: 2 | GM12: 0.15
B13: =IF(S13<>"",S13,T13) -> EXP20260601-2774095 | C13: =SUM(E13:K13) -> 80.78 | D13: =SUM(E13:L13) -> 80.78 | E13: =IF(BU13+BV13+BW13+CH13+CI13+CJ13+CK13+FO13+FS13+FT13=0,"",BU13+BV13+BW13+CH13+CI13+CJ13+CK13+FO13+FS13+FT13) | F13: =IF(FJ13=0,"",FJ13) | G13: =IF(CP13+DM13+DN13+EE13+EX13+EF13=0,"",CP13+DM13+DN13+EE13+EX13+EF13) | H13: =IF(DW13=0,"",DW13) | I13: =IF(DZ13+EA13+EG13=0,"",DZ13+EA13+EG13) | J13: =IF(BM13+BS13+BT13+BY13+BZ13+CA13+CB13+CC13+CD13+CE13+CF13+CG13+CL13+CM13+CN13+CO13+CQ13+CR13+CT13+CU13+CV13+CW13+CX13+CY13+CZ13+DA13+DB13+DC13+DD13+DE13+DF13+DG13+DH13+DI13+DJ13+DK13+DL13+DO13+DP13+DQ13+DR13+DS13+DT13+DY13+EB13+EC13+ED13+EH13+EI13+EJ13+EK13+EL13+EM13+EN13+EO13+EP13+ER13+ES13+ET13+EU13+EV13+EW13+EY13+EZ13+FA13+FB13+FC13+FD13+FE13+FF13+FG13+FH13+FI13+FK13+FL13+FM13+FN13+FP13+FQ13+FR13+FU13+FV13+FW13+FX13+FY13+FZ13+GA13+GB13+GC13+GD13+GE13+GF13+GG13+GH13+GI13+GJ13+GK13+GL13+GM13=0,"",BM13+BS13+BT13+BY13+BZ13+CA13+CB13+CC13+CD13+CE13+CF13+CG13+CL13+CM13+CN13+CO13+CQ13+CR13+CT13+CU13+CV13+CW13+CX13+CY13+CZ13+DA13+DB13+DC13+DD13+DE13+DF13+DG13+DH13+DI13+DJ13+DK13+DL13+DO13+DP13+DQ13+DR13+DS13+DT13+DY13+EB13+EC13+ED13+EH13+EI13+EJ13+EK13+EL13+EM13+EN13+EO13+EP13+ER13+ES13+ET13+EU13+EV13+EW13+EY13+EZ13+FA13+FB13+FC13+FD13+FE13+FF13+FG13+FH13+FI13+FK13+FL13+FM13+FN13+FP13+FQ13+FR13+FU13+FV13+FW13+FX13+FY13+FZ13+GA13+GB13+GC13+GD13+GE13+GF13+GG13+GH13+GI13+GJ13+GK13+GL13+GM13) -> 80.78 | K13: =DX13+CS13 -> 0 | L13: =BN13-C13 -> 0 | M13: F2606017122 | N13: 46203 | O13: 9505289-C01 | P13: EXP20260601-2774095 | Q13: 2026 | R13: 26-06-0092706 | S13: EXP20260601-2774095 | T13: 26A060092706 | U13: DAP | V13: DOMESTIC | W13: DOMESTIC | X13: 29620 | Y13: MESS | Z13: EDI | AA13: 897 | AC13: 46175 | AD13: 21 | AE13: LA RUCHE LOGISTIQUE | AF13: EXP20260601-2774095 | AG13: FR | AH13: 21 | AI13: CREANCEY | AJ13: 46178 | AK13: Kerveguen Baron Eric (ENTREPRISE) | AL13: EXP20260601-2774095 | AM13: FR | AN13: 29 | AO13: GUIMAEC | AR13: 1 | AS13: 1 | AT13: 115 | AU13: 115 | AV13: 0 | AW13: KG | AX13: 115 | AY13: 0 | BE13: PORTPAYE | BF13: STANDARD | BG13: EUR | BM13: 62.9 | BN13: 80.78 | BQ13: LSTANDARD | DI13: 15.73 | DK13: 2 | GM13: 0.15
B14: =IF(S14<>"",S14,T14) -> EXP20260601-2774686 | C14: =SUM(E14:K14) -> 37.31 | D14: =SUM(E14:L14) -> 37.31 | E14: =IF(BU14+BV14+BW14+CH14+CI14+CJ14+CK14+FO14+FS14+FT14=0,"",BU14+BV14+BW14+CH14+CI14+CJ14+CK14+FO14+FS14+FT14) | F14: =IF(FJ14=0,"",FJ14) | G14: =IF(CP14+DM14+DN14+EE14+EX14+EF14=0,"",CP14+DM14+DN14+EE14+EX14+EF14) | H14: =IF(DW14=0,"",DW14) | I14: =IF(DZ14+EA14+EG14=0,"",DZ14+EA14+EG14) | J14: =IF(BM14+BS14+BT14+BY14+BZ14+CA14+CB14+CC14+CD14+CE14+CF14+CG14+CL14+CM14+CN14+CO14+CQ14+CR14+CT14+CU14+CV14+CW14+CX14+CY14+CZ14+DA14+DB14+DC14+DD14+DE14+DF14+DG14+DH14+DI14+DJ14+DK14+DL14+DO14+DP14+DQ14+DR14+DS14+DT14+DY14+EB14+EC14+ED14+EH14+EI14+EJ14+EK14+EL14+EM14+EN14+EO14+EP14+ER14+ES14+ET14+EU14+EV14+EW14+EY14+EZ14+FA14+FB14+FC14+FD14+FE14+FF14+FG14+FH14+FI14+FK14+FL14+FM14+FN14+FP14+FQ14+FR14+FU14+FV14+FW14+FX14+FY14+FZ14+GA14+GB14+GC14+GD14+GE14+GF14+GG14+GH14+GI14+GJ14+GK14+GL14+GM14=0,"",BM14+BS14+BT14+BY14+BZ14+CA14+CB14+CC14+CD14+CE14+CF14+CG14+CL14+CM14+CN14+CO14+CQ14+CR14+CT14+CU14+CV14+CW14+CX14+CY14+CZ14+DA14+DB14+DC14+DD14+DE14+DF14+DG14+DH14+DI14+DJ14+DK14+DL14+DO14+DP14+DQ14+DR14+DS14+DT14+DY14+EB14+EC14+ED14+EH14+EI14+EJ14+EK14+EL14+EM14+EN14+EO14+EP14+ER14+ES14+ET14+EU14+EV14+EW14+EY14+EZ14+FA14+FB14+FC14+FD14+FE14+FF14+FG14+FH14+FI14+FK14+FL14+FM14+FN14+FP14+FQ14+FR14+FU14+FV14+FW14+FX14+FY14+FZ14+GA14+GB14+GC14+GD14+GE14+GF14+GG14+GH14+GI14+GJ14+GK14+GL14+GM14) -> 37.31 | K14: =DX14+CS14 -> 0 | L14: =BN14-C14 -> 0 | M14: F2606017122 | N14: 46203 | O14: 9505289-C01 | P14: EXP20260601-2774686 | Q14: 2026 | R14: 26-06-0092708 | S14: EXP20260601-2774686 | T14: 26A060092708 | U14: DAP | V14: DOMESTIC | W14: DOMESTIC | X14: 33330 | Y14: MESS | Z14: EDI | AA14: 713 | AC14: 46175 | AD14: 21 | AE14: LA RUCHE LOGISTIQUE | AF14: EXP20260601-2774686 | AG14: FR | AH14: 21 | AI14: CREANCEY | AJ14: 46177 | AK14: CHATEAU LA SABLIERE AVEZOU SYLVIE (ENTREPRISE) | AL14: EXP20260601-2774686 | AM14: FR | AN14: 33 | AO14: ST EMILION | AR14: 1 | AS14: 1 | AT14: 10 | AU14: 10 | AV14: 0 | AW14: KG | AX14: 10 | AY14: 0 | BE14: PORTPAYE | BF14: STANDARD | BG14: EUR | BM14: 28.13 | BN14: 37.31 | BQ14: LSTANDARD | DI14: 7.03 | DK14: 2 | GM14: 0.15
B15: =IF(S15<>"",S15,T15) -> EXP20260601-2774625 | C15: =SUM(E15:K15) -> 32.31 | D15: =SUM(E15:L15) -> 32.31 | E15: =IF(BU15+BV15+BW15+CH15+CI15+CJ15+CK15+FO15+FS15+FT15=0,"",BU15+BV15+BW15+CH15+CI15+CJ15+CK15+FO15+FS15+FT15) | F15: =IF(FJ15=0,"",FJ15) | G15: =IF(CP15+DM15+DN15+EE15+EX15+EF15=0,"",CP15+DM15+DN15+EE15+EX15+EF15) | H15: =IF(DW15=0,"",DW15) | I15: =IF(DZ15+EA15+EG15=0,"",DZ15+EA15+EG15) | J15: =IF(BM15+BS15+BT15+BY15+BZ15+CA15+CB15+CC15+CD15+CE15+CF15+CG15+CL15+CM15+CN15+CO15+CQ15+CR15+CT15+CU15+CV15+CW15+CX15+CY15+CZ15+DA15+DB15+DC15+DD15+DE15+DF15+DG15+DH15+DI15+DJ15+DK15+DL15+DO15+DP15+DQ15+DR15+DS15+DT15+DY15+EB15+EC15+ED15+EH15+EI15+EJ15+EK15+EL15+EM15+EN15+EO15+EP15+ER15+ES15+ET15+EU15+EV15+EW15+EY15+EZ15+FA15+FB15+FC15+FD15+FE15+FF15+FG15+FH15+FI15+FK15+FL15+FM15+FN15+FP15+FQ15+FR15+FU15+FV15+FW15+FX15+FY15+FZ15+GA15+GB15+GC15+GD15+GE15+GF15+GG15+GH15+GI15+GJ15+GK15+GL15+GM15=0,"",BM15+BS15+BT15+BY15+BZ15+CA15+CB15+CC15+CD15+CE15+CF15+CG15+CL15+CM15+CN15+CO15+CQ15+CR15+CT15+CU15+CV15+CW15+CX15+CY15+CZ15+DA15+DB15+DC15+DD15+DE15+DF15+DG15+DH15+DI15+DJ15+DK15+DL15+DO15+DP15+DQ15+DR15+DS15+DT15+DY15+EB15+EC15+ED15+EH15+EI15+EJ15+EK15+EL15+EM15+EN15+EO15+EP15+ER15+ES15+ET15+EU15+EV15+EW15+EY15+EZ15+FA15+FB15+FC15+FD15+FE15+FF15+FG15+FH15+FI15+FK15+FL15+FM15+FN15+FP15+FQ15+FR15+FU15+FV15+FW15+FX15+FY15+FZ15+GA15+GB15+GC15+GD15+GE15+GF15+GG15+GH15+GI15+GJ15+GK15+GL15+GM15) -> 32.31 | K15: =DX15+CS15 -> 0 | L15: =BN15-C15 -> 0 | M15: F2606017122 | N15: 46203 | O15: 9505289-C01 | P15: EXP20260601-2774625 | Q15: 2026 | R15: 26-06-0147565 | S15: EXP20260601-2774625 | T15: 26A060147565 | U15: DAP | V15: DOMESTIC | W15: DOMESTIC | X15: 58150 | Y15: MESS | Z15: EDI | AA15: 356 | AC15: 46176 | AD15: 21 | AE15: LA RUCHE LOGISTIQUE | AF15: EXP20260601-2774625 | AG15: FR | AH15: 21 | AI15: CREANCEY | AJ15: 46178 | AK15: SAGET | AL15: EXP20260601-2774625 | AM15: FR | AN15: 58 | AO15: POUILLY SUR LOIRE | AP15: Magasin / Commerce | AQ15: O | AR15: 1 | AS15: 1 | AT15: 66 | AU15: 66 | AV15: 0 | AW15: KG | AX15: 66 | AY15: 0 | BE15: PORTPAYE | BF15: STANDARD | BG15: EUR | BM15: 30.16 | BN15: 32.31 | BQ15: LSTANDARD | DK15: 2 | GM15: 0.15
B16: =IF(S16<>"",S16,T16) -> EXP20260601-2774279 | C16: =SUM(E16:K16) -> 48.98 | D16: =SUM(E16:L16) -> 48.98 | E16: =IF(BU16+BV16+BW16+CH16+CI16+CJ16+CK16+FO16+FS16+FT16=0,"",BU16+BV16+BW16+CH16+CI16+CJ16+CK16+FO16+FS16+FT16) | F16: =IF(FJ16=0,"",FJ16) | G16: =IF(CP16+DM16+DN16+EE16+EX16+EF16=0,"",CP16+DM16+DN16+EE16+EX16+EF16) | H16: =IF(DW16=0,"",DW16) | I16: =IF(DZ16+EA16+EG16=0,"",DZ16+EA16+EG16) | J16: =IF(BM16+BS16+BT16+BY16+BZ16+CA16+CB16+CC16+CD16+CE16+CF16+CG16+CL16+CM16+CN16+CO16+CQ16+CR16+CT16+CU16+CV16+CW16+CX16+CY16+CZ16+DA16+DB16+DC16+DD16+DE16+DF16+DG16+DH16+DI16+DJ16+DK16+DL16+DO16+DP16+DQ16+DR16+DS16+DT16+DY16+EB16+EC16+ED16+EH16+EI16+EJ16+EK16+EL16+EM16+EN16+EO16+EP16+ER16+ES16+ET16+EU16+EV16+EW16+EY16+EZ16+FA16+FB16+FC16+FD16+FE16+FF16+FG16+FH16+FI16+FK16+FL16+FM16+FN16+FP16+FQ16+FR16+FU16+FV16+FW16+FX16+FY16+FZ16+GA16+GB16+GC16+GD16+GE16+GF16+GG16+GH16+GI16+GJ16+GK16+GL16+GM16=0,"",BM16+BS16+BT16+BY16+BZ16+CA16+CB16+CC16+CD16+CE16+CF16+CG16+CL16+CM16+CN16+CO16+CQ16+CR16+CT16+CU16+CV16+CW16+CX16+CY16+CZ16+DA16+DB16+DC16+DD16+DE16+DF16+DG16+DH16+DI16+DJ16+DK16+DL16+DO16+DP16+DQ16+DR16+DS16+DT16+DY16+EB16+EC16+ED16+EH16+EI16+EJ16+EK16+EL16+EM16+EN16+EO16+EP16+ER16+ES16+ET16+EU16+EV16+EW16+EY16+EZ16+FA16+FB16+FC16+FD16+FE16+FF16+FG16+FH16+FI16+FK16+FL16+FM16+FN16+FP16+FQ16+FR16+FU16+FV16+FW16+FX16+FY16+FZ16+GA16+GB16+GC16+GD16+GE16+GF16+GG16+GH16+GI16+GJ16+GK16+GL16+GM16) -> 48.98 | K16: =DX16+CS16 -> 0 | L16: =BN16-C16 -> 0 | M16: F2606017122 | N16: 46203 | O16: 9505289-C01 | P16: EXP20260601-2774279 | Q16: 2026 | R16: 26-06-0147570 | S16: EXP20260601-2774279 | T16: 26A060147570 | U16: DAP | V16: DOMESTIC | W16: DOMESTIC | X16: 13210 | Y16: MESS | Z16: EDI | AA16: 448 | AC16: 46176 | AD16: 21 | AE16: LA RUCHE LOGISTIQUE | AF16: EXP20260601-2774279 | AG16: FR | AH16: 21 | AI16: CREANCEY | AJ16: 46182 | AK16: CHATEAU ROMANIN | AL16: EXP20260601-2774279 | AM16: FR | AN16: 13 | AO16: ST REMY DE PROVENCE | AP16: Magasin / Commerce | AQ16: O | AR16: 1 | AS16: 1 | AT16: 68 | AU16: 68 | AV16: 0 | AW16: KG | AX16: 68 | AY16: 0 | BE16: PORTPAYE | BF16: STANDARD | BG16: EUR | BM16: 37.46 | BN16: 48.98 | BQ16: LSTANDARD | DI16: 9.37 | DK16: 2 | GM16: 0.15
B17: =IF(S17<>"",S17,T17) -> EXP20260601-2774815 | C17: =SUM(E17:K17) -> 53.36 | D17: =SUM(E17:L17) -> 53.36 | E17: =IF(BU17+BV17+BW17+CH17+CI17+CJ17+CK17+FO17+FS17+FT17=0,"",BU17+BV17+BW17+CH17+CI17+CJ17+CK17+FO17+FS17+FT17) | F17: =IF(FJ17=0,"",FJ17) | G17: =IF(CP17+DM17+DN17+EE17+EX17+EF17=0,"",CP17+DM17+DN17+EE17+EX17+EF17) | H17: =IF(DW17=0,"",DW17) | I17: =IF(DZ17+EA17+EG17=0,"",DZ17+EA17+EG17) | J17: =IF(BM17+BS17+BT17+BY17+BZ17+CA17+CB17+CC17+CD17+CE17+CF17+CG17+CL17+CM17+CN17+CO17+CQ17+CR17+CT17+CU17+CV17+CW17+CX17+CY17+CZ17+DA17+DB17+DC17+DD17+DE17+DF17+DG17+DH17+DI17+DJ17+DK17+DL17+DO17+DP17+DQ17+DR17+DS17+DT17+DY17+EB17+EC17+ED17+EH17+EI17+EJ17+EK17+EL17+EM17+EN17+EO17+EP17+ER17+ES17+ET17+EU17+EV17+EW17+EY17+EZ17+FA17+FB17+FC17+FD17+FE17+FF17+FG17+FH17+FI17+FK17+FL17+FM17+FN17+FP17+FQ17+FR17+FU17+FV17+FW17+FX17+FY17+FZ17+GA17+GB17+GC17+GD17+GE17+GF17+GG17+GH17+GI17+GJ17+GK17+GL17+GM17=0,"",BM17+BS17+BT17+BY17+BZ17+CA17+CB17+CC17+CD17+CE17+CF17+CG17+CL17+CM17+CN17+CO17+CQ17+CR17+CT17+CU17+CV17+CW17+CX17+CY17+CZ17+DA17+DB17+DC17+DD17+DE17+DF17+DG17+DH17+DI17+DJ17+DK17+DL17+DO17+DP17+DQ17+DR17+DS17+DT17+DY17+EB17+EC17+ED17+EH17+EI17+EJ17+EK17+EL17+EM17+EN17+EO17+EP17+ER17+ES17+ET17+EU17+EV17+EW17+EY17+EZ17+FA17+FB17+FC17+FD17+FE17+FF17+FG17+FH17+FI17+FK17+FL17+FM17+FN17+FP17+FQ17+FR17+FU17+FV17+FW17+FX17+FY17+FZ17+GA17+GB17+GC17+GD17+GE17+GF17+GG17+GH17+GI17+GJ17+GK17+GL17+GM17) -> 53.36 | K17: =DX17+CS17 -> 0 | L17: =BN17-C17 -> 0 | M17: F2606017122 | N17: 46203 | O17: 9505289-C01 | P17: EXP20260601-2774815 | Q17: 2026 | R17: 26-06-0147574 | S17: EXP20260601-2774815 | T17: 26A060147574 | U17: DAP | V17: DOMESTIC | W17: DOMESTIC | X17: 34210 | Y17: MESS | Z17: EDI | AA17: 695 | AC17: 46176 | AD17: 21 | AE17: LA RUCHE LOGISTIQUE | AF17: EXP20260601-2774815 | AG17: FR | AH17: 21 | AI17: CREANCEY | AJ17: 46181 | AK17: Grands Vignobles en Mediterranee Ch (ENTREPRISE) | AL17: EXP20260601-2774815 | AM17: FR | AN17: 34 | AO17: FELINES MINERVOIS | AR17: 1 | AS17: 1 | AT17: 83 | AU17: 83 | AV17: 0 | AW17: KG | AX17: 83 | AY17: 0 | BE17: PORTPAYE | BF17: STANDARD | BG17: EUR | BM17: 40.97 | BN17: 53.36 | BQ17: LSTANDARD | DI17: 10.24 | DK17: 2 | GM17: 0.15
B18: =IF(S18<>"",S18,T18) -> EXP20260603-2778100 | C18: =SUM(E18:K18) -> 27.38 | D18: =SUM(E18:L18) -> 27.38 | E18: =IF(BU18+BV18+BW18+CH18+CI18+CJ18+CK18+FO18+FS18+FT18=0,"",BU18+BV18+BW18+CH18+CI18+CJ18+CK18+FO18+FS18+FT18) | F18: =IF(FJ18=0,"",FJ18) | G18: =IF(CP18+DM18+DN18+EE18+EX18+EF18=0,"",CP18+DM18+DN18+EE18+EX18+EF18) | H18: =IF(DW18=0,"",DW18) | I18: =IF(DZ18+EA18+EG18=0,"",DZ18+EA18+EG18) | J18: =IF(BM18+BS18+BT18+BY18+BZ18+CA18+CB18+CC18+CD18+CE18+CF18+CG18+CL18+CM18+CN18+CO18+CQ18+CR18+CT18+CU18+CV18+CW18+CX18+CY18+CZ18+DA18+DB18+DC18+DD18+DE18+DF18+DG18+DH18+DI18+DJ18+DK18+DL18+DO18+DP18+DQ18+DR18+DS18+DT18+DY18+EB18+EC18+ED18+EH18+EI18+EJ18+EK18+EL18+EM18+EN18+EO18+EP18+ER18+ES18+ET18+EU18+EV18+EW18+EY18+EZ18+FA18+FB18+FC18+FD18+FE18+FF18+FG18+FH18+FI18+FK18+FL18+FM18+FN18+FP18+FQ18+FR18+FU18+FV18+FW18+FX18+FY18+FZ18+GA18+GB18+GC18+GD18+GE18+GF18+GG18+GH18+GI18+GJ18+GK18+GL18+GM18=0,"",BM18+BS18+BT18+BY18+BZ18+CA18+CB18+CC18+CD18+CE18+CF18+CG18+CL18+CM18+CN18+CO18+CQ18+CR18+CT18+CU18+CV18+CW18+CX18+CY18+CZ18+DA18+DB18+DC18+DD18+DE18+DF18+DG18+DH18+DI18+DJ18+DK18+DL18+DO18+DP18+DQ18+DR18+DS18+DT18+DY18+EB18+EC18+ED18+EH18+EI18+EJ18+EK18+EL18+EM18+EN18+EO18+EP18+ER18+ES18+ET18+EU18+EV18+EW18+EY18+EZ18+FA18+FB18+FC18+FD18+FE18+FF18+FG18+FH18+FI18+FK18+FL18+FM18+FN18+FP18+FQ18+FR18+FU18+FV18+FW18+FX18+FY18+FZ18+GA18+GB18+GC18+GD18+GE18+GF18+GG18+GH18+GI18+GJ18+GK18+GL18+GM18) -> 27.38 | K18: =DX18+CS18 -> 0 | L18: =BN18-C18 -> 0 | M18: F2606017122 | N18: 46203 | O18: 9505289-C01 | P18: EXP20260603-2778100 | Q18: 2026 | R18: 26-06-0188565 | S18: EXP20260603-2778100 | T18: 26A060188565 | U18: DAP | V18: DOMESTIC | W18: DOMESTIC | X18: 69640 | Y18: MESS | Z18: EDI | AA18: 187 | AC18: 46177 | AD18: 21 | AE18: LA RUCHE LOGISTIQUE | AF18: EXP20260603-2778100 | AG18: FR | AH18: 21 | AI18: CREANCEY | AJ18: 46185 | AK18: DOMAINE FOND MOIROUX | AL18: EXP20260603-2778100 | AM18: FR | AN18: 69 | AO18: COGNY | AR18: 1 | AS18: 1 | AT18: 45 | AU18: 45 | AV18: 0 | AW18: KG | AX18: 45 | AY18: 0 | BE18: PORTPAYE | BF18: STANDARD | BG18: EUR | BM18: 25.23 | BN18: 27.38 | BQ18: LSTANDARD | DK18: 2 | GM18: 0.15
B19: =IF(S19<>"",S19,T19) -> EXP20260604-2780722 | C19: =SUM(E19:K19) -> 81.95 | D19: =SUM(E19:L19) -> 81.95 | E19: =IF(BU19+BV19+BW19+CH19+CI19+CJ19+CK19+FO19+FS19+FT19=0,"",BU19+BV19+BW19+CH19+CI19+CJ19+CK19+FO19+FS19+FT19) | F19: =IF(FJ19=0,"",FJ19) | G19: =IF(CP19+DM19+DN19+EE19+EX19+EF19=0,"",CP19+DM19+DN19+EE19+EX19+EF19) | H19: =IF(DW19=0,"",DW19) | I19: =IF(DZ19+EA19+EG19=0,"",DZ19+EA19+EG19) | J19: =IF(BM19+BS19+BT19+BY19+BZ19+CA19+CB19+CC19+CD19+CE19+CF19+CG19+CL19+CM19+CN19+CO19+CQ19+CR19+CT19+CU19+CV19+CW19+CX19+CY19+CZ19+DA19+DB19+DC19+DD19+DE19+DF19+DG19+DH19+DI19+DJ19+DK19+DL19+DO19+DP19+DQ19+DR19+DS19+DT19+DY19+EB19+EC19+ED19+EH19+EI19+EJ19+EK19+EL19+EM19+EN19+EO19+EP19+ER19+ES19+ET19+EU19+EV19+EW19+EY19+EZ19+FA19+FB19+FC19+FD19+FE19+FF19+FG19+FH19+FI19+FK19+FL19+FM19+FN19+FP19+FQ19+FR19+FU19+FV19+FW19+FX19+FY19+FZ19+GA19+GB19+GC19+GD19+GE19+GF19+GG19+GH19+GI19+GJ19+GK19+GL19+GM19=0,"",BM19+BS19+BT19+BY19+BZ19+CA19+CB19+CC19+CD19+CE19+CF19+CG19+CL19+CM19+CN19+CO19+CQ19+CR19+CT19+CU19+CV19+CW19+CX19+CY19+CZ19+DA19+DB19+DC19+DD19+DE19+DF19+DG19+DH19+DI19+DJ19+DK19+DL19+DO19+DP19+DQ19+DR19+DS19+DT19+DY19+EB19+EC19+ED19+EH19+EI19+EJ19+EK19+EL19+EM19+EN19+EO19+EP19+ER19+ES19+ET19+EU19+EV19+EW19+EY19+EZ19+FA19+FB19+FC19+FD19+FE19+FF19+FG19+FH19+FI19+FK19+FL19+FM19+FN19+FP19+FQ19+FR19+FU19+FV19+FW19+FX19+FY19+FZ19+GA19+GB19+GC19+GD19+GE19+GF19+GG19+GH19+GI19+GJ19+GK19+GL19+GM19) -> 81.95 | K19: =DX19+CS19 -> 0 | L19: =BN19-C19 -> 0 | M19: F2606017122 | N19: 46203 | O19: 9505289-C01 | P19: EXP20260604-2780722 | Q19: 2026 | R19: 26-06-0188569 | S19: EXP20260604-2780722 | T19: 26A060188569 | U19: DAP | V19: DOMESTIC | W19: DOMESTIC | X19: 33330 | Y19: MESS | Z19: EDI | AA19: 713 | AC19: 46177 | AD19: 21 | AE19: LA RUCHE LOGISTIQUE | AF19: EXP20260604-2780722 | AG19: FR | AH19: 21 | AI19: CREANCEY | AJ19: 46181 | AK19: CHATEAUX ET VINS DE BORDEAUX BALLAN (ENTREPRISE) | AL19: EXP20260604-2780722 | AM19: FR | AN19: 33 | AO19: ST SULPICE DE FALEYRENS | AR19: 1 | AS19: 1 | AT19: 153 | AU19: 153 | AV19: 0 | AW19: Pal | AX19: 1 | AY19: 0 | BE19: PORTPAYE | BF19: STANDARD | BG19: EUR | BM19: 63.84 | BN19: 81.95 | BQ19: LSTANDARD | DI19: 15.96 | DK19: 2 | GM19: 0.15
B20: =IF(S20<>"",S20,T20) -> EXP20260602-2776631 | C20: =SUM(E20:K20) -> 59.49 | D20: =SUM(E20:L20) -> 59.49 | E20: =IF(BU20+BV20+BW20+CH20+CI20+CJ20+CK20+FO20+FS20+FT20=0,"",BU20+BV20+BW20+CH20+CI20+CJ20+CK20+FO20+FS20+FT20) | F20: =IF(FJ20=0,"",FJ20) | G20: =IF(CP20+DM20+DN20+EE20+EX20+EF20=0,"",CP20+DM20+DN20+EE20+EX20+EF20) | H20: =IF(DW20=0,"",DW20) | I20: =IF(DZ20+EA20+EG20=0,"",DZ20+EA20+EG20) | J20: =IF(BM20+BS20+BT20+BY20+BZ20+CA20+CB20+CC20+CD20+CE20+CF20+CG20+CL20+CM20+CN20+CO20+CQ20+CR20+CT20+CU20+CV20+CW20+CX20+CY20+CZ20+DA20+DB20+DC20+DD20+DE20+DF20+DG20+DH20+DI20+DJ20+DK20+DL20+DO20+DP20+DQ20+DR20+DS20+DT20+DY20+EB20+EC20+ED20+EH20+EI20+EJ20+EK20+EL20+EM20+EN20+EO20+EP20+ER20+ES20+ET20+EU20+EV20+EW20+EY20+EZ20+FA20+FB20+FC20+FD20+FE20+FF20+FG20+FH20+FI20+FK20+FL20+FM20+FN20+FP20+FQ20+FR20+FU20+FV20+FW20+FX20+FY20+FZ20+GA20+GB20+GC20+GD20+GE20+GF20+GG20+GH20+GI20+GJ20+GK20+GL20+GM20=0,"",BM20+BS20+BT20+BY20+BZ20+CA20+CB20+CC20+CD20+CE20+CF20+CG20+CL20+CM20+CN20+CO20+CQ20+CR20+CT20+CU20+CV20+CW20+CX20+CY20+CZ20+DA20+DB20+DC20+DD20+DE20+DF20+DG20+DH20+DI20+DJ20+DK20+DL20+DO20+DP20+DQ20+DR20+DS20+DT20+DY20+EB20+EC20+ED20+EH20+EI20+EJ20+EK20+EL20+EM20+EN20+EO20+EP20+ER20+ES20+ET20+EU20+EV20+EW20+EY20+EZ20+FA20+FB20+FC20+FD20+FE20+FF20+FG20+FH20+FI20+FK20+FL20+FM20+FN20+FP20+FQ20+FR20+FU20+FV20+FW20+FX20+FY20+FZ20+GA20+GB20+GC20+GD20+GE20+GF20+GG20+GH20+GI20+GJ20+GK20+GL20+GM20) -> 59.49 | K20: =DX20+CS20 -> 0 | L20: =BN20-C20 -> 0 | M20: F2606017122 | N20: 46203 | O20: 9505289-C01 | P20: EXP20260602-2776631 | Q20: 2026 | R20: 26-06-0188571 | S20: EXP20260602-2776631 | T20: 26A060188571 | U20: DAP | V20: DOMESTIC | W20: DOMESTIC | X20: 33330 | Y20: MESS | Z20: EDI | AA20: 713 | AC20: 46177 | AD20: 21 | AE20: LA RUCHE LOGISTIQUE | AF20: EXP20260602-2776631 | AG20: FR | AH20: 21 | AI20: CREANCEY | AJ20: 46182 | AK20: CHATEAU GESSAN GONZALES PATRICK (ENTREPRISE) | AL20: EXP20260602-2776631 | AM20: FR | AN20: 33 | AO20: ST SULPICE DE FALEYRENS | AR20: 1 | AS20: 1 | AT20: 81 | AU20: 81 | AV20: 0 | AW20: KG | AX20: 81 | AY20: 0 | BE20: PORTPAYE | BF20: STANDARD | BG20: EUR | BM20: 45.87 | BN20: 59.49 | BQ20: LSTANDARD | DI20: 11.47 | DK20: 2 | GM20: 0.15
B21: =IF(S21<>"",S21,T21) -> EXP20260602-2777383 | C21: =SUM(E21:K21) -> 32.4 | D21: =SUM(E21:L21) -> 32.4 | E21: =IF(BU21+BV21+BW21+CH21+CI21+CJ21+CK21+FO21+FS21+FT21=0,"",BU21+BV21+BW21+CH21+CI21+CJ21+CK21+FO21+FS21+FT21) | F21: =IF(FJ21=0,"",FJ21) | G21: =IF(CP21+DM21+DN21+EE21+EX21+EF21=0,"",CP21+DM21+DN21+EE21+EX21+EF21) | H21: =IF(DW21=0,"",DW21) | I21: =IF(DZ21+EA21+EG21=0,"",DZ21+EA21+EG21) | J21: =IF(BM21+BS21+BT21+BY21+BZ21+CA21+CB21+CC21+CD21+CE21+CF21+CG21+CL21+CM21+CN21+CO21+CQ21+CR21+CT21+CU21+CV21+CW21+CX21+CY21+CZ21+DA21+DB21+DC21+DD21+DE21+DF21+DG21+DH21+DI21+DJ21+DK21+DL21+DO21+DP21+DQ21+DR21+DS21+DT21+DY21+EB21+EC21+ED21+EH21+EI21+EJ21+EK21+EL21+EM21+EN21+EO21+EP21+ER21+ES21+ET21+EU21+EV21+EW21+EY21+EZ21+FA21+FB21+FC21+FD21+FE21+FF21+FG21+FH21+FI21+FK21+FL21+FM21+FN21+FP21+FQ21+FR21+FU21+FV21+FW21+FX21+FY21+FZ21+GA21+GB21+GC21+GD21+GE21+GF21+GG21+GH21+GI21+GJ21+GK21+GL21+GM21=0,"",BM21+BS21+BT21+BY21+BZ21+CA21+CB21+CC21+CD21+CE21+CF21+CG21+CL21+CM21+CN21+CO21+CQ21+CR21+CT21+CU21+CV21+CW21+CX21+CY21+CZ21+DA21+DB21+DC21+DD21+DE21+DF21+DG21+DH21+DI21+DJ21+DK21+DL21+DO21+DP21+DQ21+DR21+DS21+DT21+DY21+EB21+EC21+ED21+EH21+EI21+EJ21+EK21+EL21+EM21+EN21+EO21+EP21+ER21+ES21+ET21+EU21+EV21+EW21+EY21+EZ21+FA21+FB21+FC21+FD21+FE21+FF21+FG21+FH21+FI21+FK21+FL21+FM21+FN21+FP21+FQ21+FR21+FU21+FV21+FW21+FX21+FY21+FZ21+GA21+GB21+GC21+GD21+GE21+GF21+GG21+GH21+GI21+GJ21+GK21+GL21+GM21) -> 32.4 | K21: =DX21+CS21 -> 0 | L21: =BN21-C21 -> 0 | M21: F2606017122 | N21: 46203 | O21: 9505289-C01 | P21: EXP20260602-2777383 | Q21: 2026 | R21: 26-06-0188573 | S21: EXP20260602-2777383 | T21: 26A060188573 | U21: DAP | V21: DOMESTIC | W21: DOMESTIC | X21: 79100 | Y21: MESS | Z21: EDI | AA21: 782 | AC21: 46177 | AD21: 21 | AE21: LA RUCHE LOGISTIQUE | AF21: EXP20260602-2777383 | AG21: FR | AH21: 21 | AI21: CREANCEY | AJ21: 46182 | AK21: Jardins de Fleury Kohler Carole (ENTREPRISE) | AL21: EXP20260602-2777383 | AM21: FR | AN21: 79 | AO21: THOUARS | AR21: 1 | AS21: 1 | AT21: 25 | AU21: 25 | AV21: 0 | AW21: KG | AX21: 25 | AY21: 0 | BE21: PORTPAYE | BF21: STANDARD | BG21: EUR | BM21: 30.25 | BN21: 32.4 | BQ21: LSTANDARD | DK21: 2 | GM21: 0.15
B22: =IF(S22<>"",S22,T22) -> EXP20260602-2776061 | C22: =SUM(E22:K22) -> 49.95 | D22: =SUM(E22:L22) -> 49.95 | E22: =IF(BU22+BV22+BW22+CH22+CI22+CJ22+CK22+FO22+FS22+FT22=0,"",BU22+BV22+BW22+CH22+CI22+CJ22+CK22+FO22+FS22+FT22) | F22: =IF(FJ22=0,"",FJ22) | G22: =IF(CP22+DM22+DN22+EE22+EX22+EF22=0,"",CP22+DM22+DN22+EE22+EX22+EF22) | H22: =IF(DW22=0,"",DW22) | I22: =IF(DZ22+EA22+EG22=0,"",DZ22+EA22+EG22) | J22: =IF(BM22+BS22+BT22+BY22+BZ22+CA22+CB22+CC22+CD22+CE22+CF22+CG22+CL22+CM22+CN22+CO22+CQ22+CR22+CT22+CU22+CV22+CW22+CX22+CY22+CZ22+DA22+DB22+DC22+DD22+DE22+DF22+DG22+DH22+DI22+DJ22+DK22+DL22+DO22+DP22+DQ22+DR22+DS22+DT22+DY22+EB22+EC22+ED22+EH22+EI22+EJ22+EK22+EL22+EM22+EN22+EO22+EP22+ER22+ES22+ET22+EU22+EV22+EW22+EY22+EZ22+FA22+FB22+FC22+FD22+FE22+FF22+FG22+FH22+FI22+FK22+FL22+FM22+FN22+FP22+FQ22+FR22+FU22+FV22+FW22+FX22+FY22+FZ22+GA22+GB22+GC22+GD22+GE22+GF22+GG22+GH22+GI22+GJ22+GK22+GL22+GM22=0,"",BM22+BS22+BT22+BY22+BZ22+CA22+CB22+CC22+CD22+CE22+CF22+CG22+CL22+CM22+CN22+CO22+CQ22+CR22+CT22+CU22+CV22+CW22+CX22+CY22+CZ22+DA22+DB22+DC22+DD22+DE22+DF22+DG22+DH22+DI22+DJ22+DK22+DL22+DO22+DP22+DQ22+DR22+DS22+DT22+DY22+EB22+EC22+ED22+EH22+EI22+EJ22+EK22+EL22+EM22+EN22+EO22+EP22+ER22+ES22+ET22+EU22+EV22+EW22+EY22+EZ22+FA22+FB22+FC22+FD22+FE22+FF22+FG22+FH22+FI22+FK22+FL22+FM22+FN22+FP22+FQ22+FR22+FU22+FV22+FW22+FX22+FY22+FZ22+GA22+GB22+GC22+GD22+GE22+GF22+GG22+GH22+GI22+GJ22+GK22+GL22+GM22) -> 49.95 | K22: =DX22+CS22 -> 0 | L22: =BN22-C22 -> 0 | M22: F2606017122 | N22: 46203 | O22: 9505289-C01 | P22: EXP20260602-2776061 | Q22: 2026 | R22: 26-06-0188575 | S22: EXP20260602-2776061 | T22: 26A060188575 | U22: DAP | V22: DOMESTIC | W22: DOMESTIC | X22: 34150 | Y22: MESS | Z22: EDI | AA22: 560 | AC22: 46177 | AD22: 21 | AE22: LA RUCHE LOGISTIQUE | AF22: EXP20260602-2776061 | AG22: FR | AH22: 21 | AI22: CREANCEY | AJ22: 46183 | AK22: Domaine de la grande sieste Leticia (ENTREPRISE) | AL22: EXP20260602-2776061 | AM22: FR | AN22: 34 | AO22: ANIANE | AR22: 1 | AS22: 1 | AT22: 67 | AU22: 67 | AV22: 0 | AW22: KG | AX22: 67 | AY22: 0 | BE22: PORTPAYE | BF22: STANDARD | BG22: EUR | BM22: 38.24 | BN22: 49.95 | BQ22: LSTANDARD | DI22: 9.56 | DK22: 2 | GM22: 0.15
B23: =IF(S23<>"",S23,T23) -> EXP20260603-2779296 | C23: =SUM(E23:K23) -> 140.23 | D23: =SUM(E23:L23) -> 140.23 | E23: =IF(BU23+BV23+BW23+CH23+CI23+CJ23+CK23+FO23+FS23+FT23=0,"",BU23+BV23+BW23+CH23+CI23+CJ23+CK23+FO23+FS23+FT23) | F23: =IF(FJ23=0,"",FJ23) | G23: =IF(CP23+DM23+DN23+EE23+EX23+EF23=0,"",CP23+DM23+DN23+EE23+EX23+EF23) | H23: =IF(DW23=0,"",DW23) | I23: =IF(DZ23+EA23+EG23=0,"",DZ23+EA23+EG23) | J23: =IF(BM23+BS23+BT23+BY23+BZ23+CA23+CB23+CC23+CD23+CE23+CF23+CG23+CL23+CM23+CN23+CO23+CQ23+CR23+CT23+CU23+CV23+CW23+CX23+CY23+CZ23+DA23+DB23+DC23+DD23+DE23+DF23+DG23+DH23+DI23+DJ23+DK23+DL23+DO23+DP23+DQ23+DR23+DS23+DT23+DY23+EB23+EC23+ED23+EH23+EI23+EJ23+EK23+EL23+EM23+EN23+EO23+EP23+ER23+ES23+ET23+EU23+EV23+EW23+EY23+EZ23+FA23+FB23+FC23+FD23+FE23+FF23+FG23+FH23+FI23+FK23+FL23+FM23+FN23+FP23+FQ23+FR23+FU23+FV23+FW23+FX23+FY23+FZ23+GA23+GB23+GC23+GD23+GE23+GF23+GG23+GH23+GI23+GJ23+GK23+GL23+GM23=0,"",BM23+BS23+BT23+BY23+BZ23+CA23+CB23+CC23+CD23+CE23+CF23+CG23+CL23+CM23+CN23+CO23+CQ23+CR23+CT23+CU23+CV23+CW23+CX23+CY23+CZ23+DA23+DB23+DC23+DD23+DE23+DF23+DG23+DH23+DI23+DJ23+DK23+DL23+DO23+DP23+DQ23+DR23+DS23+DT23+DY23+EB23+EC23+ED23+EH23+EI23+EJ23+EK23+EL23+EM23+EN23+EO23+EP23+ER23+ES23+ET23+EU23+EV23+EW23+EY23+EZ23+FA23+FB23+FC23+FD23+FE23+FF23+FG23+FH23+FI23+FK23+FL23+FM23+FN23+FP23+FQ23+FR23+FU23+FV23+FW23+FX23+FY23+FZ23+GA23+GB23+GC23+GD23+GE23+GF23+GG23+GH23+GI23+GJ23+GK23+GL23+GM23) -> 140.23 | K23: =DX23+CS23 -> 0 | L23: =BN23-C23 -> 0 | M23: F2606017122 | N23: 46203 | O23: 9505289-C01 | P23: EXP20260603-2779296 | Q23: 2026 | R23: 26-06-0188578 | S23: EXP20260603-2779296 | T23: 26A060188578 | U23: DAP | V23: DOMESTIC | W23: DOMESTIC | X23: 30127 | Y23: MESS | Z23: EDI | AA23: 540 | AC23: 46177 | AD23: 21 | AE23: LA RUCHE LOGISTIQUE | AF23: EXP20260603-2779296 | AG23: FR | AH23: 21 | AI23: CREANCEY | AJ23: 46181 | AK23: CHATEAU ST LOUIS LA PERDRIX CASTAN (ENTREPRISE) | AL23: EXP20260603-2779296 | AM23: FR | AN23: 30 | AO23: BELLEGARDE | AR23: 2 | AS23: 2 | AT23: 207 | AU23: 207 | AV23: 0 | AW23: Pal | AX23: 2 | AY23: 0 | BE23: PORTPAYE | BF23: STANDARD | BG23: EUR | BM23: 110.46 | BN23: 140.23 | BQ23: LSTANDARD | DI23: 27.62 | DK23: 2 | GM23: 0.15
B24: =IF(S24<>"",S24,T24) -> EXP20260602-2776687 | C24: =SUM(E24:K24) -> 40.14 | D24: =SUM(E24:L24) -> 40.14 | E24: =IF(BU24+BV24+BW24+CH24+CI24+CJ24+CK24+FO24+FS24+FT24=0,"",BU24+BV24+BW24+CH24+CI24+CJ24+CK24+FO24+FS24+FT24) | F24: =IF(FJ24=0,"",FJ24) | G24: =IF(CP24+DM24+DN24+EE24+EX24+EF24=0,"",CP24+DM24+DN24+EE24+EX24+EF24) | H24: =IF(DW24=0,"",DW24) | I24: =IF(DZ24+EA24+EG24=0,"",DZ24+EA24+EG24) | J24: =IF(BM24+BS24+BT24+BY24+BZ24+CA24+CB24+CC24+CD24+CE24+CF24+CG24+CL24+CM24+CN24+CO24+CQ24+CR24+CT24+CU24+CV24+CW24+CX24+CY24+CZ24+DA24+DB24+DC24+DD24+DE24+DF24+DG24+DH24+DI24+DJ24+DK24+DL24+DO24+DP24+DQ24+DR24+DS24+DT24+DY24+EB24+EC24+ED24+EH24+EI24+EJ24+EK24+EL24+EM24+EN24+EO24+EP24+ER24+ES24+ET24+EU24+EV24+EW24+EY24+EZ24+FA24+FB24+FC24+FD24+FE24+FF24+FG24+FH24+FI24+FK24+FL24+FM24+FN24+FP24+FQ24+FR24+FU24+FV24+FW24+FX24+FY24+FZ24+GA24+GB24+GC24+GD24+GE24+GF24+GG24+GH24+GI24+GJ24+GK24+GL24+GM24=0,"",BM24+BS24+BT24+BY24+BZ24+CA24+CB24+CC24+CD24+CE24+CF24+CG24+CL24+CM24+CN24+CO24+CQ24+CR24+CT24+CU24+CV24+CW24+CX24+CY24+CZ24+DA24+DB24+DC24+DD24+DE24+DF24+DG24+DH24+DI24+DJ24+DK24+DL24+DO24+DP24+DQ24+DR24+DS24+DT24+DY24+EB24+EC24+ED24+EH24+EI24+EJ24+EK24+EL24+EM24+EN24+EO24+EP24+ER24+ES24+ET24+EU24+EV24+EW24+EY24+EZ24+FA24+FB24+FC24+FD24+FE24+FF24+FG24+FH24+FI24+FK24+FL24+FM24+FN24+FP24+FQ24+FR24+FU24+FV24+FW24+FX24+FY24+FZ24+GA24+GB24+GC24+GD24+GE24+GF24+GG24+GH24+GI24+GJ24+GK24+GL24+GM24) -> 40.14 | K24: =DX24+CS24 -> 0 | L24: =BN24-C24 -> 0 | M24: F2606017122 | N24: 46203 | O24: 9505289-C01 | P24: EXP20260602-2776687 | Q24: 2026 | R24: 26-06-0188581 | S24: EXP20260602-2776687 | T24: 26A060188581 | U24: DAP | V24: DOMESTIC | W24: DOMESTIC | X24: 84350 | Y24: MESS | Z24: EDI | AA24: 468 | AC24: 46177 | AD24: 21 | AE24: LA RUCHE LOGISTIQUE | AF24: EXP20260602-2776687 | AG24: FR | AH24: 21 | AI24: CREANCEY | AJ24: 46181 | AK24: EARL LE CLOS BONVIN JEAN CLAUDE (ENTREPRISE) | AL24: EXP20260602-2776687 | AM24: FR | AN24: 84 | AO24: COURTHEZON | AR24: 1 | AS24: 1 | AT24: 32 | AU24: 32 | AV24: 0 | AW24: KG | AX24: 32 | AY24: 0 | BE24: PORTPAYE | BF24: STANDARD | BG24: EUR | BM24: 30.39 | BN24: 40.14 | BQ24: LSTANDARD | DI24: 7.6 | DK24: 2 | GM24: 0.15
B25: =IF(S25<>"",S25,T25) -> EXP20260602-2775732 | C25: =SUM(E25:K25) -> 48.75 | D25: =SUM(E25:L25) -> 48.75 | E25: =IF(BU25+BV25+BW25+CH25+CI25+CJ25+CK25+FO25+FS25+FT25=0,"",BU25+BV25+BW25+CH25+CI25+CJ25+CK25+FO25+FS25+FT25) | F25: =IF(FJ25=0,"",FJ25) | G25: =IF(CP25+DM25+DN25+EE25+EX25+EF25=0,"",CP25+DM25+DN25+EE25+EX25+EF25) | H25: =IF(DW25=0,"",DW25) | I25: =IF(DZ25+EA25+EG25=0,"",DZ25+EA25+EG25) | J25: =IF(BM25+BS25+BT25+BY25+BZ25+CA25+CB25+CC25+CD25+CE25+CF25+CG25+CL25+CM25+CN25+CO25+CQ25+CR25+CT25+CU25+CV25+CW25+CX25+CY25+CZ25+DA25+DB25+DC25+DD25+DE25+DF25+DG25+DH25+DI25+DJ25+DK25+DL25+DO25+DP25+DQ25+DR25+DS25+DT25+DY25+EB25+EC25+ED25+EH25+EI25+EJ25+EK25+EL25+EM25+EN25+EO25+EP25+ER25+ES25+ET25+EU25+EV25+EW25+EY25+EZ25+FA25+FB25+FC25+FD25+FE25+FF25+FG25+FH25+FI25+FK25+FL25+FM25+FN25+FP25+FQ25+FR25+FU25+FV25+FW25+FX25+FY25+FZ25+GA25+GB25+GC25+GD25+GE25+GF25+GG25+GH25+GI25+GJ25+GK25+GL25+GM25=0,"",BM25+BS25+BT25+BY25+BZ25+CA25+CB25+CC25+CD25+CE25+CF25+CG25+CL25+CM25+CN25+CO25+CQ25+CR25+CT25+CU25+CV25+CW25+CX25+CY25+CZ25+DA25+DB25+DC25+DD25+DE25+DF25+DG25+DH25+DI25+DJ25+DK25+DL25+DO25+DP25+DQ25+DR25+DS25+DT25+DY25+EB25+EC25+ED25+EH25+EI25+EJ25+EK25+EL25+EM25+EN25+EO25+EP25+ER25+ES25+ET25+EU25+EV25+EW25+EY25+EZ25+FA25+FB25+FC25+FD25+FE25+FF25+FG25+FH25+FI25+FK25+FL25+FM25+FN25+FP25+FQ25+FR25+FU25+FV25+FW25+FX25+FY25+FZ25+GA25+GB25+GC25+GD25+GE25+GF25+GG25+GH25+GI25+GJ25+GK25+GL25+GM25) -> 48.75 | K25: =DX25+CS25 -> 0 | L25: =BN25-C25 -> 0 | M25: F2606017122 | N25: 46203 | O25: 9505289-C01 | P25: EXP20260602-2775732 | Q25: 2026 | R25: 26-06-0188583 | S25: EXP20260602-2775732 | T25: 26A060188583 | U25: DAP | V25: DOMESTIC | W25: DOMESTIC | X25: 66310 | Y25: MESS | Z25: EDI | AA25: 725 | AC25: 46177 | AD25: 21 | AE25: LA RUCHE LOGISTIQUE | AF25: EXP20260602-2775732 | AG25: FR | AH25: 21 | AI25: CREANCEY | AJ25: 46182 | AK25: GAEC DOMAINE DEVEZA JORDAN DEVEZA (ENTREPRISE) | AL25: EXP20260602-2775732 | AM25: FR | AN25: 66 | AO25: ESTAGEL | AR25: 1 | AS25: 1 | AT25: 46 | AU25: 46 | AV25: 0 | AW25: KG | AX25: 46 | AY25: 0 | BE25: PORTPAYE | BF25: STANDARD | BG25: EUR | BM25: 37.28 | BN25: 48.75 | BQ25: LSTANDARD | DI25: 9.32 | DK25: 2 | GM25: 0.15
B26: =IF(S26<>"",S26,T26) -> EXP20260602-2776126 | C26: =SUM(E26:K26) -> 62.48 | D26: =SUM(E26:L26) -> 62.48 | E26: =IF(BU26+BV26+BW26+CH26+CI26+CJ26+CK26+FO26+FS26+FT26=0,"",BU26+BV26+BW26+CH26+CI26+CJ26+CK26+FO26+FS26+FT26) | F26: =IF(FJ26=0,"",FJ26) | G26: =IF(CP26+DM26+DN26+EE26+EX26+EF26=0,"",CP26+DM26+DN26+EE26+EX26+EF26) | H26: =IF(DW26=0,"",DW26) | I26: =IF(DZ26+EA26+EG26=0,"",DZ26+EA26+EG26) | J26: =IF(BM26+BS26+BT26+BY26+BZ26+CA26+CB26+CC26+CD26+CE26+CF26+CG26+CL26+CM26+CN26+CO26+CQ26+CR26+CT26+CU26+CV26+CW26+CX26+CY26+CZ26+DA26+DB26+DC26+DD26+DE26+DF26+DG26+DH26+DI26+DJ26+DK26+DL26+DO26+DP26+DQ26+DR26+DS26+DT26+DY26+EB26+EC26+ED26+EH26+EI26+EJ26+EK26+EL26+EM26+EN26+EO26+EP26+ER26+ES26+ET26+EU26+EV26+EW26+EY26+EZ26+FA26+FB26+FC26+FD26+FE26+FF26+FG26+FH26+FI26+FK26+FL26+FM26+FN26+FP26+FQ26+FR26+FU26+FV26+FW26+FX26+FY26+FZ26+GA26+GB26+GC26+GD26+GE26+GF26+GG26+GH26+GI26+GJ26+GK26+GL26+GM26=0,"",BM26+BS26+BT26+BY26+BZ26+CA26+CB26+CC26+CD26+CE26+CF26+CG26+CL26+CM26+CN26+CO26+CQ26+CR26+CT26+CU26+CV26+CW26+CX26+CY26+CZ26+DA26+DB26+DC26+DD26+DE26+DF26+DG26+DH26+DI26+DJ26+DK26+DL26+DO26+DP26+DQ26+DR26+DS26+DT26+DY26+EB26+EC26+ED26+EH26+EI26+EJ26+EK26+EL26+EM26+EN26+EO26+EP26+ER26+ES26+ET26+EU26+EV26+EW26+EY26+EZ26+FA26+FB26+FC26+FD26+FE26+FF26+FG26+FH26+FI26+FK26+FL26+FM26+FN26+FP26+FQ26+FR26+FU26+FV26+FW26+FX26+FY26+FZ26+GA26+GB26+GC26+GD26+GE26+GF26+GG26+GH26+GI26+GJ26+GK26+GL26+GM26) -> 62.48 | K26: =DX26+CS26 -> 0 | L26: =BN26-C26 -> 0 | M26: F2606017122 | N26: 46203 | O26: 9505289-C01 | P26: EXP20260602-2776126 | Q26: 2026 | R26: 26-06-0188587 | S26: EXP20260602-2776126 | T26: 26A060188587 | U26: DAP | V26: DOMESTIC | W26: DOMESTIC | X26: 34290 | Y26: MESS | Z26: EDI | AA26: 695 | AC26: 46177 | AD26: 21 | AE26: LA RUCHE LOGISTIQUE | AF26: EXP20260602-2776126 | AG26: FR | AH26: 21 | AI26: CREANCEY | AJ26: 46182 | AK26: BRUNO ANDREU | AL26: EXP20260602-2776126 | AM26: FR | AN26: 34 | AO26: MONTBLANC | AR26: 1 | AS26: 1 | AT26: 112 | AU26: 112 | AV26: 0 | AW26: KG | AX26: 112 | AY26: 0 | BE26: PORTPAYE | BF26: STANDARD | BG26: EUR | BM26: 48.26 | BN26: 62.48 | BQ26: LSTANDARD | DI26: 12.07 | DK26: 2 | GM26: 0.15
B27: =IF(S27<>"",S27,T27) -> EXP20260602-2777127 | C27: =SUM(E27:K27) -> 43.15 | D27: =SUM(E27:L27) -> 43.15 | E27: =IF(BU27+BV27+BW27+CH27+CI27+CJ27+CK27+FO27+FS27+FT27=0,"",BU27+BV27+BW27+CH27+CI27+CJ27+CK27+FO27+FS27+FT27) | F27: =IF(FJ27=0,"",FJ27) | G27: =IF(CP27+DM27+DN27+EE27+EX27+EF27=0,"",CP27+DM27+DN27+EE27+EX27+EF27) | H27: =IF(DW27=0,"",DW27) | I27: =IF(DZ27+EA27+EG27=0,"",DZ27+EA27+EG27) | J27: =IF(BM27+BS27+BT27+BY27+BZ27+CA27+CB27+CC27+CD27+CE27+CF27+CG27+CL27+CM27+CN27+CO27+CQ27+CR27+CT27+CU27+CV27+CW27+CX27+CY27+CZ27+DA27+DB27+DC27+DD27+DE27+DF27+DG27+DH27+DI27+DJ27+DK27+DL27+DO27+DP27+DQ27+DR27+DS27+DT27+DY27+EB27+EC27+ED27+EH27+EI27+EJ27+EK27+EL27+EM27+EN27+EO27+EP27+ER27+ES27+ET27+EU27+EV27+EW27+EY27+EZ27+FA27+FB27+FC27+FD27+FE27+FF27+FG27+FH27+FI27+FK27+FL27+FM27+FN27+FP27+FQ27+FR27+FU27+FV27+FW27+FX27+FY27+FZ27+GA27+GB27+GC27+GD27+GE27+GF27+GG27+GH27+GI27+GJ27+GK27+GL27+GM27=0,"",BM27+BS27+BT27+BY27+BZ27+CA27+CB27+CC27+CD27+CE27+CF27+CG27+CL27+CM27+CN27+CO27+CQ27+CR27+CT27+CU27+CV27+CW27+CX27+CY27+CZ27+DA27+DB27+DC27+DD27+DE27+DF27+DG27+DH27+DI27+DJ27+DK27+DL27+DO27+DP27+DQ27+DR27+DS27+DT27+DY27+EB27+EC27+ED27+EH27+EI27+EJ27+EK27+EL27+EM27+EN27+EO27+EP27+ER27+ES27+ET27+EU27+EV27+EW27+EY27+EZ27+FA27+FB27+FC27+FD27+FE27+FF27+FG27+FH27+FI27+FK27+FL27+FM27+FN27+FP27+FQ27+FR27+FU27+FV27+FW27+FX27+FY27+FZ27+GA27+GB27+GC27+GD27+GE27+GF27+GG27+GH27+GI27+GJ27+GK27+GL27+GM27) -> 43.15 | K27: =DX27+CS27 -> 0 | L27: =BN27-C27 -> 0 | M27: F2606017122 | N27: 46203 | O27: 9505289-C01 | P27: EXP20260602-2777127 | Q27: 2026 | R27: 26-06-0188590 | S27: EXP20260602-2777127 | T27: 26A060188590 | U27: DAP | V27: DOMESTIC | W27: DOMESTIC | X27: 30610 | Y27: MESS | Z27: EDI | AA27: 540 | AC27: 46177 | AD27: 21 | AE27: LA RUCHE LOGISTIQUE | AF27: EXP20260602-2777127 | AG27: FR | AH27: 21 | AI27: CREANCEY | AJ27: 46188 | AK27: SAS CHATEAU PUECH LONG FRIZON Lione (ENTREPRISE) | AL27: EXP20260602-2777127 | AM27: FR | AN27: 30 | AO27: ST NAZAIRE DES GARDIES | AR27: 1 | AS27: 1 | AT27: 45 | AU27: 45 | AV27: 0 | AW27: KG | AX27: 45 | AY27: 0 | BE27: PORTPAYE | BF27: STANDARD | BG27: EUR | BM27: 32.8 | BN27: 43.15 | BQ27: LSTANDARD | DI27: 8.2 | DK27: 2 | GM27: 0.15
B28: =IF(S28<>"",S28,T28) -> EXP20260602-2775888 | C28: =SUM(E28:K28) -> 22.54 | D28: =SUM(E28:L28) -> 22.54 | E28: =IF(BU28+BV28+BW28+CH28+CI28+CJ28+CK28+FO28+FS28+FT28=0,"",BU28+BV28+BW28+CH28+CI28+CJ28+CK28+FO28+FS28+FT28) | F28: =IF(FJ28=0,"",FJ28) | G28: =IF(CP28+DM28+DN28+EE28+EX28+EF28=0,"",CP28+DM28+DN28+EE28+EX28+EF28) | H28: =IF(DW28=0,"",DW28) | I28: =IF(DZ28+EA28+EG28=0,"",DZ28+EA28+EG28) | J28: =IF(BM28+BS28+BT28+BY28+BZ28+CA28+CB28+CC28+CD28+CE28+CF28+CG28+CL28+CM28+CN28+CO28+CQ28+CR28+CT28+CU28+CV28+CW28+CX28+CY28+CZ28+DA28+DB28+DC28+DD28+DE28+DF28+DG28+DH28+DI28+DJ28+DK28+DL28+DO28+DP28+DQ28+DR28+DS28+DT28+DY28+EB28+EC28+ED28+EH28+EI28+EJ28+EK28+EL28+EM28+EN28+EO28+EP28+ER28+ES28+ET28+EU28+EV28+EW28+EY28+EZ28+FA28+FB28+FC28+FD28+FE28+FF28+FG28+FH28+FI28+FK28+FL28+FM28+FN28+FP28+FQ28+FR28+FU28+FV28+FW28+FX28+FY28+FZ28+GA28+GB28+GC28+GD28+GE28+GF28+GG28+GH28+GI28+GJ28+GK28+GL28+GM28=0,"",BM28+BS28+BT28+BY28+BZ28+CA28+CB28+CC28+CD28+CE28+CF28+CG28+CL28+CM28+CN28+CO28+CQ28+CR28+CT28+CU28+CV28+CW28+CX28+CY28+CZ28+DA28+DB28+DC28+DD28+DE28+DF28+DG28+DH28+DI28+DJ28+DK28+DL28+DO28+DP28+DQ28+DR28+DS28+DT28+DY28+EB28+EC28+ED28+EH28+EI28+EJ28+EK28+EL28+EM28+EN28+EO28+EP28+ER28+ES28+ET28+EU28+EV28+EW28+EY28+EZ28+FA28+FB28+FC28+FD28+FE28+FF28+FG28+FH28+FI28+FK28+FL28+FM28+FN28+FP28+FQ28+FR28+FU28+FV28+FW28+FX28+FY28+FZ28+GA28+GB28+GC28+GD28+GE28+GF28+GG28+GH28+GI28+GJ28+GK28+GL28+GM28) -> 22.54 | K28: =DX28+CS28 -> 0 | L28: =BN28-C28 -> 0 | M28: F2606017122 | N28: 46203 | O28: 9505289-C01 | P28: EXP20260602-2775888 | Q28: 2026 | R28: 26-06-0188594 | S28: EXP20260602-2775888 | T28: 26A060188594 | U28: DAP | V28: DOMESTIC | W28: DOMESTIC | X28: 21590 | Y28: MESS | Z28: EDI | AA28: 81 | AC28: 46177 | AD28: 21 | AE28: LA RUCHE LOGISTIQUE | AF28: EXP20260602-2775888 | AG28: FR | AH28: 21 | AI28: CREANCEY | AJ28: 46178 | AK28: SARL Antoine Olivier - Cuverie Laur (ENTREPRISE) | AL28: EXP20260602-2775888 | AM28: FR | AN28: 21 | AO28: SANTENAY | AR28: 1 | AS28: 1 | AT28: 30 | AU28: 30 | AV28: 0 | AW28: KG | AX28: 30 | AY28: 0 | BE28: PORTPAYE | BF28: STANDARD | BG28: EUR | BM28: 20.39 | BN28: 22.54 | BQ28: LSTANDARD | DK28: 2 | GM28: 0.15
B29: =IF(S29<>"",S29,T29) -> EXP20260603-2778257 | C29: =SUM(E29:K29) -> 144.78 | D29: =SUM(E29:L29) -> 144.78 | E29: =IF(BU29+BV29+BW29+CH29+CI29+CJ29+CK29+FO29+FS29+FT29=0,"",BU29+BV29+BW29+CH29+CI29+CJ29+CK29+FO29+FS29+FT29) | F29: =IF(FJ29=0,"",FJ29) | G29: =IF(CP29+DM29+DN29+EE29+EX29+EF29=0,"",CP29+DM29+DN29+EE29+EX29+EF29) | H29: =IF(DW29=0,"",DW29) | I29: =IF(DZ29+EA29+EG29=0,"",DZ29+EA29+EG29) | J29: =IF(BM29+BS29+BT29+BY29+BZ29+CA29+CB29+CC29+CD29+CE29+CF29+CG29+CL29+CM29+CN29+CO29+CQ29+CR29+CT29+CU29+CV29+CW29+CX29+CY29+CZ29+DA29+DB29+DC29+DD29+DE29+DF29+DG29+DH29+DI29+DJ29+DK29+DL29+DO29+DP29+DQ29+DR29+DS29+DT29+DY29+EB29+EC29+ED29+EH29+EI29+EJ29+EK29+EL29+EM29+EN29+EO29+EP29+ER29+ES29+ET29+EU29+EV29+EW29+EY29+EZ29+FA29+FB29+FC29+FD29+FE29+FF29+FG29+FH29+FI29+FK29+FL29+FM29+FN29+FP29+FQ29+FR29+FU29+FV29+FW29+FX29+FY29+FZ29+GA29+GB29+GC29+GD29+GE29+GF29+GG29+GH29+GI29+GJ29+GK29+GL29+GM29=0,"",BM29+BS29+BT29+BY29+BZ29+CA29+CB29+CC29+CD29+CE29+CF29+CG29+CL29+CM29+CN29+CO29+CQ29+CR29+CT29+CU29+CV29+CW29+CX29+CY29+CZ29+DA29+DB29+DC29+DD29+DE29+DF29+DG29+DH29+DI29+DJ29+DK29+DL29+DO29+DP29+DQ29+DR29+DS29+DT29+DY29+EB29+EC29+ED29+EH29+EI29+EJ29+EK29+EL29+EM29+EN29+EO29+EP29+ER29+ES29+ET29+EU29+EV29+EW29+EY29+EZ29+FA29+FB29+FC29+FD29+FE29+FF29+FG29+FH29+FI29+FK29+FL29+FM29+FN29+FP29+FQ29+FR29+FU29+FV29+FW29+FX29+FY29+FZ29+GA29+GB29+GC29+GD29+GE29+GF29+GG29+GH29+GI29+GJ29+GK29+GL29+GM29) -> 144.78 | K29: =DX29+CS29 -> 0 | L29: =BN29-C29 -> 0 | M29: F2606017122 | N29: 46203 | O29: 9505289-C01 | P29: EXP20260603-2778257 | Q29: 2026 | R29: 26-06-0188599 | S29: EXP20260603-2778257 | T29: 26A060188599 | U29: DAP | V29: DOMESTIC | W29: DOMESTIC | X29: 34725 | Y29: MESS | Z29: EDI | AA29: 560 | AC29: 46177 | AD29: 21 | AE29: LA RUCHE LOGISTIQUE | AF29: EXP20260603-2778257 | AG29: FR | AH29: 21 | AI29: CREANCEY | AJ29: 46183 | AK29: SARL MAS JULLIEN Olivier JULLIEN (ENTREPRISE) | AL29: EXP20260603-2778257 | AM29: FR | AN29: 34 | AO29: JONQUIERES | AR29: 2 | AS29: 2 | AT29: 166 | AU29: 166 | AV29: 0 | AW29: Pal | AX29: 2 | AY29: 0 | BE29: PORTPAYE | BF29: STANDARD | BG29: EUR | BM29: 114.1 | BN29: 144.78 | BQ29: LSTANDARD | DI29: 28.53 | DK29: 2 | GM29: 0.15
B30: =IF(S30<>"",S30,T30) -> EXP20260602-2776125 | C30: =SUM(E30:K30) -> 27.73 | D30: =SUM(E30:L30) -> 27.73 | E30: =IF(BU30+BV30+BW30+CH30+CI30+CJ30+CK30+FO30+FS30+FT30=0,"",BU30+BV30+BW30+CH30+CI30+CJ30+CK30+FO30+FS30+FT30) | F30: =IF(FJ30=0,"",FJ30) | G30: =IF(CP30+DM30+DN30+EE30+EX30+EF30=0,"",CP30+DM30+DN30+EE30+EX30+EF30) | H30: =IF(DW30=0,"",DW30) | I30: =IF(DZ30+EA30+EG30=0,"",DZ30+EA30+EG30) | J30: =IF(BM30+BS30+BT30+BY30+BZ30+CA30+CB30+CC30+CD30+CE30+CF30+CG30+CL30+CM30+CN30+CO30+CQ30+CR30+CT30+CU30+CV30+CW30+CX30+CY30+CZ30+DA30+DB30+DC30+DD30+DE30+DF30+DG30+DH30+DI30+DJ30+DK30+DL30+DO30+DP30+DQ30+DR30+DS30+DT30+DY30+EB30+EC30+ED30+EH30+EI30+EJ30+EK30+EL30+EM30+EN30+EO30+EP30+ER30+ES30+ET30+EU30+EV30+EW30+EY30+EZ30+FA30+FB30+FC30+FD30+FE30+FF30+FG30+FH30+FI30+FK30+FL30+FM30+FN30+FP30+FQ30+FR30+FU30+FV30+FW30+FX30+FY30+FZ30+GA30+GB30+GC30+GD30+GE30+GF30+GG30+GH30+GI30+GJ30+GK30+GL30+GM30=0,"",BM30+BS30+BT30+BY30+BZ30+CA30+CB30+CC30+CD30+CE30+CF30+CG30+CL30+CM30+CN30+CO30+CQ30+CR30+CT30+CU30+CV30+CW30+CX30+CY30+CZ30+DA30+DB30+DC30+DD30+DE30+DF30+DG30+DH30+DI30+DJ30+DK30+DL30+DO30+DP30+DQ30+DR30+DS30+DT30+DY30+EB30+EC30+ED30+EH30+EI30+EJ30+EK30+EL30+EM30+EN30+EO30+EP30+ER30+ES30+ET30+EU30+EV30+EW30+EY30+EZ30+FA30+FB30+FC30+FD30+FE30+FF30+FG30+FH30+FI30+FK30+FL30+FM30+FN30+FP30+FQ30+FR30+FU30+FV30+FW30+FX30+FY30+FZ30+GA30+GB30+GC30+GD30+GE30+GF30+GG30+GH30+GI30+GJ30+GK30+GL30+GM30) -> 27.73 | K30: =DX30+CS30 -> 0 | L30: =BN30-C30 -> 0 | M30: F2606017122 | N30: 46203 | O30: 9505289-C01 | P30: EXP20260602-2776125 | Q30: 2026 | R30: 26-06-0188602 | S30: EXP20260602-2776125 | T30: 26A060188602 | U30: DAP | V30: DOMESTIC | W30: DOMESTIC | X30: 71390 | Y30: MESS | Z30: EDI | AA30: 91 | AC30: 46177 | AD30: 21 | AE30: LA RUCHE LOGISTIQUE | AF30: EXP20260602-2776125 | AG30: FR | AH30: 21 | AI30: CREANCEY | AJ30: 46183 | AK30: Domaine Michaud Michaud Ophelie (ENTREPRISE) | AL30: EXP20260602-2776125 | AM30: FR | AN30: 71 | AO30: MOROGES | AR30: 1 | AS30: 1 | AT30: 73 | AU30: 73 | AV30: 0 | AW30: KG | AX30: 73 | AY30: 0 | BE30: PORTPAYE | BF30: STANDARD | BG30: EUR | BM30: 25.58 | BN30: 27.73 | BQ30: LSTANDARD | DK30: 2 | GM30: 0.15
B31: =IF(S31<>"",S31,T31) -> EXP20260603-2778709 | C31: =SUM(E31:K31) -> 28.33 | D31: =SUM(E31:L31) -> 28.33 | E31: =IF(BU31+BV31+BW31+CH31+CI31+CJ31+CK31+FO31+FS31+FT31=0,"",BU31+BV31+BW31+CH31+CI31+CJ31+CK31+FO31+FS31+FT31) | F31: =IF(FJ31=0,"",FJ31) | G31: =IF(CP31+DM31+DN31+EE31+EX31+EF31=0,"",CP31+DM31+DN31+EE31+EX31+EF31) | H31: =IF(DW31=0,"",DW31) | I31: =IF(DZ31+EA31+EG31=0,"",DZ31+EA31+EG31) | J31: =IF(BM31+BS31+BT31+BY31+BZ31+CA31+CB31+CC31+CD31+CE31+CF31+CG31+CL31+CM31+CN31+CO31+CQ31+CR31+CT31+CU31+CV31+CW31+CX31+CY31+CZ31+DA31+DB31+DC31+DD31+DE31+DF31+DG31+DH31+DI31+DJ31+DK31+DL31+DO31+DP31+DQ31+DR31+DS31+DT31+DY31+EB31+EC31+ED31+EH31+EI31+EJ31+EK31+EL31+EM31+EN31+EO31+EP31+ER31+ES31+ET31+EU31+EV31+EW31+EY31+EZ31+FA31+FB31+FC31+FD31+FE31+FF31+FG31+FH31+FI31+FK31+FL31+FM31+FN31+FP31+FQ31+FR31+FU31+FV31+FW31+FX31+FY31+FZ31+GA31+GB31+GC31+GD31+GE31+GF31+GG31+GH31+GI31+GJ31+GK31+GL31+GM31=0,"",BM31+BS31+BT31+BY31+BZ31+CA31+CB31+CC31+CD31+CE31+CF31+CG31+CL31+CM31+CN31+CO31+CQ31+CR31+CT31+CU31+CV31+CW31+CX31+CY31+CZ31+DA31+DB31+DC31+DD31+DE31+DF31+DG31+DH31+DI31+DJ31+DK31+DL31+DO31+DP31+DQ31+DR31+DS31+DT31+DY31+EB31+EC31+ED31+EH31+EI31+EJ31+EK31+EL31+EM31+EN31+EO31+EP31+ER31+ES31+ET31+EU31+EV31+EW31+EY31+EZ31+FA31+FB31+FC31+FD31+FE31+FF31+FG31+FH31+FI31+FK31+FL31+FM31+FN31+FP31+FQ31+FR31+FU31+FV31+FW31+FX31+FY31+FZ31+GA31+GB31+GC31+GD31+GE31+GF31+GG31+GH31+GI31+GJ31+GK31+GL31+GM31) -> 28.33 | K31: =DX31+CS31 -> 0 | L31: =BN31-C31 -> 0 | M31: F2606017122 | N31: 46203 | O31: 9505289-C01 | P31: EXP20260603-2778709 | Q31: 2026 | R31: 26-06-0188607 | S31: EXP20260603-2778709 | T31: 26A060188607 | U31: DAP | V31: DOMESTIC | W31: DOMESTIC | X31: 63200 | Y31: MESS | Z31: EDI | AA31: 320 | AC31: 46177 | AD31: 21 | AE31: LA RUCHE LOGISTIQUE | AF31: EXP20260603-2778709 | AG31: FR | AH31: 21 | AI31: CREANCEY | AJ31: 46184 | AK31: SCEA Domaine DEAT Julien DEAT (ENTREPRISE) | AL31: EXP20260603-2778709 | AM31: FR | AN31: 63 | AO31: ST BONNET PRES RIOM | AR31: 1 | AS31: 1 | AT31: 34 | AU31: 34 | AV31: 0 | AW31: KG | AX31: 34 | AY31: 0 | BE31: PORTPAYE | BF31: STANDARD | BG31: EUR | BM31: 26.18 | BN31: 28.33 | BQ31: LSTANDARD | DK31: 2 | GM31: 0.15
B32: =IF(S32<>"",S32,T32) -> EXP20260604-2780015 | C32: =SUM(E32:K32) -> 47.36 | D32: =SUM(E32:L32) -> 47.36 | E32: =IF(BU32+BV32+BW32+CH32+CI32+CJ32+CK32+FO32+FS32+FT32=0,"",BU32+BV32+BW32+CH32+CI32+CJ32+CK32+FO32+FS32+FT32) | F32: =IF(FJ32=0,"",FJ32) | G32: =IF(CP32+DM32+DN32+EE32+EX32+EF32=0,"",CP32+DM32+DN32+EE32+EX32+EF32) | H32: =IF(DW32=0,"",DW32) | I32: =IF(DZ32+EA32+EG32=0,"",DZ32+EA32+EG32) | J32: =IF(BM32+BS32+BT32+BY32+BZ32+CA32+CB32+CC32+CD32+CE32+CF32+CG32+CL32+CM32+CN32+CO32+CQ32+CR32+CT32+CU32+CV32+CW32+CX32+CY32+CZ32+DA32+DB32+DC32+DD32+DE32+DF32+DG32+DH32+DI32+DJ32+DK32+DL32+DO32+DP32+DQ32+DR32+DS32+DT32+DY32+EB32+EC32+ED32+EH32+EI32+EJ32+EK32+EL32+EM32+EN32+EO32+EP32+ER32+ES32+ET32+EU32+EV32+EW32+EY32+EZ32+FA32+FB32+FC32+FD32+FE32+FF32+FG32+FH32+FI32+FK32+FL32+FM32+FN32+FP32+FQ32+FR32+FU32+FV32+FW32+FX32+FY32+FZ32+GA32+GB32+GC32+GD32+GE32+GF32+GG32+GH32+GI32+GJ32+GK32+GL32+GM32=0,"",BM32+BS32+BT32+BY32+BZ32+CA32+CB32+CC32+CD32+CE32+CF32+CG32+CL32+CM32+CN32+CO32+CQ32+CR32+CT32+CU32+CV32+CW32+CX32+CY32+CZ32+DA32+DB32+DC32+DD32+DE32+DF32+DG32+DH32+DI32+DJ32+DK32+DL32+DO32+DP32+DQ32+DR32+DS32+DT32+DY32+EB32+EC32+ED32+EH32+EI32+EJ32+EK32+EL32+EM32+EN32+EO32+EP32+ER32+ES32+ET32+EU32+EV32+EW32+EY32+EZ32+FA32+FB32+FC32+FD32+FE32+FF32+FG32+FH32+FI32+FK32+FL32+FM32+FN32+FP32+FQ32+FR32+FU32+FV32+FW32+FX32+FY32+FZ32+GA32+GB32+GC32+GD32+GE32+GF32+GG32+GH32+GI32+GJ32+GK32+GL32+GM32) -> 47.36 | K32: =DX32+CS32 -> 0 | L32: =BN32-C32 -> 0 | M32: F2606017122 | N32: 46203 | O32: 9505289-C01 | P32: EXP20260604-2780015 | Q32: 2026 | R32: 26-06-0188611 | S32: EXP20260604-2780015 | T32: 26A060188611 | U32: DAP | V32: DOMESTIC | W32: DOMESTIC | X32: 68920 | Y32: MESS | Z32: EDI | AA32: 298 | AC32: 46177 | AD32: 21 | AE32: LA RUCHE LOGISTIQUE | AF32: EXP20260604-2780015 | AG32: FR | AH32: 21 | AI32: CREANCEY | AJ32: 46184 | AK32: EARL Jean-Claude BUECHER et Fils Fr (ENTREPRISE) | AL32: EXP20260604-2780015 | AM32: FR | AN32: 68 | AO32: WETTOLSHEIM | AR32: 1 | AS32: 1 | AT32: 156 | AU32: 156 | AV32: 0 | AW32: Pal | AX32: 1 | AY32: 0 | BE32: PORTPAYE | BF32: STANDARD | BG32: EUR | BM32: 45.21 | BN32: 47.36 | BQ32: LSTANDARD | DK32: 2 | GM32: 0.15
B33: =IF(S33<>"",S33,T33) -> EXP20260602-2775846 | C33: =SUM(E33:K33) -> 51.4 | D33: =SUM(E33:L33) -> 51.4 | E33: =IF(BU33+BV33+BW33+CH33+CI33+CJ33+CK33+FO33+FS33+FT33=0,"",BU33+BV33+BW33+CH33+CI33+CJ33+CK33+FO33+FS33+FT33) | F33: =IF(FJ33=0,"",FJ33) | G33: =IF(CP33+DM33+DN33+EE33+EX33+EF33=0,"",CP33+DM33+DN33+EE33+EX33+EF33) | H33: =IF(DW33=0,"",DW33) | I33: =IF(DZ33+EA33+EG33=0,"",DZ33+EA33+EG33) | J33: =IF(BM33+BS33+BT33+BY33+BZ33+CA33+CB33+CC33+CD33+CE33+CF33+CG33+CL33+CM33+CN33+CO33+CQ33+CR33+CT33+CU33+CV33+CW33+CX33+CY33+CZ33+DA33+DB33+DC33+DD33+DE33+DF33+DG33+DH33+DI33+DJ33+DK33+DL33+DO33+DP33+DQ33+DR33+DS33+DT33+DY33+EB33+EC33+ED33+EH33+EI33+EJ33+EK33+EL33+EM33+EN33+EO33+EP33+ER33+ES33+ET33+EU33+EV33+EW33+EY33+EZ33+FA33+FB33+FC33+FD33+FE33+FF33+FG33+FH33+FI33+FK33+FL33+FM33+FN33+FP33+FQ33+FR33+FU33+FV33+FW33+FX33+FY33+FZ33+GA33+GB33+GC33+GD33+GE33+GF33+GG33+GH33+GI33+GJ33+GK33+GL33+GM33=0,"",BM33+BS33+BT33+BY33+BZ33+CA33+CB33+CC33+CD33+CE33+CF33+CG33+CL33+CM33+CN33+CO33+CQ33+CR33+CT33+CU33+CV33+CW33+CX33+CY33+CZ33+DA33+DB33+DC33+DD33+DE33+DF33+DG33+DH33+DI33+DJ33+DK33+DL33+DO33+DP33+DQ33+DR33+DS33+DT33+DY33+EB33+EC33+ED33+EH33+EI33+EJ33+EK33+EL33+EM33+EN33+EO33+EP33+ER33+ES33+ET33+EU33+EV33+EW33+EY33+EZ33+FA33+FB33+FC33+FD33+FE33+FF33+FG33+FH33+FI33+FK33+FL33+FM33+FN33+FP33+FQ33+FR33+FU33+FV33+FW33+FX33+FY33+FZ33+GA33+GB33+GC33+GD33+GE33+GF33+GG33+GH33+GI33+GJ33+GK33+GL33+GM33) -> 51.4 | K33: =DX33+CS33 -> 0 | L33: =BN33-C33 -> 0 | M33: F2606017122 | N33: 46203 | O33: 9505289-C01 | P33: EXP20260602-2775846 | Q33: 2026 | R33: 26-06-0188614 | S33: EXP20260602-2775846 | T33: 26A060188614 | U33: DAP | V33: DOMESTIC | W33: DOMESTIC | X33: 84700 | Y33: MESS | Z33: EDI | AA33: 468 | AC33: 46177 | AD33: 21 | AE33: LA RUCHE LOGISTIQUE | AF33: EXP20260602-2775846 | AG33: FR | AH33: 21 | AI33: CREANCEY | AJ33: 46183 | AK33: Domaine Le Pere Brun Brun Nicolas (ENTREPRISE) | AL33: EXP20260602-2775846 | AM33: FR | AN33: 84 | AO33: SORGUES | AR33: 1 | AS33: 1 | AT33: 90 | AU33: 90 | AV33: 0 | AW33: KG | AX33: 90 | AY33: 0 | BE33: PORTPAYE | BF33: STANDARD | BG33: EUR | BM33: 39.4 | BN33: 51.4 | BQ33: LSTANDARD | DI33: 9.85 | DK33: 2 | GM33: 0.15
B34: =IF(S34<>"",S34,T34) -> EXP20260603-2779250 | C34: =SUM(E34:K34) -> 58.3 | D34: =SUM(E34:L34) -> 58.3 | E34: =IF(BU34+BV34+BW34+CH34+CI34+CJ34+CK34+FO34+FS34+FT34=0,"",BU34+BV34+BW34+CH34+CI34+CJ34+CK34+FO34+FS34+FT34) | F34: =IF(FJ34=0,"",FJ34) | G34: =IF(CP34+DM34+DN34+EE34+EX34+EF34=0,"",CP34+DM34+DN34+EE34+EX34+EF34) | H34: =IF(DW34=0,"",DW34) | I34: =IF(DZ34+EA34+EG34=0,"",DZ34+EA34+EG34) | J34: =IF(BM34+BS34+BT34+BY34+BZ34+CA34+CB34+CC34+CD34+CE34+CF34+CG34+CL34+CM34+CN34+CO34+CQ34+CR34+CT34+CU34+CV34+CW34+CX34+CY34+CZ34+DA34+DB34+DC34+DD34+DE34+DF34+DG34+DH34+DI34+DJ34+DK34+DL34+DO34+DP34+DQ34+DR34+DS34+DT34+DY34+EB34+EC34+ED34+EH34+EI34+EJ34+EK34+EL34+EM34+EN34+EO34+EP34+ER34+ES34+ET34+EU34+EV34+EW34+EY34+EZ34+FA34+FB34+FC34+FD34+FE34+FF34+FG34+FH34+FI34+FK34+FL34+FM34+FN34+FP34+FQ34+FR34+FU34+FV34+FW34+FX34+FY34+FZ34+GA34+GB34+GC34+GD34+GE34+GF34+GG34+GH34+GI34+GJ34+GK34+GL34+GM34=0,"",BM34+BS34+BT34+BY34+BZ34+CA34+CB34+CC34+CD34+CE34+CF34+CG34+CL34+CM34+CN34+CO34+CQ34+CR34+CT34+CU34+CV34+CW34+CX34+CY34+CZ34+DA34+DB34+DC34+DD34+DE34+DF34+DG34+DH34+DI34+DJ34+DK34+DL34+DO34+DP34+DQ34+DR34+DS34+DT34+DY34+EB34+EC34+ED34+EH34+EI34+EJ34+EK34+EL34+EM34+EN34+EO34+EP34+ER34+ES34+ET34+EU34+EV34+EW34+EY34+EZ34+FA34+FB34+FC34+FD34+FE34+FF34+FG34+FH34+FI34+FK34+FL34+FM34+FN34+FP34+FQ34+FR34+FU34+FV34+FW34+FX34+FY34+FZ34+GA34+GB34+GC34+GD34+GE34+GF34+GG34+GH34+GI34+GJ34+GK34+GL34+GM34) -> 58.3 | K34: =DX34+CS34 -> 0 | L34: =BN34-C34 -> 0 | M34: F2606017122 | N34: 46203 | O34: 9505289-C01 | P34: EXP20260603-2779250 | Q34: 2026 | R34: 26-06-0188618 | S34: EXP20260603-2779250 | T34: 26A060188618 | U34: DAP | V34: DOMESTIC | W34: DOMESTIC | X34: 84190 | Y34: MESS | Z34: EDI | AA34: 468 | AC34: 46177 | AD34: 21 | AE34: LA RUCHE LOGISTIQUE | AF34: EXP20260603-2779250 | AG34: FR | AH34: 21 | AI34: CREANCEY | AJ34: 46181 | AK34: SCEA LEYDIER & Fils Henri LEYDIER (ENTREPRISE) | AL34: EXP20260603-2779250 | AM34: FR | AN34: 84 | AO34: BEAUMES DE VENISE | AR34: 1 | AS34: 1 | AT34: 112 | AU34: 112 | AV34: 0 | AW34: KG | AX34: 112 | AY34: 0 | BE34: PORTPAYE | BF34: STANDARD | BG34: EUR | BM34: 44.92 | BN34: 58.3 | BQ34: LSTANDARD | DI34: 11.23 | DK34: 2 | GM34: 0.15
B35: =IF(S35<>"",S35,T35) -> EXP20260603-2778099 | C35: =SUM(E35:K35) -> 35.54 | D35: =SUM(E35:L35) -> 35.54 | E35: =IF(BU35+BV35+BW35+CH35+CI35+CJ35+CK35+FO35+FS35+FT35=0,"",BU35+BV35+BW35+CH35+CI35+CJ35+CK35+FO35+FS35+FT35) | F35: =IF(FJ35=0,"",FJ35) | G35: =IF(CP35+DM35+DN35+EE35+EX35+EF35=0,"",CP35+DM35+DN35+EE35+EX35+EF35) | H35: =IF(DW35=0,"",DW35) | I35: =IF(DZ35+EA35+EG35=0,"",DZ35+EA35+EG35) | J35: =IF(BM35+BS35+BT35+BY35+BZ35+CA35+CB35+CC35+CD35+CE35+CF35+CG35+CL35+CM35+CN35+CO35+CQ35+CR35+CT35+CU35+CV35+CW35+CX35+CY35+CZ35+DA35+DB35+DC35+DD35+DE35+DF35+DG35+DH35+DI35+DJ35+DK35+DL35+DO35+DP35+DQ35+DR35+DS35+DT35+DY35+EB35+EC35+ED35+EH35+EI35+EJ35+EK35+EL35+EM35+EN35+EO35+EP35+ER35+ES35+ET35+EU35+EV35+EW35+EY35+EZ35+FA35+FB35+FC35+FD35+FE35+FF35+FG35+FH35+FI35+FK35+FL35+FM35+FN35+FP35+FQ35+FR35+FU35+FV35+FW35+FX35+FY35+FZ35+GA35+GB35+GC35+GD35+GE35+GF35+GG35+GH35+GI35+GJ35+GK35+GL35+GM35=0,"",BM35+BS35+BT35+BY35+BZ35+CA35+CB35+CC35+CD35+CE35+CF35+CG35+CL35+CM35+CN35+CO35+CQ35+CR35+CT35+CU35+CV35+CW35+CX35+CY35+CZ35+DA35+DB35+DC35+DD35+DE35+DF35+DG35+DH35+DI35+DJ35+DK35+DL35+DO35+DP35+DQ35+DR35+DS35+DT35+DY35+EB35+EC35+ED35+EH35+EI35+EJ35+EK35+EL35+EM35+EN35+EO35+EP35+ER35+ES35+ET35+EU35+EV35+EW35+EY35+EZ35+FA35+FB35+FC35+FD35+FE35+FF35+FG35+FH35+FI35+FK35+FL35+FM35+FN35+FP35+FQ35+FR35+FU35+FV35+FW35+FX35+FY35+FZ35+GA35+GB35+GC35+GD35+GE35+GF35+GG35+GH35+GI35+GJ35+GK35+GL35+GM35) -> 35.54 | K35: =DX35+CS35 -> 0 | L35: =BN35-C35 -> 0 | M35: F2606017122 | N35: 46203 | O35: 9505289-C01 | P35: EXP20260603-2778099 | Q35: 2026 | R35: 26-06-0188623 | S35: EXP20260603-2778099 | T35: 26A060188623 | U35: DAP | V35: DOMESTIC | W35: DOMESTIC | X35: 83390 | Y35: MESS | Z35: EDI | AA35: 599 | AC35: 46177 | AD35: 21 | AE35: LA RUCHE LOGISTIQUE | AF35: EXP20260603-2778099 | AG35: FR | AH35: 21 | AI35: CREANCEY | AJ35: 46182 | AK35: SCEA VICAM Jean-Luc HUSSON (ENTREPRISE) | AL35: EXP20260603-2778099 | AM35: FR | AN35: 83 | AO35: PUGET VILLE | AR35: 1 | AS35: 1 | AT35: 11 | AU35: 11 | AV35: 0 | AW35: KG | AX35: 11 | AY35: 0 | BE35: PORTPAYE | BF35: STANDARD | BG35: EUR | BM35: 26.71 | BN35: 35.54 | BQ35: LSTANDARD | DI35: 6.68 | DK35: 2 | GM35: 0.15
B36: =IF(S36<>"",S36,T36) -> EXP20260604-2780091 | C36: =SUM(E36:K36) -> 59.69 | D36: =SUM(E36:L36) -> 59.69 | E36: =IF(BU36+BV36+BW36+CH36+CI36+CJ36+CK36+FO36+FS36+FT36=0,"",BU36+BV36+BW36+CH36+CI36+CJ36+CK36+FO36+FS36+FT36) | F36: =IF(FJ36=0,"",FJ36) | G36: =IF(CP36+DM36+DN36+EE36+EX36+EF36=0,"",CP36+DM36+DN36+EE36+EX36+EF36) | H36: =IF(DW36=0,"",DW36) | I36: =IF(DZ36+EA36+EG36=0,"",DZ36+EA36+EG36) | J36: =IF(BM36+BS36+BT36+BY36+BZ36+CA36+CB36+CC36+CD36+CE36+CF36+CG36+CL36+CM36+CN36+CO36+CQ36+CR36+CT36+CU36+CV36+CW36+CX36+CY36+CZ36+DA36+DB36+DC36+DD36+DE36+DF36+DG36+DH36+DI36+DJ36+DK36+DL36+DO36+DP36+DQ36+DR36+DS36+DT36+DY36+EB36+EC36+ED36+EH36+EI36+EJ36+EK36+EL36+EM36+EN36+EO36+EP36+ER36+ES36+ET36+EU36+EV36+EW36+EY36+EZ36+FA36+FB36+FC36+FD36+FE36+FF36+FG36+FH36+FI36+FK36+FL36+FM36+FN36+FP36+FQ36+FR36+FU36+FV36+FW36+FX36+FY36+FZ36+GA36+GB36+GC36+GD36+GE36+GF36+GG36+GH36+GI36+GJ36+GK36+GL36+GM36=0,"",BM36+BS36+BT36+BY36+BZ36+CA36+CB36+CC36+CD36+CE36+CF36+CG36+CL36+CM36+CN36+CO36+CQ36+CR36+CT36+CU36+CV36+CW36+CX36+CY36+CZ36+DA36+DB36+DC36+DD36+DE36+DF36+DG36+DH36+DI36+DJ36+DK36+DL36+DO36+DP36+DQ36+DR36+DS36+DT36+DY36+EB36+EC36+ED36+EH36+EI36+EJ36+EK36+EL36+EM36+EN36+EO36+EP36+ER36+ES36+ET36+EU36+EV36+EW36+EY36+EZ36+FA36+FB36+FC36+FD36+FE36+FF36+FG36+FH36+FI36+FK36+FL36+FM36+FN36+FP36+FQ36+FR36+FU36+FV36+FW36+FX36+FY36+FZ36+GA36+GB36+GC36+GD36+GE36+GF36+GG36+GH36+GI36+GJ36+GK36+GL36+GM36) -> 59.69 | K36: =DX36+CS36 -> 0 | L36: =BN36-C36 -> 0 | M36: F2606017122 | N36: 46203 | O36: 9505289-C01 | P36: EXP20260604-2780091 | Q36: 2026 | R36: 26-06-0188628 | S36: EXP20260604-2780091 | T36: 26A060188628 | U36: DAP | V36: DOMESTIC | W36: DOMESTIC | X36: 77270 | Y36: MESS | Z36: EDI | AA36: 454 | AC36: 46177 | AD36: 21 | AE36: LA RUCHE LOGISTIQUE | AF36: EXP20260604-2780091 | AG36: FR | AH36: 21 | AI36: CREANCEY | AJ36: 46181 | AK36: Pharmavance Groupement Pharmavance (ENTREPRISE) | AL36: EXP20260604-2780091 | AM36: FR | AN36: 77 | AO36: VILLEPARISIS | AR36: 1 | AS36: 1 | AT36: 274 | AU36: 274 | AV36: 0 | AW36: Pal | AX36: 1 | AY36: 0 | BE36: PORTPAYE | BF36: STANDARD | BG36: EUR | BM36: 57.54 | BN36: 59.69 | BQ36: LSTANDARD | DK36: 2 | GM36: 0.15
B37: =IF(S37<>"",S37,T37) -> EXP20260604-2780547 | C37: =SUM(E37:K37) -> 140.23 | D37: =SUM(E37:L37) -> 140.23 | E37: =IF(BU37+BV37+BW37+CH37+CI37+CJ37+CK37+FO37+FS37+FT37=0,"",BU37+BV37+BW37+CH37+CI37+CJ37+CK37+FO37+FS37+FT37) | F37: =IF(FJ37=0,"",FJ37) | G37: =IF(CP37+DM37+DN37+EE37+EX37+EF37=0,"",CP37+DM37+DN37+EE37+EX37+EF37) | H37: =IF(DW37=0,"",DW37) | I37: =IF(DZ37+EA37+EG37=0,"",DZ37+EA37+EG37) | J37: =IF(BM37+BS37+BT37+BY37+BZ37+CA37+CB37+CC37+CD37+CE37+CF37+CG37+CL37+CM37+CN37+CO37+CQ37+CR37+CT37+CU37+CV37+CW37+CX37+CY37+CZ37+DA37+DB37+DC37+DD37+DE37+DF37+DG37+DH37+DI37+DJ37+DK37+DL37+DO37+DP37+DQ37+DR37+DS37+DT37+DY37+EB37+EC37+ED37+EH37+EI37+EJ37+EK37+EL37+EM37+EN37+EO37+EP37+ER37+ES37+ET37+EU37+EV37+EW37+EY37+EZ37+FA37+FB37+FC37+FD37+FE37+FF37+FG37+FH37+FI37+FK37+FL37+FM37+FN37+FP37+FQ37+FR37+FU37+FV37+FW37+FX37+FY37+FZ37+GA37+GB37+GC37+GD37+GE37+GF37+GG37+GH37+GI37+GJ37+GK37+GL37+GM37=0,"",BM37+BS37+BT37+BY37+BZ37+CA37+CB37+CC37+CD37+CE37+CF37+CG37+CL37+CM37+CN37+CO37+CQ37+CR37+CT37+CU37+CV37+CW37+CX37+CY37+CZ37+DA37+DB37+DC37+DD37+DE37+DF37+DG37+DH37+DI37+DJ37+DK37+DL37+DO37+DP37+DQ37+DR37+DS37+DT37+DY37+EB37+EC37+ED37+EH37+EI37+EJ37+EK37+EL37+EM37+EN37+EO37+EP37+ER37+ES37+ET37+EU37+EV37+EW37+EY37+EZ37+FA37+FB37+FC37+FD37+FE37+FF37+FG37+FH37+FI37+FK37+FL37+FM37+FN37+FP37+FQ37+FR37+FU37+FV37+FW37+FX37+FY37+FZ37+GA37+GB37+GC37+GD37+GE37+GF37+GG37+GH37+GI37+GJ37+GK37+GL37+GM37) -> 140.23 | K37: =DX37+CS37 -> 0 | L37: =BN37-C37 -> 0 | M37: F2606017122 | N37: 46203 | O37: 9505289-C01 | P37: EXP20260604-2780547 | Q37: 2026 | R37: 26-06-0188634 | S37: EXP20260604-2780547 | T37: 26A060188634 | U37: DAP | V37: DOMESTIC | W37: DOMESTIC | X37: 30700 | Y37: MESS | Z37: EDI | AA37: 478 | AC37: 46177 | AD37: 21 | AE37: LA RUCHE LOGISTIQUE | AF37: EXP20260604-2780547 | AG37: FR | AH37: 21 | AI37: CREANCEY | AJ37: 46181 | AK37: EARL DOMAINE SAINT FIRMIN DOMAINE S (ENTREPRISE) | AL37: EXP20260604-2780547 | AM37: FR | AN37: 30 | AO37: UZES | AR37: 2 | AS37: 2 | AT37: 244 | AU37: 244 | AV37: 0 | AW37: Pal | AX37: 2 | AY37: 0 | BE37: PORTPAYE | BF37: STANDARD | BG37: EUR | BM37: 110.46 | BN37: 140.23 | BQ37: LSTANDARD | DI37: 27.62 | DK37: 2 | GM37: 0.15
B38: =IF(S38<>"",S38,T38) -> EXP20260603-2779154 | C38: =SUM(E38:K38) -> 44.96 | D38: =SUM(E38:L38) -> 44.96 | E38: =IF(BU38+BV38+BW38+CH38+CI38+CJ38+CK38+FO38+FS38+FT38=0,"",BU38+BV38+BW38+CH38+CI38+CJ38+CK38+FO38+FS38+FT38) | F38: =IF(FJ38=0,"",FJ38) | G38: =IF(CP38+DM38+DN38+EE38+EX38+EF38=0,"",CP38+DM38+DN38+EE38+EX38+EF38) | H38: =IF(DW38=0,"",DW38) | I38: =IF(DZ38+EA38+EG38=0,"",DZ38+EA38+EG38) | J38: =IF(BM38+BS38+BT38+BY38+BZ38+CA38+CB38+CC38+CD38+CE38+CF38+CG38+CL38+CM38+CN38+CO38+CQ38+CR38+CT38+CU38+CV38+CW38+CX38+CY38+CZ38+DA38+DB38+DC38+DD38+DE38+DF38+DG38+DH38+DI38+DJ38+DK38+DL38+DO38+DP38+DQ38+DR38+DS38+DT38+DY38+EB38+EC38+ED38+EH38+EI38+EJ38+EK38+EL38+EM38+EN38+EO38+EP38+ER38+ES38+ET38+EU38+EV38+EW38+EY38+EZ38+FA38+FB38+FC38+FD38+FE38+FF38+FG38+FH38+FI38+FK38+FL38+FM38+FN38+FP38+FQ38+FR38+FU38+FV38+FW38+FX38+FY38+FZ38+GA38+GB38+GC38+GD38+GE38+GF38+GG38+GH38+GI38+GJ38+GK38+GL38+GM38=0,"",BM38+BS38+BT38+BY38+BZ38+CA38+CB38+CC38+CD38+CE38+CF38+CG38+CL38+CM38+CN38+CO38+CQ38+CR38+CT38+CU38+CV38+CW38+CX38+CY38+CZ38+DA38+DB38+DC38+DD38+DE38+DF38+DG38+DH38+DI38+DJ38+DK38+DL38+DO38+DP38+DQ38+DR38+DS38+DT38+DY38+EB38+EC38+ED38+EH38+EI38+EJ38+EK38+EL38+EM38+EN38+EO38+EP38+ER38+ES38+ET38+EU38+EV38+EW38+EY38+EZ38+FA38+FB38+FC38+FD38+FE38+FF38+FG38+FH38+FI38+FK38+FL38+FM38+FN38+FP38+FQ38+FR38+FU38+FV38+FW38+FX38+FY38+FZ38+GA38+GB38+GC38+GD38+GE38+GF38+GG38+GH38+GI38+GJ38+GK38+GL38+GM38) -> 44.96 | K38: =DX38+CS38 -> 0 | L38: =BN38-C38 -> 0 | M38: F2606017122 | N38: 46203 | O38: 9505289-C01 | P38: EXP20260603-2779154 | Q38: 2026 | R38: 26-06-0188640 | S38: EXP20260603-2779154 | T38: 26A060188640 | U38: DAP | V38: DOMESTIC | W38: DOMESTIC | X38: 83270 | Y38: MESS | Z38: EDI | AA38: 599 | AC38: 46177 | AD38: 21 | AE38: LA RUCHE LOGISTIQUE | AF38: EXP20260603-2779154 | AG38: FR | AH38: 21 | AI38: CREANCEY | AJ38: 46181 | AK38: EARL CHATEAU PRADEAUX Etienne PORTA (ENTREPRISE) | AL38: EXP20260603-2779154 | AM38: FR | AN38: 83 | AO38: ST CYR SUR MER | AR38: 1 | AS38: 1 | AT38: 34 | AU38: 34 | AV38: 0 | AW38: KG | AX38: 34 | AY38: 0 | BE38: PORTPAYE | BF38: STANDARD | BG38: EUR | BM38: 34.25 | BN38: 44.96 | BQ38: LSTANDARD | DI38: 8.56 | DK38: 2 | GM38: 0.15
B39: =IF(S39<>"",S39,T39) -> EXP20260602-2777045 | C39: =SUM(E39:K39) -> 46.98 | D39: =SUM(E39:L39) -> 46.98 | E39: =IF(BU39+BV39+BW39+CH39+CI39+CJ39+CK39+FO39+FS39+FT39=0,"",BU39+BV39+BW39+CH39+CI39+CJ39+CK39+FO39+FS39+FT39) | F39: =IF(FJ39=0,"",FJ39) | G39: =IF(CP39+DM39+DN39+EE39+EX39+EF39=0,"",CP39+DM39+DN39+EE39+EX39+EF39) | H39: =IF(DW39=0,"",DW39) | I39: =IF(DZ39+EA39+EG39=0,"",DZ39+EA39+EG39) | J39: =IF(BM39+BS39+BT39+BY39+BZ39+CA39+CB39+CC39+CD39+CE39+CF39+CG39+CL39+CM39+CN39+CO39+CQ39+CR39+CT39+CU39+CV39+CW39+CX39+CY39+CZ39+DA39+DB39+DC39+DD39+DE39+DF39+DG39+DH39+DI39+DJ39+DK39+DL39+DO39+DP39+DQ39+DR39+DS39+DT39+DY39+EB39+EC39+ED39+EH39+EI39+EJ39+EK39+EL39+EM39+EN39+EO39+EP39+ER39+ES39+ET39+EU39+EV39+EW39+EY39+EZ39+FA39+FB39+FC39+FD39+FE39+FF39+FG39+FH39+FI39+FK39+FL39+FM39+FN39+FP39+FQ39+FR39+FU39+FV39+FW39+FX39+FY39+FZ39+GA39+GB39+GC39+GD39+GE39+GF39+GG39+GH39+GI39+GJ39+GK39+GL39+GM39=0,"",BM39+BS39+BT39+BY39+BZ39+CA39+CB39+CC39+CD39+CE39+CF39+CG39+CL39+CM39+CN39+CO39+CQ39+CR39+CT39+CU39+CV39+CW39+CX39+CY39+CZ39+DA39+DB39+DC39+DD39+DE39+DF39+DG39+DH39+DI39+DJ39+DK39+DL39+DO39+DP39+DQ39+DR39+DS39+DT39+DY39+EB39+EC39+ED39+EH39+EI39+EJ39+EK39+EL39+EM39+EN39+EO39+EP39+ER39+ES39+ET39+EU39+EV39+EW39+EY39+EZ39+FA39+FB39+FC39+FD39+FE39+FF39+FG39+FH39+FI39+FK39+FL39+FM39+FN39+FP39+FQ39+FR39+FU39+FV39+FW39+FX39+FY39+FZ39+GA39+GB39+GC39+GD39+GE39+GF39+GG39+GH39+GI39+GJ39+GK39+GL39+GM39) -> 46.98 | K39: =DX39+CS39 -> 0 | L39: =BN39-C39 -> 0 | M39: F2606017122 | N39: 46203 | O39: 9505289-C01 | P39: EXP20260602-2777045 | Q39: 2026 | R39: 26-06-0188646 | S39: EXP20260602-2777045 | T39: 26A060188646 | U39: DAP | V39: DOMESTIC | W39: DOMESTIC | X39: 18300 | Y39: MESS | Z39: EDI | AA39: 297 | AC39: 46177 | AD39: 21 | AE39: LA RUCHE LOGISTIQUE | AF39: EXP20260602-2777045 | AG39: FR | AH39: 21 | AI39: CREANCEY | AJ39: 46181 | AK39: Domaine LEMAIN-POUILLOT - SDS LEMAI (ENTREPRISE) | AL39: EXP20260602-2777045 | AM39: FR | AN39: 18 | AO39: BUE | AR39: 1 | AS39: 1 | AT39: 139 | AU39: 139 | AV39: 0 | AW39: KG | AX39: 139 | AY39: 0 | BE39: PORTPAYE | BF39: STANDARD | BG39: EUR | BM39: 44.83 | BN39: 46.98 | BQ39: LSTANDARD | DK39: 2 | GM39: 0.15
B40: =IF(S40<>"",S40,T40) -> EXP20260603-2777654 | C40: =SUM(E40:K40) -> 61.74 | D40: =SUM(E40:L40) -> 61.74 | E40: =IF(BU40+BV40+BW40+CH40+CI40+CJ40+CK40+FO40+FS40+FT40=0,"",BU40+BV40+BW40+CH40+CI40+CJ40+CK40+FO40+FS40+FT40) | F40: =IF(FJ40=0,"",FJ40) | G40: =IF(CP40+DM40+DN40+EE40+EX40+EF40=0,"",CP40+DM40+DN40+EE40+EX40+EF40) | H40: =IF(DW40=0,"",DW40) | I40: =IF(DZ40+EA40+EG40=0,"",DZ40+EA40+EG40) | J40: =IF(BM40+BS40+BT40+BY40+BZ40+CA40+CB40+CC40+CD40+CE40+CF40+CG40+CL40+CM40+CN40+CO40+CQ40+CR40+CT40+CU40+CV40+CW40+CX40+CY40+CZ40+DA40+DB40+DC40+DD40+DE40+DF40+DG40+DH40+DI40+DJ40+DK40+DL40+DO40+DP40+DQ40+DR40+DS40+DT40+DY40+EB40+EC40+ED40+EH40+EI40+EJ40+EK40+EL40+EM40+EN40+EO40+EP40+ER40+ES40+ET40+EU40+EV40+EW40+EY40+EZ40+FA40+FB40+FC40+FD40+FE40+FF40+FG40+FH40+FI40+FK40+FL40+FM40+FN40+FP40+FQ40+FR40+FU40+FV40+FW40+FX40+FY40+FZ40+GA40+GB40+GC40+GD40+GE40+GF40+GG40+GH40+GI40+GJ40+GK40+GL40+GM40=0,"",BM40+BS40+BT40+BY40+BZ40+CA40+CB40+CC40+CD40+CE40+CF40+CG40+CL40+CM40+CN40+CO40+CQ40+CR40+CT40+CU40+CV40+CW40+CX40+CY40+CZ40+DA40+DB40+DC40+DD40+DE40+DF40+DG40+DH40+DI40+DJ40+DK40+DL40+DO40+DP40+DQ40+DR40+DS40+DT40+DY40+EB40+EC40+ED40+EH40+EI40+EJ40+EK40+EL40+EM40+EN40+EO40+EP40+ER40+ES40+ET40+EU40+EV40+EW40+EY40+EZ40+FA40+FB40+FC40+FD40+FE40+FF40+FG40+FH40+FI40+FK40+FL40+FM40+FN40+FP40+FQ40+FR40+FU40+FV40+FW40+FX40+FY40+FZ40+GA40+GB40+GC40+GD40+GE40+GF40+GG40+GH40+GI40+GJ40+GK40+GL40+GM40) -> 61.74 | K40: =DX40+CS40 -> 0 | L40: =BN40-C40 -> 0 | M40: F2606017122 | N40: 46203 | O40: 9505289-C01 | P40: EXP20260603-2777654 | Q40: 2026 | R40: 26-06-0188652 | S40: EXP20260603-2777654 | T40: 26A060188652 | U40: DAP | V40: DOMESTIC | W40: DOMESTIC | X40: 95470 | Y40: MESS | Z40: EDI | AA40: 505 | AC40: 46177 | AD40: 21 | AE40: LA RUCHE LOGISTIQUE | AF40: EXP20260603-2777654 | AG40: FR | AH40: 21 | AI40: CREANCEY | AK40: DACHSER France Agence de Roiss The (ENTREPRISE) | AL40: EXP20260603-2777654 | AM40: FR | AN40: 95 | AO40: VEMARS | AR40: 1 | AS40: 1 | AT40: 354 | AU40: 354 | AV40: 0 | AW40: Pal | AX40: 1 | AY40: 0 | BE40: PORTPAYE | BF40: STANDARD | BG40: EUR | BM40: 59.59 | BN40: 61.74 | BQ40: LSTANDARD | DK40: 2 | GM40: 0.15
B41: =IF(S41<>"",S41,T41) -> EXP20260601-2774872 | C41: =SUM(E41:K41) -> 27.79 | D41: =SUM(E41:L41) -> 27.79 | E41: =IF(BU41+BV41+BW41+CH41+CI41+CJ41+CK41+FO41+FS41+FT41=0,"",BU41+BV41+BW41+CH41+CI41+CJ41+CK41+FO41+FS41+FT41) | F41: =IF(FJ41=0,"",FJ41) | G41: =IF(CP41+DM41+DN41+EE41+EX41+EF41=0,"",CP41+DM41+DN41+EE41+EX41+EF41) | H41: =IF(DW41=0,"",DW41) | I41: =IF(DZ41+EA41+EG41=0,"",DZ41+EA41+EG41) | J41: =IF(BM41+BS41+BT41+BY41+BZ41+CA41+CB41+CC41+CD41+CE41+CF41+CG41+CL41+CM41+CN41+CO41+CQ41+CR41+CT41+CU41+CV41+CW41+CX41+CY41+CZ41+DA41+DB41+DC41+DD41+DE41+DF41+DG41+DH41+DI41+DJ41+DK41+DL41+DO41+DP41+DQ41+DR41+DS41+DT41+DY41+EB41+EC41+ED41+EH41+EI41+EJ41+EK41+EL41+EM41+EN41+EO41+EP41+ER41+ES41+ET41+EU41+EV41+EW41+EY41+EZ41+FA41+FB41+FC41+FD41+FE41+FF41+FG41+FH41+FI41+FK41+FL41+FM41+FN41+FP41+FQ41+FR41+FU41+FV41+FW41+FX41+FY41+FZ41+GA41+GB41+GC41+GD41+GE41+GF41+GG41+GH41+GI41+GJ41+GK41+GL41+GM41=0,"",BM41+BS41+BT41+BY41+BZ41+CA41+CB41+CC41+CD41+CE41+CF41+CG41+CL41+CM41+CN41+CO41+CQ41+CR41+CT41+CU41+CV41+CW41+CX41+CY41+CZ41+DA41+DB41+DC41+DD41+DE41+DF41+DG41+DH41+DI41+DJ41+DK41+DL41+DO41+DP41+DQ41+DR41+DS41+DT41+DY41+EB41+EC41+ED41+EH41+EI41+EJ41+EK41+EL41+EM41+EN41+EO41+EP41+ER41+ES41+ET41+EU41+EV41+EW41+EY41+EZ41+FA41+FB41+FC41+FD41+FE41+FF41+FG41+FH41+FI41+FK41+FL41+FM41+FN41+FP41+FQ41+FR41+FU41+FV41+FW41+FX41+FY41+FZ41+GA41+GB41+GC41+GD41+GE41+GF41+GG41+GH41+GI41+GJ41+GK41+GL41+GM41) -> 27.79 | K41: =DX41+CS41 -> 0 | L41: =BN41-C41 -> 0 | M41: F2606017122 | N41: 46203 | O41: 9505289-C01 | P41: EXP20260601-2774872 | Q41: 2026 | R41: 26-06-0188657 | S41: EXP20260601-2774872 | T41: 26A060188657 | U41: DAP | V41: DOMESTIC | W41: DOMESTIC | X41: 89800 | Y41: MESS | Z41: EDI | AA41: 236 | AC41: 46177 | AD41: 21 | AE41: LA RUCHE LOGISTIQUE | AF41: EXP20260601-2774872 | AG41: FR | AH41: 21 | AI41: CREANCEY | AJ41: 46181 | AK41: LE DOMAINE D'HENRI MARGAUX LAROCHE (ENTREPRISE) | AL41: EXP20260601-2774872 | AM41: FR | AN41: 89 | AO41: CHABLIS | AR41: 1 | AS41: 1 | AT41: 44 | AU41: 44 | AV41: 0 | AW41: KG | AX41: 44 | AY41: 0 | BE41: PORTPAYE | BF41: STANDARD | BG41: EUR | BM41: 25.64 | BN41: 27.79 | BQ41: LSTANDARD | DK41: 2 | GM41: 0.15
B42: =IF(S42<>"",S42,T42) -> EXP20260603-2779194 | C42: =SUM(E42:K42) -> 33.46 | D42: =SUM(E42:L42) -> 33.46 | E42: =IF(BU42+BV42+BW42+CH42+CI42+CJ42+CK42+FO42+FS42+FT42=0,"",BU42+BV42+BW42+CH42+CI42+CJ42+CK42+FO42+FS42+FT42) | F42: =IF(FJ42=0,"",FJ42) | G42: =IF(CP42+DM42+DN42+EE42+EX42+EF42=0,"",CP42+DM42+DN42+EE42+EX42+EF42) | H42: =IF(DW42=0,"",DW42) | I42: =IF(DZ42+EA42+EG42=0,"",DZ42+EA42+EG42) | J42: =IF(BM42+BS42+BT42+BY42+BZ42+CA42+CB42+CC42+CD42+CE42+CF42+CG42+CL42+CM42+CN42+CO42+CQ42+CR42+CT42+CU42+CV42+CW42+CX42+CY42+CZ42+DA42+DB42+DC42+DD42+DE42+DF42+DG42+DH42+DI42+DJ42+DK42+DL42+DO42+DP42+DQ42+DR42+DS42+DT42+DY42+EB42+EC42+ED42+EH42+EI42+EJ42+EK42+EL42+EM42+EN42+EO42+EP42+ER42+ES42+ET42+EU42+EV42+EW42+EY42+EZ42+FA42+FB42+FC42+FD42+FE42+FF42+FG42+FH42+FI42+FK42+FL42+FM42+FN42+FP42+FQ42+FR42+FU42+FV42+FW42+FX42+FY42+FZ42+GA42+GB42+GC42+GD42+GE42+GF42+GG42+GH42+GI42+GJ42+GK42+GL42+GM42=0,"",BM42+BS42+BT42+BY42+BZ42+CA42+CB42+CC42+CD42+CE42+CF42+CG42+CL42+CM42+CN42+CO42+CQ42+CR42+CT42+CU42+CV42+CW42+CX42+CY42+CZ42+DA42+DB42+DC42+DD42+DE42+DF42+DG42+DH42+DI42+DJ42+DK42+DL42+DO42+DP42+DQ42+DR42+DS42+DT42+DY42+EB42+EC42+ED42+EH42+EI42+EJ42+EK42+EL42+EM42+EN42+EO42+EP42+ER42+ES42+ET42+EU42+EV42+EW42+EY42+EZ42+FA42+FB42+FC42+FD42+FE42+FF42+FG42+FH42+FI42+FK42+FL42+FM42+FN42+FP42+FQ42+FR42+FU42+FV42+FW42+FX42+FY42+FZ42+GA42+GB42+GC42+GD42+GE42+GF42+GG42+GH42+GI42+GJ42+GK42+GL42+GM42) -> 33.46 | K42: =DX42+CS42 -> 0 | L42: =BN42-C42 -> 0 | M42: F2606017122 | N42: 46203 | O42: 9505289-C01 | P42: EXP20260603-2779194 | Q42: 2026 | R42: 26-06-0188662 | S42: EXP20260603-2779194 | T42: 26A060188662 | U42: DAP | V42: DOMESTIC | W42: DOMESTIC | X42: 89800 | Y42: MESS | Z42: EDI | AA42: 236 | AC42: 46177 | AD42: 21 | AE42: LA RUCHE LOGISTIQUE | AF42: EXP20260603-2779194 | AG42: FR | AH42: 21 | AI42: CREANCEY | AJ42: 46181 | AK42: SARL Francine et Olivier Savary SAV (ENTREPRISE) | AL42: EXP20260603-2779194 | AM42: FR | AN42: 89 | AO42: MALIGNY | AR42: 1 | AS42: 1 | AT42: 100 | AU42: 100 | AV42: 0 | AW42: KG | AX42: 100 | AY42: 0 | BE42: PORTPAYE | BF42: STANDARD | BG42: EUR | BM42: 31.31 | BN42: 33.46 | BQ42: LSTANDARD | DK42: 2 | GM42: 0.15
B43: =IF(S43<>"",S43,T43) -> EXP20260602-2776824 | C43: =SUM(E43:K43) -> 29.9 | D43: =SUM(E43:L43) -> 29.9 | E43: =IF(BU43+BV43+BW43+CH43+CI43+CJ43+CK43+FO43+FS43+FT43=0,"",BU43+BV43+BW43+CH43+CI43+CJ43+CK43+FO43+FS43+FT43) | F43: =IF(FJ43=0,"",FJ43) | G43: =IF(CP43+DM43+DN43+EE43+EX43+EF43=0,"",CP43+DM43+DN43+EE43+EX43+EF43) | H43: =IF(DW43=0,"",DW43) | I43: =IF(DZ43+EA43+EG43=0,"",DZ43+EA43+EG43) | J43: =IF(BM43+BS43+BT43+BY43+BZ43+CA43+CB43+CC43+CD43+CE43+CF43+CG43+CL43+CM43+CN43+CO43+CQ43+CR43+CT43+CU43+CV43+CW43+CX43+CY43+CZ43+DA43+DB43+DC43+DD43+DE43+DF43+DG43+DH43+DI43+DJ43+DK43+DL43+DO43+DP43+DQ43+DR43+DS43+DT43+DY43+EB43+EC43+ED43+EH43+EI43+EJ43+EK43+EL43+EM43+EN43+EO43+EP43+ER43+ES43+ET43+EU43+EV43+EW43+EY43+EZ43+FA43+FB43+FC43+FD43+FE43+FF43+FG43+FH43+FI43+FK43+FL43+FM43+FN43+FP43+FQ43+FR43+FU43+FV43+FW43+FX43+FY43+FZ43+GA43+GB43+GC43+GD43+GE43+GF43+GG43+GH43+GI43+GJ43+GK43+GL43+GM43=0,"",BM43+BS43+BT43+BY43+BZ43+CA43+CB43+CC43+CD43+CE43+CF43+CG43+CL43+CM43+CN43+CO43+CQ43+CR43+CT43+CU43+CV43+CW43+CX43+CY43+CZ43+DA43+DB43+DC43+DD43+DE43+DF43+DG43+DH43+DI43+DJ43+DK43+DL43+DO43+DP43+DQ43+DR43+DS43+DT43+DY43+EB43+EC43+ED43+EH43+EI43+EJ43+EK43+EL43+EM43+EN43+EO43+EP43+ER43+ES43+ET43+EU43+EV43+EW43+EY43+EZ43+FA43+FB43+FC43+FD43+FE43+FF43+FG43+FH43+FI43+FK43+FL43+FM43+FN43+FP43+FQ43+FR43+FU43+FV43+FW43+FX43+FY43+FZ43+GA43+GB43+GC43+GD43+GE43+GF43+GG43+GH43+GI43+GJ43+GK43+GL43+GM43) -> 29.9 | K43: =DX43+CS43 -> 0 | L43: =BN43-C43 -> 0 | M43: F2606017122 | N43: 46203 | O43: 9505289-C01 | P43: EXP20260602-2776824 | Q43: 2026 | R43: 26-06-0188666 | S43: EXP20260602-2776824 | T43: 26A060188666 | U43: DAP | V43: DOMESTIC | W43: DOMESTIC | X43: 69460 | Y43: MESS | Z43: EDI | AA43: 187 | AC43: 46177 | AD43: 21 | AE43: LA RUCHE LOGISTIQUE | AF43: EXP20260602-2776824 | AG43: FR | AH43: 21 | AI43: CREANCEY | AJ43: 46181 | AK43: Franck LARGE Franck LARGE (ENTREPRISE) | AL43: EXP20260602-2776824 | AM43: FR | AN43: 69 | AO43: SALLES ARBUISSONNAS EN BEAUJOLAIS | AR43: 1 | AS43: 1 | AT43: 67 | AU43: 67 | AV43: 0 | AW43: KG | AX43: 67 | AY43: 0 | BE43: PORTPAYE | BF43: STANDARD | BG43: EUR | BM43: 27.75 | BN43: 29.9 | BQ43: LSTANDARD | DK43: 2 | GM43: 0.15
B44: =IF(S44<>"",S44,T44) -> EXP20260603-2779393 | C44: =SUM(E44:K44) -> 28.52 | D44: =SUM(E44:L44) -> 28.52 | E44: =IF(BU44+BV44+BW44+CH44+CI44+CJ44+CK44+FO44+FS44+FT44=0,"",BU44+BV44+BW44+CH44+CI44+CJ44+CK44+FO44+FS44+FT44) | F44: =IF(FJ44=0,"",FJ44) | G44: =IF(CP44+DM44+DN44+EE44+EX44+EF44=0,"",CP44+DM44+DN44+EE44+EX44+EF44) | H44: =IF(DW44=0,"",DW44) | I44: =IF(DZ44+EA44+EG44=0,"",DZ44+EA44+EG44) | J44: =IF(BM44+BS44+BT44+BY44+BZ44+CA44+CB44+CC44+CD44+CE44+CF44+CG44+CL44+CM44+CN44+CO44+CQ44+CR44+CT44+CU44+CV44+CW44+CX44+CY44+CZ44+DA44+DB44+DC44+DD44+DE44+DF44+DG44+DH44+DI44+DJ44+DK44+DL44+DO44+DP44+DQ44+DR44+DS44+DT44+DY44+EB44+EC44+ED44+EH44+EI44+EJ44+EK44+EL44+EM44+EN44+EO44+EP44+ER44+ES44+ET44+EU44+EV44+EW44+EY44+EZ44+FA44+FB44+FC44+FD44+FE44+FF44+FG44+FH44+FI44+FK44+FL44+FM44+FN44+FP44+FQ44+FR44+FU44+FV44+FW44+FX44+FY44+FZ44+GA44+GB44+GC44+GD44+GE44+GF44+GG44+GH44+GI44+GJ44+GK44+GL44+GM44=0,"",BM44+BS44+BT44+BY44+BZ44+CA44+CB44+CC44+CD44+CE44+CF44+CG44+CL44+CM44+CN44+CO44+CQ44+CR44+CT44+CU44+CV44+CW44+CX44+CY44+CZ44+DA44+DB44+DC44+DD44+DE44+DF44+DG44+DH44+DI44+DJ44+DK44+DL44+DO44+DP44+DQ44+DR44+DS44+DT44+DY44+EB44+EC44+ED44+EH44+EI44+EJ44+EK44+EL44+EM44+EN44+EO44+EP44+ER44+ES44+ET44+EU44+EV44+EW44+EY44+EZ44+FA44+FB44+FC44+FD44+FE44+FF44+FG44+FH44+FI44+FK44+FL44+FM44+FN44+FP44+FQ44+FR44+FU44+FV44+FW44+FX44+FY44+FZ44+GA44+GB44+GC44+GD44+GE44+GF44+GG44+GH44+GI44+GJ44+GK44+GL44+GM44) -> 28.52 | K44: =DX44+CS44 -> 0 | L44: =BN44-C44 -> 0 | M44: F2606017122 | N44: 46203 | O44: 9505289-C01 | P44: EXP20260603-2779393 | Q44: 2026 | R44: 26-06-0188670 | S44: EXP20260603-2779393 | T44: 26A060188670 | U44: DAP | V44: DOMESTIC | W44: DOMESTIC | X44: 18120 | Y44: MESS | Z44: EDI | AA44: 297 | AC44: 46177 | AD44: 21 | AE44: LA RUCHE LOGISTIQUE | AF44: EXP20260603-2779393 | AG44: FR | AH44: 21 | AI44: CREANCEY | AJ44: 46184 | AK44: SARL DOMAINE LES POETE Sorbe Guilla (ENTREPRISE) | AL44: EXP20260603-2779393 | AM44: FR | AN44: 18 | AO44: PREUILLY | AR44: 1 | AS44: 1 | AT44: 34 | AU44: 34 | AV44: 0 | AW44: KG | AX44: 34 | AY44: 0 | BE44: PORTPAYE | BF44: STANDARD | BG44: EUR | BM44: 26.37 | BN44: 28.52 | BQ44: LSTANDARD | DK44: 2 | GM44: 0.15
B45: =IF(S45<>"",S45,T45) -> 26A060217880 | C45: =SUM(E45:K45) -> 300 | D45: =SUM(E45:L45) -> 300 | E45: =IF(BU45+BV45+BW45+CH45+CI45+CJ45+CK45+FO45+FS45+FT45=0,"",BU45+BV45+BW45+CH45+CI45+CJ45+CK45+FO45+FS45+FT45) | F45: =IF(FJ45=0,"",FJ45) | G45: =IF(CP45+DM45+DN45+EE45+EX45+EF45=0,"",CP45+DM45+DN45+EE45+EX45+EF45) | H45: =IF(DW45=0,"",DW45) | I45: =IF(DZ45+EA45+EG45=0,"",DZ45+EA45+EG45) | J45: =IF(BM45+BS45+BT45+BY45+BZ45+CA45+CB45+CC45+CD45+CE45+CF45+CG45+CL45+CM45+CN45+CO45+CQ45+CR45+CT45+CU45+CV45+CW45+CX45+CY45+CZ45+DA45+DB45+DC45+DD45+DE45+DF45+DG45+DH45+DI45+DJ45+DK45+DL45+DO45+DP45+DQ45+DR45+DS45+DT45+DY45+EB45+EC45+ED45+EH45+EI45+EJ45+EK45+EL45+EM45+EN45+EO45+EP45+ER45+ES45+ET45+EU45+EV45+EW45+EY45+EZ45+FA45+FB45+FC45+FD45+FE45+FF45+FG45+FH45+FI45+FK45+FL45+FM45+FN45+FP45+FQ45+FR45+FU45+FV45+FW45+FX45+FY45+FZ45+GA45+GB45+GC45+GD45+GE45+GF45+GG45+GH45+GI45+GJ45+GK45+GL45+GM45=0,"",BM45+BS45+BT45+BY45+BZ45+CA45+CB45+CC45+CD45+CE45+CF45+CG45+CL45+CM45+CN45+CO45+CQ45+CR45+CT45+CU45+CV45+CW45+CX45+CY45+CZ45+DA45+DB45+DC45+DD45+DE45+DF45+DG45+DH45+DI45+DJ45+DK45+DL45+DO45+DP45+DQ45+DR45+DS45+DT45+DY45+EB45+EC45+ED45+EH45+EI45+EJ45+EK45+EL45+EM45+EN45+EO45+EP45+ER45+ES45+ET45+EU45+EV45+EW45+EY45+EZ45+FA45+FB45+FC45+FD45+FE45+FF45+FG45+FH45+FI45+FK45+FL45+FM45+FN45+FP45+FQ45+FR45+FU45+FV45+FW45+FX45+FY45+FZ45+GA45+GB45+GC45+GD45+GE45+GF45+GG45+GH45+GI45+GJ45+GK45+GL45+GM45) -> 300 | K45: =DX45+CS45 -> 0 | L45: =BN45-C45 -> 0 | M45: F2606017122 | N45: 46203 | O45: 9505289-C01 | Q45: 2026 | R45: 26-06-0217880 | T45: 26A060217880 | U45: EXW | V45: DOMESTIC | W45: DOMESTIC | X45: 21320 | Y45: AFFR | AA45: 60 | AC45: 46181 | AD45: 21 | AE45: STG | AG45: FR | AH45: 21 | AI45: LONGVIC | AK45: LA RUCHE LOGISTIQUE | AM45: FR | AN45: 21 | AO45: CREANCEY | AR45: 33 | AS45: 33 | AT45: 25000 | AU45: 0 | AV45: 0 | AW45: Pal | AX45: 33 | AY45: 13.4 | BE45: APPRO | BF45: AFFRET | BG45: EUR | BM45: 300 | BN45: 300
B46: =IF(S46<>"",S46,T46) -> EXP20260604-2780089 | C46: =SUM(E46:K46) -> 44.22 | D46: =SUM(E46:L46) -> 44.22 | E46: =IF(BU46+BV46+BW46+CH46+CI46+CJ46+CK46+FO46+FS46+FT46=0,"",BU46+BV46+BW46+CH46+CI46+CJ46+CK46+FO46+FS46+FT46) | F46: =IF(FJ46=0,"",FJ46) | G46: =IF(CP46+DM46+DN46+EE46+EX46+EF46=0,"",CP46+DM46+DN46+EE46+EX46+EF46) | H46: =IF(DW46=0,"",DW46) | I46: =IF(DZ46+EA46+EG46=0,"",DZ46+EA46+EG46) | J46: =IF(BM46+BS46+BT46+BY46+BZ46+CA46+CB46+CC46+CD46+CE46+CF46+CG46+CL46+CM46+CN46+CO46+CQ46+CR46+CT46+CU46+CV46+CW46+CX46+CY46+CZ46+DA46+DB46+DC46+DD46+DE46+DF46+DG46+DH46+DI46+DJ46+DK46+DL46+DO46+DP46+DQ46+DR46+DS46+DT46+DY46+EB46+EC46+ED46+EH46+EI46+EJ46+EK46+EL46+EM46+EN46+EO46+EP46+ER46+ES46+ET46+EU46+EV46+EW46+EY46+EZ46+FA46+FB46+FC46+FD46+FE46+FF46+FG46+FH46+FI46+FK46+FL46+FM46+FN46+FP46+FQ46+FR46+FU46+FV46+FW46+FX46+FY46+FZ46+GA46+GB46+GC46+GD46+GE46+GF46+GG46+GH46+GI46+GJ46+GK46+GL46+GM46=0,"",BM46+BS46+BT46+BY46+BZ46+CA46+CB46+CC46+CD46+CE46+CF46+CG46+CL46+CM46+CN46+CO46+CQ46+CR46+CT46+CU46+CV46+CW46+CX46+CY46+CZ46+DA46+DB46+DC46+DD46+DE46+DF46+DG46+DH46+DI46+DJ46+DK46+DL46+DO46+DP46+DQ46+DR46+DS46+DT46+DY46+EB46+EC46+ED46+EH46+EI46+EJ46+EK46+EL46+EM46+EN46+EO46+EP46+ER46+ES46+ET46+EU46+EV46+EW46+EY46+EZ46+FA46+FB46+FC46+FD46+FE46+FF46+FG46+FH46+FI46+FK46+FL46+FM46+FN46+FP46+FQ46+FR46+FU46+FV46+FW46+FX46+FY46+FZ46+GA46+GB46+GC46+GD46+GE46+GF46+GG46+GH46+GI46+GJ46+GK46+GL46+GM46) -> 44.22 | K46: =DX46+CS46 -> 0 | L46: =BN46-C46 -> 0 | M46: F2606017122 | N46: 46203 | O46: 9505289-C01 | P46: EXP20260604-2780089 | Q46: 2026 | R46: 26-06-0238218 | S46: EXP20260604-2780089 | T46: 26A060238218 | U46: DAP | V46: DOMESTIC | W46: DOMESTIC | X46: 76430 | Y46: MESS | Z46: EDI | AA46: 533 | AC46: 46178 | AD46: 21 | AE46: LA RUCHE LOGISTIQUE | AF46: EXP20260604-2780089 | AG46: FR | AH46: 21 | AI46: CREANCEY | AJ46: 46182 | AK46: SIFA TRANSIT | AL46: EXP20260604-2780089 | AM46: FR | AN46: 76 | AO46: OUDALLE | AP46: Prestataire de service | AQ46: O | AR46: 1 | AS46: 1 | AT46: 90 | AU46: 90 | AV46: 0 | AW46: KG | AX46: 90 | AY46: 0 | BE46: PORTPAYE | BF46: STANDARD | BG46: EUR | BM46: 42.07 | BN46: 44.22 | BQ46: LSTANDARD | DK46: 2 | GM46: 0.15
B47: =IF(S47<>"",S47,T47) -> EXP20260604-2780723 | C47: =SUM(E47:K47) -> 186.54 | D47: =SUM(E47:L47) -> 186.54 | E47: =IF(BU47+BV47+BW47+CH47+CI47+CJ47+CK47+FO47+FS47+FT47=0,"",BU47+BV47+BW47+CH47+CI47+CJ47+CK47+FO47+FS47+FT47) | F47: =IF(FJ47=0,"",FJ47) | G47: =IF(CP47+DM47+DN47+EE47+EX47+EF47=0,"",CP47+DM47+DN47+EE47+EX47+EF47) | H47: =IF(DW47=0,"",DW47) | I47: =IF(DZ47+EA47+EG47=0,"",DZ47+EA47+EG47) | J47: =IF(BM47+BS47+BT47+BY47+BZ47+CA47+CB47+CC47+CD47+CE47+CF47+CG47+CL47+CM47+CN47+CO47+CQ47+CR47+CT47+CU47+CV47+CW47+CX47+CY47+CZ47+DA47+DB47+DC47+DD47+DE47+DF47+DG47+DH47+DI47+DJ47+DK47+DL47+DO47+DP47+DQ47+DR47+DS47+DT47+DY47+EB47+EC47+ED47+EH47+EI47+EJ47+EK47+EL47+EM47+EN47+EO47+EP47+ER47+ES47+ET47+EU47+EV47+EW47+EY47+EZ47+FA47+FB47+FC47+FD47+FE47+FF47+FG47+FH47+FI47+FK47+FL47+FM47+FN47+FP47+FQ47+FR47+FU47+FV47+FW47+FX47+FY47+FZ47+GA47+GB47+GC47+GD47+GE47+GF47+GG47+GH47+GI47+GJ47+GK47+GL47+GM47=0,"",BM47+BS47+BT47+BY47+BZ47+CA47+CB47+CC47+CD47+CE47+CF47+CG47+CL47+CM47+CN47+CO47+CQ47+CR47+CT47+CU47+CV47+CW47+CX47+CY47+CZ47+DA47+DB47+DC47+DD47+DE47+DF47+DG47+DH47+DI47+DJ47+DK47+DL47+DO47+DP47+DQ47+DR47+DS47+DT47+DY47+EB47+EC47+ED47+EH47+EI47+EJ47+EK47+EL47+EM47+EN47+EO47+EP47+ER47+ES47+ET47+EU47+EV47+EW47+EY47+EZ47+FA47+FB47+FC47+FD47+FE47+FF47+FG47+FH47+FI47+FK47+FL47+FM47+FN47+FP47+FQ47+FR47+FU47+FV47+FW47+FX47+FY47+FZ47+GA47+GB47+GC47+GD47+GE47+GF47+GG47+GH47+GI47+GJ47+GK47+GL47+GM47) -> 186.54 | K47: =DX47+CS47 -> 0 | L47: =BN47-C47 -> 0 | M47: F2606017122 | N47: 46203 | O47: 9505289-C01 | P47: EXP20260604-2780723 | Q47: 2026 | R47: 26-06-0238223 | S47: EXP20260604-2780723 | T47: 26A060238223 | U47: DAP | V47: DOMESTIC | W47: DOMESTIC | X47: 84850 | Y47: MESS | Z47: EDI | AA47: 468 | AC47: 46178 | AD47: 21 | AE47: LA RUCHE LOGISTIQUE | AF47: EXP20260604-2780723 | AG47: FR | AH47: 21 | AI47: CREANCEY | AJ47: 46182 | AK47: LAUVIGE ENTREPOSAGE TRAVAILLAN MOND (ENTREPRISE) | AL47: EXP20260604-2780723 | AM47: FR | AN47: 84 | AO47: TRAVAILLAN | AR47: 3 | AS47: 3 | AT47: 502 | AU47: 502 | AV47: 0 | AW47: Pal | AX47: 3 | AY47: 0 | BE47: PORTPAYE | BF47: STANDARD | BG47: EUR | BM47: 147.51 | BN47: 186.54 | BQ47: LSTANDARD | DI47: 36.88 | DK47: 2 | GM47: 0.15
B48: =IF(S48<>"",S48,T48) -> EXP20260604-2780912 | C48: =SUM(E48:K48) -> 30.9 | D48: =SUM(E48:L48) -> 30.9 | E48: =IF(BU48+BV48+BW48+CH48+CI48+CJ48+CK48+FO48+FS48+FT48=0,"",BU48+BV48+BW48+CH48+CI48+CJ48+CK48+FO48+FS48+FT48) | F48: =IF(FJ48=0,"",FJ48) | G48: =IF(CP48+DM48+DN48+EE48+EX48+EF48=0,"",CP48+DM48+DN48+EE48+EX48+EF48) | H48: =IF(DW48=0,"",DW48) | I48: =IF(DZ48+EA48+EG48=0,"",DZ48+EA48+EG48) | J48: =IF(BM48+BS48+BT48+BY48+BZ48+CA48+CB48+CC48+CD48+CE48+CF48+CG48+CL48+CM48+CN48+CO48+CQ48+CR48+CT48+CU48+CV48+CW48+CX48+CY48+CZ48+DA48+DB48+DC48+DD48+DE48+DF48+DG48+DH48+DI48+DJ48+DK48+DL48+DO48+DP48+DQ48+DR48+DS48+DT48+DY48+EB48+EC48+ED48+EH48+EI48+EJ48+EK48+EL48+EM48+EN48+EO48+EP48+ER48+ES48+ET48+EU48+EV48+EW48+EY48+EZ48+FA48+FB48+FC48+FD48+FE48+FF48+FG48+FH48+FI48+FK48+FL48+FM48+FN48+FP48+FQ48+FR48+FU48+FV48+FW48+FX48+FY48+FZ48+GA48+GB48+GC48+GD48+GE48+GF48+GG48+GH48+GI48+GJ48+GK48+GL48+GM48=0,"",BM48+BS48+BT48+BY48+BZ48+CA48+CB48+CC48+CD48+CE48+CF48+CG48+CL48+CM48+CN48+CO48+CQ48+CR48+CT48+CU48+CV48+CW48+CX48+CY48+CZ48+DA48+DB48+DC48+DD48+DE48+DF48+DG48+DH48+DI48+DJ48+DK48+DL48+DO48+DP48+DQ48+DR48+DS48+DT48+DY48+EB48+EC48+ED48+EH48+EI48+EJ48+EK48+EL48+EM48+EN48+EO48+EP48+ER48+ES48+ET48+EU48+EV48+EW48+EY48+EZ48+FA48+FB48+FC48+FD48+FE48+FF48+FG48+FH48+FI48+FK48+FL48+FM48+FN48+FP48+FQ48+FR48+FU48+FV48+FW48+FX48+FY48+FZ48+GA48+GB48+GC48+GD48+GE48+GF48+GG48+GH48+GI48+GJ48+GK48+GL48+GM48) -> 30.9 | K48: =DX48+CS48 -> 0 | L48: =BN48-C48 -> 0 | M48: F2606017122 | N48: 46203 | O48: 9505289-C01 | P48: EXP20260604-2780912 | Q48: 2026 | R48: 26-06-0238225 | S48: EXP20260604-2780912 | T48: 26A060238225 | U48: DAP | V48: DOMESTIC | W48: DOMESTIC | X48: 69840 | Y48: MESS | Z48: EDI | AA48: 187 | AC48: 46178 | AD48: 21 | AE48: LA RUCHE LOGISTIQUE | AF48: EXP20260604-2780912 | AG48: FR | AH48: 21 | AI48: CREANCEY | AJ48: 46182 | AK48: SAS DOMAINE DES JEUNES POUSSES Nais (ENTREPRISE) | AL48: EXP20260604-2780912 | AM48: FR | AN48: 69 | AO48: EMERINGES | AR48: 1 | AS48: 1 | AT48: 76 | AU48: 76 | AV48: 0 | AW48: KG | AX48: 76 | AY48: 0 | BE48: PORTPAYE | BF48: STANDARD | BG48: EUR | BM48: 28.75 | BN48: 30.9 | BQ48: LSTANDARD | DK48: 2 | GM48: 0.15
B49: =IF(S49<>"",S49,T49) -> EXP20260604-2781256 | C49: =SUM(E49:K49) -> 49.79 | D49: =SUM(E49:L49) -> 49.79 | E49: =IF(BU49+BV49+BW49+CH49+CI49+CJ49+CK49+FO49+FS49+FT49=0,"",BU49+BV49+BW49+CH49+CI49+CJ49+CK49+FO49+FS49+FT49) | F49: =IF(FJ49=0,"",FJ49) | G49: =IF(CP49+DM49+DN49+EE49+EX49+EF49=0,"",CP49+DM49+DN49+EE49+EX49+EF49) | H49: =IF(DW49=0,"",DW49) | I49: =IF(DZ49+EA49+EG49=0,"",DZ49+EA49+EG49) | J49: =IF(BM49+BS49+BT49+BY49+BZ49+CA49+CB49+CC49+CD49+CE49+CF49+CG49+CL49+CM49+CN49+CO49+CQ49+CR49+CT49+CU49+CV49+CW49+CX49+CY49+CZ49+DA49+DB49+DC49+DD49+DE49+DF49+DG49+DH49+DI49+DJ49+DK49+DL49+DO49+DP49+DQ49+DR49+DS49+DT49+DY49+EB49+EC49+ED49+EH49+EI49+EJ49+EK49+EL49+EM49+EN49+EO49+EP49+ER49+ES49+ET49+EU49+EV49+EW49+EY49+EZ49+FA49+FB49+FC49+FD49+FE49+FF49+FG49+FH49+FI49+FK49+FL49+FM49+FN49+FP49+FQ49+FR49+FU49+FV49+FW49+FX49+FY49+FZ49+GA49+GB49+GC49+GD49+GE49+GF49+GG49+GH49+GI49+GJ49+GK49+GL49+GM49=0,"",BM49+BS49+BT49+BY49+BZ49+CA49+CB49+CC49+CD49+CE49+CF49+CG49+CL49+CM49+CN49+CO49+CQ49+CR49+CT49+CU49+CV49+CW49+CX49+CY49+CZ49+DA49+DB49+DC49+DD49+DE49+DF49+DG49+DH49+DI49+DJ49+DK49+DL49+DO49+DP49+DQ49+DR49+DS49+DT49+DY49+EB49+EC49+ED49+EH49+EI49+EJ49+EK49+EL49+EM49+EN49+EO49+EP49+ER49+ES49+ET49+EU49+EV49+EW49+EY49+EZ49+FA49+FB49+FC49+FD49+FE49+FF49+FG49+FH49+FI49+FK49+FL49+FM49+FN49+FP49+FQ49+FR49+FU49+FV49+FW49+FX49+FY49+FZ49+GA49+GB49+GC49+GD49+GE49+GF49+GG49+GH49+GI49+GJ49+GK49+GL49+GM49) -> 49.79 | K49: =DX49+CS49 -> 0 | L49: =BN49-C49 -> 0 | M49: F2606017122 | N49: 46203 | O49: 9505289-C01 | P49: EXP20260604-2781256 | Q49: 2026 | R49: 26-06-0238228 | S49: EXP20260604-2781256 | T49: 26A060238228 | U49: DAP | V49: DOMESTIC | W49: DOMESTIC | X49: 84600 | Y49: MESS | Z49: EDI | AA49: 498 | AC49: 46178 | AD49: 21 | AE49: LA RUCHE LOGISTIQUE | AF49: EXP20260604-2781256 | AG49: FR | AH49: 21 | AI49: CREANCEY | AJ49: 46185 | AK49: Maison Phetisson Bonnefoy BONNEFOY (ENTREPRISE) | AL49: EXP20260604-2781256 | AM49: FR | AN49: 84 | AO49: VALREAS | AR49: 1 | AS49: 1 | AT49: 85 | AU49: 85 | AV49: 0 | AW49: KG | AX49: 85 | AY49: 0 | BE49: PORTPAYE | BF49: STANDARD | BG49: EUR | BM49: 38.11 | BN49: 49.79 | BQ49: LSTANDARD | DI49: 9.53 | DK49: 2 | GM49: 0.15
B50: =IF(S50<>"",S50,T50) -> EXP20260528-2767800 | C50: =SUM(E50:K50) -> 63.44 | D50: =SUM(E50:L50) -> 63.44 | E50: =IF(BU50+BV50+BW50+CH50+CI50+CJ50+CK50+FO50+FS50+FT50=0,"",BU50+BV50+BW50+CH50+CI50+CJ50+CK50+FO50+FS50+FT50) | F50: =IF(FJ50=0,"",FJ50) | G50: =IF(CP50+DM50+DN50+EE50+EX50+EF50=0,"",CP50+DM50+DN50+EE50+EX50+EF50) | H50: =IF(DW50=0,"",DW50) | I50: =IF(DZ50+EA50+EG50=0,"",DZ50+EA50+EG50) | J50: =IF(BM50+BS50+BT50+BY50+BZ50+CA50+CB50+CC50+CD50+CE50+CF50+CG50+CL50+CM50+CN50+CO50+CQ50+CR50+CT50+CU50+CV50+CW50+CX50+CY50+CZ50+DA50+DB50+DC50+DD50+DE50+DF50+DG50+DH50+DI50+DJ50+DK50+DL50+DO50+DP50+DQ50+DR50+DS50+DT50+DY50+EB50+EC50+ED50+EH50+EI50+EJ50+EK50+EL50+EM50+EN50+EO50+EP50+ER50+ES50+ET50+EU50+EV50+EW50+EY50+EZ50+FA50+FB50+FC50+FD50+FE50+FF50+FG50+FH50+FI50+FK50+FL50+FM50+FN50+FP50+FQ50+FR50+FU50+FV50+FW50+FX50+FY50+FZ50+GA50+GB50+GC50+GD50+GE50+GF50+GG50+GH50+GI50+GJ50+GK50+GL50+GM50=0,"",BM50+BS50+BT50+BY50+BZ50+CA50+CB50+CC50+CD50+CE50+CF50+CG50+CL50+CM50+CN50+CO50+CQ50+CR50+CT50+CU50+CV50+CW50+CX50+CY50+CZ50+DA50+DB50+DC50+DD50+DE50+DF50+DG50+DH50+DI50+DJ50+DK50+DL50+DO50+DP50+DQ50+DR50+DS50+DT50+DY50+EB50+EC50+ED50+EH50+EI50+EJ50+EK50+EL50+EM50+EN50+EO50+EP50+ER50+ES50+ET50+EU50+EV50+EW50+EY50+EZ50+FA50+FB50+FC50+FD50+FE50+FF50+FG50+FH50+FI50+FK50+FL50+FM50+FN50+FP50+FQ50+FR50+FU50+FV50+FW50+FX50+FY50+FZ50+GA50+GB50+GC50+GD50+GE50+GF50+GG50+GH50+GI50+GJ50+GK50+GL50+GM50) -> 63.44 | K50: =DX50+CS50 -> 0 | L50: =BN50-C50 -> 0 | M50: F2606017122 | N50: 46203 | O50: 9505289-C01 | P50: EXP20260528-2767800 | Q50: 2026 | R50: 26-06-0238231 | S50: EXP20260528-2767800 | T50: 26A060238231 | U50: DAP | V50: DOMESTIC | W50: DOMESTIC | X50: 60300 | Y50: MESS | Z50: EDI | AA50: 485 | AC50: 46178 | AD50: 21 | AE50: LA RUCHE LOGISTIQUE | AF50: EXP20260528-2767800 | AG50: FR | AH50: 21 | AI50: CREANCEY | AJ50: 46184 | AK50: AMAZON CDG7 | AL50: EXP20260528-2767800 | AM50: FR | AN50: 60 | AO50: SENLIS | AP50: Groupe | AQ50: O | AR50: 1 | AS50: 1 | AT50: 328 | AU50: 328 | AV50: 0 | AW50: Pal | AX50: 1 | AY50: 0 | BE50: PORTPAYE | BF50: STANDARD | BG50: EUR | BM50: 61.29 | BN50: 63.44 | BO50: OUI | BQ50: LSTANDARD | DK50: 2 | GM50: 0.15
B51: =IF(S51<>"",S51,T51) -> 26A060261866 | C51: =SUM(E51:K51) -> 300 | D51: =SUM(E51:L51) -> 300 | E51: =IF(BU51+BV51+BW51+CH51+CI51+CJ51+CK51+FO51+FS51+FT51=0,"",BU51+BV51+BW51+CH51+CI51+CJ51+CK51+FO51+FS51+FT51) | F51: =IF(FJ51=0,"",FJ51) | G51: =IF(CP51+DM51+DN51+EE51+EX51+EF51=0,"",CP51+DM51+DN51+EE51+EX51+EF51) | H51: =IF(DW51=0,"",DW51) | I51: =IF(DZ51+EA51+EG51=0,"",DZ51+EA51+EG51) | J51: =IF(BM51+BS51+BT51+BY51+BZ51+CA51+CB51+CC51+CD51+CE51+CF51+CG51+CL51+CM51+CN51+CO51+CQ51+CR51+CT51+CU51+CV51+CW51+CX51+CY51+CZ51+DA51+DB51+DC51+DD51+DE51+DF51+DG51+DH51+DI51+DJ51+DK51+DL51+DO51+DP51+DQ51+DR51+DS51+DT51+DY51+EB51+EC51+ED51+EH51+EI51+EJ51+EK51+EL51+EM51+EN51+EO51+EP51+ER51+ES51+ET51+EU51+EV51+EW51+EY51+EZ51+FA51+FB51+FC51+FD51+FE51+FF51+FG51+FH51+FI51+FK51+FL51+FM51+FN51+FP51+FQ51+FR51+FU51+FV51+FW51+FX51+FY51+FZ51+GA51+GB51+GC51+GD51+GE51+GF51+GG51+GH51+GI51+GJ51+GK51+GL51+GM51=0,"",BM51+BS51+BT51+BY51+BZ51+CA51+CB51+CC51+CD51+CE51+CF51+CG51+CL51+CM51+CN51+CO51+CQ51+CR51+CT51+CU51+CV51+CW51+CX51+CY51+CZ51+DA51+DB51+DC51+DD51+DE51+DF51+DG51+DH51+DI51+DJ51+DK51+DL51+DO51+DP51+DQ51+DR51+DS51+DT51+DY51+EB51+EC51+ED51+EH51+EI51+EJ51+EK51+EL51+EM51+EN51+EO51+EP51+ER51+ES51+ET51+EU51+EV51+EW51+EY51+EZ51+FA51+FB51+FC51+FD51+FE51+FF51+FG51+FH51+FI51+FK51+FL51+FM51+FN51+FP51+FQ51+FR51+FU51+FV51+FW51+FX51+FY51+FZ51+GA51+GB51+GC51+GD51+GE51+GF51+GG51+GH51+GI51+GJ51+GK51+GL51+GM51) -> 300 | K51: =DX51+CS51 -> 0 | L51: =BN51-C51 -> 0 | M51: F2606017122 | N51: 46203 | O51: 9505289-C01 | Q51: 2026 | R51: 26-06-0261866 | T51: 26A060261866 | U51: EXW | V51: DOMESTIC | W51: DOMESTIC | X51: 21320 | Y51: AFFR | AA51: 60 | AC51: 46183 | AD51: 21 | AE51: STG | AG51: FR | AH51: 21 | AI51: LONGVIC | AK51: LA RUCHE LOGISTIQUE | AM51: FR | AN51: 21 | AO51: CREANCEY | AR51: 33 | AS51: 33 | AT51: 25000 | AU51: 0 | AV51: 0 | AW51: Pal | AX51: 33 | AY51: 13.4 | BE51: APPRO | BF51: AFFRET | BG51: EUR | BM51: 300 | BN51: 300
B52: =IF(S52<>"",S52,T52) -> 26A060316606 | C52: =SUM(E52:K52) -> 605 | D52: =SUM(E52:L52) -> 605 | E52: =IF(BU52+BV52+BW52+CH52+CI52+CJ52+CK52+FO52+FS52+FT52=0,"",BU52+BV52+BW52+CH52+CI52+CJ52+CK52+FO52+FS52+FT52) | F52: =IF(FJ52=0,"",FJ52) | G52: =IF(CP52+DM52+DN52+EE52+EX52+EF52=0,"",CP52+DM52+DN52+EE52+EX52+EF52) | H52: =IF(DW52=0,"",DW52) | I52: =IF(DZ52+EA52+EG52=0,"",DZ52+EA52+EG52) | J52: =IF(BM52+BS52+BT52+BY52+BZ52+CA52+CB52+CC52+CD52+CE52+CF52+CG52+CL52+CM52+CN52+CO52+CQ52+CR52+CT52+CU52+CV52+CW52+CX52+CY52+CZ52+DA52+DB52+DC52+DD52+DE52+DF52+DG52+DH52+DI52+DJ52+DK52+DL52+DO52+DP52+DQ52+DR52+DS52+DT52+DY52+EB52+EC52+ED52+EH52+EI52+EJ52+EK52+EL52+EM52+EN52+EO52+EP52+ER52+ES52+ET52+EU52+EV52+EW52+EY52+EZ52+FA52+FB52+FC52+FD52+FE52+FF52+FG52+FH52+FI52+FK52+FL52+FM52+FN52+FP52+FQ52+FR52+FU52+FV52+FW52+FX52+FY52+FZ52+GA52+GB52+GC52+GD52+GE52+GF52+GG52+GH52+GI52+GJ52+GK52+GL52+GM52=0,"",BM52+BS52+BT52+BY52+BZ52+CA52+CB52+CC52+CD52+CE52+CF52+CG52+CL52+CM52+CN52+CO52+CQ52+CR52+CT52+CU52+CV52+CW52+CX52+CY52+CZ52+DA52+DB52+DC52+DD52+DE52+DF52+DG52+DH52+DI52+DJ52+DK52+DL52+DO52+DP52+DQ52+DR52+DS52+DT52+DY52+EB52+EC52+ED52+EH52+EI52+EJ52+EK52+EL52+EM52+EN52+EO52+EP52+ER52+ES52+ET52+EU52+EV52+EW52+EY52+EZ52+FA52+FB52+FC52+FD52+FE52+FF52+FG52+FH52+FI52+FK52+FL52+FM52+FN52+FP52+FQ52+FR52+FU52+FV52+FW52+FX52+FY52+FZ52+GA52+GB52+GC52+GD52+GE52+GF52+GG52+GH52+GI52+GJ52+GK52+GL52+GM52) -> 605 | K52: =DX52+CS52 -> 0 | L52: =BN52-C52 -> 0 | M52: F2606017122 | N52: 46203 | O52: 9505289-C01 | Q52: 2026 | R52: 26-06-0316606 | T52: 26A060316606 | U52: DAP | V52: DOMESTIC | W52: DOMESTIC | X52: 60800 | Y52: AFFR | AA52: 746 | AC52: 46188 | AD52: 21 | AE52: SCEA LES PLAINES DE CLARY | AG52: FR | AH52: 30 | AI52: ST GENIES DE COMOLAS | AK52: LES PLAINES DE CLARY | AM52: FR | AN52: 60 | AO52: CREPY EN VALOIS | AR52: 2 | AS52: 2 | AT52: 900 | AU52: 0 | AV52: 0 | AW52: Pal | AX52: 2 | AY52: 0.8 | BE52: PORTPAYE | BF52: AFFRET | BG52: EUR | BM52: 315 | BN52: 605 | CN52: 290
B53: =IF(S53<>"",S53,T53) -> EXP20260605-2783336 | C53: =SUM(E53:K53) -> 57.19 | D53: =SUM(E53:L53) -> 57.19 | E53: =IF(BU53+BV53+BW53+CH53+CI53+CJ53+CK53+FO53+FS53+FT53=0,"",BU53+BV53+BW53+CH53+CI53+CJ53+CK53+FO53+FS53+FT53) | F53: =IF(FJ53=0,"",FJ53) | G53: =IF(CP53+DM53+DN53+EE53+EX53+EF53=0,"",CP53+DM53+DN53+EE53+EX53+EF53) | H53: =IF(DW53=0,"",DW53) | I53: =IF(DZ53+EA53+EG53=0,"",DZ53+EA53+EG53) | J53: =IF(BM53+BS53+BT53+BY53+BZ53+CA53+CB53+CC53+CD53+CE53+CF53+CG53+CL53+CM53+CN53+CO53+CQ53+CR53+CT53+CU53+CV53+CW53+CX53+CY53+CZ53+DA53+DB53+DC53+DD53+DE53+DF53+DG53+DH53+DI53+DJ53+DK53+DL53+DO53+DP53+DQ53+DR53+DS53+DT53+DY53+EB53+EC53+ED53+EH53+EI53+EJ53+EK53+EL53+EM53+EN53+EO53+EP53+ER53+ES53+ET53+EU53+EV53+EW53+EY53+EZ53+FA53+FB53+FC53+FD53+FE53+FF53+FG53+FH53+FI53+FK53+FL53+FM53+FN53+FP53+FQ53+FR53+FU53+FV53+FW53+FX53+FY53+FZ53+GA53+GB53+GC53+GD53+GE53+GF53+GG53+GH53+GI53+GJ53+GK53+GL53+GM53=0,"",BM53+BS53+BT53+BY53+BZ53+CA53+CB53+CC53+CD53+CE53+CF53+CG53+CL53+CM53+CN53+CO53+CQ53+CR53+CT53+CU53+CV53+CW53+CX53+CY53+CZ53+DA53+DB53+DC53+DD53+DE53+DF53+DG53+DH53+DI53+DJ53+DK53+DL53+DO53+DP53+DQ53+DR53+DS53+DT53+DY53+EB53+EC53+ED53+EH53+EI53+EJ53+EK53+EL53+EM53+EN53+EO53+EP53+ER53+ES53+ET53+EU53+EV53+EW53+EY53+EZ53+FA53+FB53+FC53+FD53+FE53+FF53+FG53+FH53+FI53+FK53+FL53+FM53+FN53+FP53+FQ53+FR53+FU53+FV53+FW53+FX53+FY53+FZ53+GA53+GB53+GC53+GD53+GE53+GF53+GG53+GH53+GI53+GJ53+GK53+GL53+GM53) -> 57.19 | K53: =DX53+CS53 -> 0 | L53: =BN53-C53 -> 0 | M53: F2606017122 | N53: 46203 | O53: 9505289-C01 | P53: EXP20260605-2783336 | Q53: 2026 | R53: 26-06-0332171 | S53: EXP20260605-2783336 | T53: 26A060332171 | U53: DAP | V53: DOMESTIC | W53: DOMESTIC | X53: 66190 | Y53: MESS | Z53: EDI | AA53: 725 | AC53: 46182 | AD53: 21 | AE53: LA RUCHE LOGISTIQUE | AF53: EXP20260605-2783336 | AG53: FR | AH53: 21 | AI53: CREANCEY | AJ53: 46184 | AK53: DOMAINE PIETRI GERAUD SARL | AL53: EXP20260605-2783336 | AM53: FR | AN53: 66 | AO53: COLLIOURE | AP53: Magasin / Commerce | AR53: 1 | AS53: 1 | AT53: 71 | AU53: 71 | AV53: 0 | AW53: KG | AX53: 71 | AY53: 0 | BE53: PORTPAYE | BF53: STANDARD | BG53: EUR | BM53: 44.03 | BN53: 57.19 | BQ53: LSTANDARD | DI53: 11.01 | DK53: 2 | GM53: 0.15
B54: =IF(S54<>"",S54,T54) -> EXP20260608-2785953 | C54: =SUM(E54:K54) -> 50.59 | D54: =SUM(E54:L54) -> 50.59 | E54: =IF(BU54+BV54+BW54+CH54+CI54+CJ54+CK54+FO54+FS54+FT54=0,"",BU54+BV54+BW54+CH54+CI54+CJ54+CK54+FO54+FS54+FT54) | F54: =IF(FJ54=0,"",FJ54) | G54: =IF(CP54+DM54+DN54+EE54+EX54+EF54=0,"",CP54+DM54+DN54+EE54+EX54+EF54) -> 7 | H54: =IF(DW54=0,"",DW54) | I54: =IF(DZ54+EA54+EG54=0,"",DZ54+EA54+EG54) | J54: =IF(BM54+BS54+BT54+BY54+BZ54+CA54+CB54+CC54+CD54+CE54+CF54+CG54+CL54+CM54+CN54+CO54+CQ54+CR54+CT54+CU54+CV54+CW54+CX54+CY54+CZ54+DA54+DB54+DC54+DD54+DE54+DF54+DG54+DH54+DI54+DJ54+DK54+DL54+DO54+DP54+DQ54+DR54+DS54+DT54+DY54+EB54+EC54+ED54+EH54+EI54+EJ54+EK54+EL54+EM54+EN54+EO54+EP54+ER54+ES54+ET54+EU54+EV54+EW54+EY54+EZ54+FA54+FB54+FC54+FD54+FE54+FF54+FG54+FH54+FI54+FK54+FL54+FM54+FN54+FP54+FQ54+FR54+FU54+FV54+FW54+FX54+FY54+FZ54+GA54+GB54+GC54+GD54+GE54+GF54+GG54+GH54+GI54+GJ54+GK54+GL54+GM54=0,"",BM54+BS54+BT54+BY54+BZ54+CA54+CB54+CC54+CD54+CE54+CF54+CG54+CL54+CM54+CN54+CO54+CQ54+CR54+CT54+CU54+CV54+CW54+CX54+CY54+CZ54+DA54+DB54+DC54+DD54+DE54+DF54+DG54+DH54+DI54+DJ54+DK54+DL54+DO54+DP54+DQ54+DR54+DS54+DT54+DY54+EB54+EC54+ED54+EH54+EI54+EJ54+EK54+EL54+EM54+EN54+EO54+EP54+ER54+ES54+ET54+EU54+EV54+EW54+EY54+EZ54+FA54+FB54+FC54+FD54+FE54+FF54+FG54+FH54+FI54+FK54+FL54+FM54+FN54+FP54+FQ54+FR54+FU54+FV54+FW54+FX54+FY54+FZ54+GA54+GB54+GC54+GD54+GE54+GF54+GG54+GH54+GI54+GJ54+GK54+GL54+GM54) -> 43.59 | K54: =DX54+CS54 -> 0 | L54: =BN54-C54 -> 0 | M54: F2606017122 | N54: 46203 | O54: 9505289-C01 | P54: EXP20260608-2785953 | Q54: 2026 | R54: 26-06-0332173 | S54: EXP20260608-2785953 | T54: 26A060332173 | U54: DAP | V54: DOMESTIC | W54: DOMESTIC | X54: 13001 | Y54: MESS | Z54: EDI | AA54: 530 | AC54: 46182 | AD54: 21 | AE54: LA RUCHE LOGISTIQUE | AF54: EXP20260608-2785953 | AG54: FR | AH54: 21 | AI54: CREANCEY | AJ54: 46183 | AK54: EARL MONDOLONI Mondoloni Paul Antoi (ENTREPRISE) | AL54: EXP20260608-2785953 | AM54: FR | AN54: 13 | AO54: MARSEILLE | AR54: 1 | AS54: 1 | AT54: 45 | AU54: 45 | AV54: 0 | AW54: KG | AX54: 45 | AY54: 0 | BE54: PORTPAYE | BF54: STANDARD | BG54: EUR | BM54: 33.15 | BN54: 50.59 | BQ54: LSTANDARD | DI54: 8.29 | DK54: 2 | DN54: 7 | GM54: 0.15
B55: =IF(S55<>"",S55,T55) -> EXP20260605-2782826 | C55: =SUM(E55:K55) -> 60.7 | D55: =SUM(E55:L55) -> 60.7 | E55: =IF(BU55+BV55+BW55+CH55+CI55+CJ55+CK55+FO55+FS55+FT55=0,"",BU55+BV55+BW55+CH55+CI55+CJ55+CK55+FO55+FS55+FT55) | F55: =IF(FJ55=0,"",FJ55) | G55: =IF(CP55+DM55+DN55+EE55+EX55+EF55=0,"",CP55+DM55+DN55+EE55+EX55+EF55) | H55: =IF(DW55=0,"",DW55) | I55: =IF(DZ55+EA55+EG55=0,"",DZ55+EA55+EG55) | J55: =IF(BM55+BS55+BT55+BY55+BZ55+CA55+CB55+CC55+CD55+CE55+CF55+CG55+CL55+CM55+CN55+CO55+CQ55+CR55+CT55+CU55+CV55+CW55+CX55+CY55+CZ55+DA55+DB55+DC55+DD55+DE55+DF55+DG55+DH55+DI55+DJ55+DK55+DL55+DO55+DP55+DQ55+DR55+DS55+DT55+DY55+EB55+EC55+ED55+EH55+EI55+EJ55+EK55+EL55+EM55+EN55+EO55+EP55+ER55+ES55+ET55+EU55+EV55+EW55+EY55+EZ55+FA55+FB55+FC55+FD55+FE55+FF55+FG55+FH55+FI55+FK55+FL55+FM55+FN55+FP55+FQ55+FR55+FU55+FV55+FW55+FX55+FY55+FZ55+GA55+GB55+GC55+GD55+GE55+GF55+GG55+GH55+GI55+GJ55+GK55+GL55+GM55=0,"",BM55+BS55+BT55+BY55+BZ55+CA55+CB55+CC55+CD55+CE55+CF55+CG55+CL55+CM55+CN55+CO55+CQ55+CR55+CT55+CU55+CV55+CW55+CX55+CY55+CZ55+DA55+DB55+DC55+DD55+DE55+DF55+DG55+DH55+DI55+DJ55+DK55+DL55+DO55+DP55+DQ55+DR55+DS55+DT55+DY55+EB55+EC55+ED55+EH55+EI55+EJ55+EK55+EL55+EM55+EN55+EO55+EP55+ER55+ES55+ET55+EU55+EV55+EW55+EY55+EZ55+FA55+FB55+FC55+FD55+FE55+FF55+FG55+FH55+FI55+FK55+FL55+FM55+FN55+FP55+FQ55+FR55+FU55+FV55+FW55+FX55+FY55+FZ55+GA55+GB55+GC55+GD55+GE55+GF55+GG55+GH55+GI55+GJ55+GK55+GL55+GM55) -> 60.7 | K55: =DX55+CS55 -> 0 | L55: =BN55-C55 -> 0 | M55: F2606017122 | N55: 46203 | O55: 9505289-C01 | P55: EXP20260605-2782826 | Q55: 2026 | R55: 26-06-0332175 | S55: EXP20260605-2782826 | T55: 26A060332175 | U55: DAP | V55: DOMESTIC | W55: DOMESTIC | X55: 83260 | Y55: MESS | Z55: EDI | AA55: 599 | AC55: 46182 | AD55: 21 | AE55: LA RUCHE LOGISTIQUE | AF55: EXP20260605-2782826 | AG55: FR | AH55: 21 | AI55: CREANCEY | AJ55: 46184 | AK55: EURL DE SIGALOUS AXELLE MOUTTE (ENTREPRISE) | AL55: EXP20260605-2782826 | AM55: FR | AN55: 83 | AO55: LA CRAU | AR55: 1 | AS55: 1 | AT55: 109 | AU55: 109 | AV55: 0 | AW55: KG | AX55: 109 | AY55: 0 | BE55: PORTPAYE | BF55: STANDARD | BG55: EUR | BM55: 46.84 | BN55: 60.7 | BQ55: LSTANDARD | DI55: 11.71 | DK55: 2 | GM55: 0.15
B56: =IF(S56<>"",S56,T56) -> EXP20260608-2786159 | C56: =SUM(E56:K56) -> 45.94 | D56: =SUM(E56:L56) -> 45.94 | E56: =IF(BU56+BV56+BW56+CH56+CI56+CJ56+CK56+FO56+FS56+FT56=0,"",BU56+BV56+BW56+CH56+CI56+CJ56+CK56+FO56+FS56+FT56) | F56: =IF(FJ56=0,"",FJ56) | G56: =IF(CP56+DM56+DN56+EE56+EX56+EF56=0,"",CP56+DM56+DN56+EE56+EX56+EF56) | H56: =IF(DW56=0,"",DW56) | I56: =IF(DZ56+EA56+EG56=0,"",DZ56+EA56+EG56) | J56: =IF(BM56+BS56+BT56+BY56+BZ56+CA56+CB56+CC56+CD56+CE56+CF56+CG56+CL56+CM56+CN56+CO56+CQ56+CR56+CT56+CU56+CV56+CW56+CX56+CY56+CZ56+DA56+DB56+DC56+DD56+DE56+DF56+DG56+DH56+DI56+DJ56+DK56+DL56+DO56+DP56+DQ56+DR56+DS56+DT56+DY56+EB56+EC56+ED56+EH56+EI56+EJ56+EK56+EL56+EM56+EN56+EO56+EP56+ER56+ES56+ET56+EU56+EV56+EW56+EY56+EZ56+FA56+FB56+FC56+FD56+FE56+FF56+FG56+FH56+FI56+FK56+FL56+FM56+FN56+FP56+FQ56+FR56+FU56+FV56+FW56+FX56+FY56+FZ56+GA56+GB56+GC56+GD56+GE56+GF56+GG56+GH56+GI56+GJ56+GK56+GL56+GM56=0,"",BM56+BS56+BT56+BY56+BZ56+CA56+CB56+CC56+CD56+CE56+CF56+CG56+CL56+CM56+CN56+CO56+CQ56+CR56+CT56+CU56+CV56+CW56+CX56+CY56+CZ56+DA56+DB56+DC56+DD56+DE56+DF56+DG56+DH56+DI56+DJ56+DK56+DL56+DO56+DP56+DQ56+DR56+DS56+DT56+DY56+EB56+EC56+ED56+EH56+EI56+EJ56+EK56+EL56+EM56+EN56+EO56+EP56+ER56+ES56+ET56+EU56+EV56+EW56+EY56+EZ56+FA56+FB56+FC56+FD56+FE56+FF56+FG56+FH56+FI56+FK56+FL56+FM56+FN56+FP56+FQ56+FR56+FU56+FV56+FW56+FX56+FY56+FZ56+GA56+GB56+GC56+GD56+GE56+GF56+GG56+GH56+GI56+GJ56+GK56+GL56+GM56) -> 45.94 | K56: =DX56+CS56 -> 0 | L56: =BN56-C56 -> 0 | M56: F2606017122 | N56: 46203 | O56: 9505289-C01 | P56: EXP20260608-2786159 | Q56: 2026 | R56: 26-06-0332178 | S56: EXP20260608-2786159 | T56: 26A060332178 | U56: DAP | V56: DOMESTIC | W56: DOMESTIC | X56: 11200 | Y56: MESS | Z56: EDI | AA56: 685 | AC56: 46182 | AD56: 21 | AE56: LA RUCHE LOGISTIQUE | AF56: EXP20260608-2786159 | AG56: FR | AH56: 21 | AI56: CREANCEY | AJ56: 46184 | AK56: SCEA Chateau Beauregard Mirouze Nic (ENTREPRISE) | AL56: EXP20260608-2786159 | AM56: FR | AN56: 11 | AO56: BIZANET | AR56: 1 | AS56: 1 | AT56: 34 | AU56: 34 | AV56: 0 | AW56: KG | AX56: 34 | AY56: 0 | BE56: PORTPAYE | BF56: STANDARD | BG56: EUR | BM56: 35.03 | BN56: 45.94 | BQ56: LSTANDARD | DI56: 8.76 | DK56: 2 | GM56: 0.15
B57: =IF(S57<>"",S57,T57) -> EXP20260605-2782634 | C57: =SUM(E57:K57) -> 48.39 | D57: =SUM(E57:L57) -> 48.39 | E57: =IF(BU57+BV57+BW57+CH57+CI57+CJ57+CK57+FO57+FS57+FT57=0,"",BU57+BV57+BW57+CH57+CI57+CJ57+CK57+FO57+FS57+FT57) | F57: =IF(FJ57=0,"",FJ57) | G57: =IF(CP57+DM57+DN57+EE57+EX57+EF57=0,"",CP57+DM57+DN57+EE57+EX57+EF57) | H57: =IF(DW57=0,"",DW57) | I57: =IF(DZ57+EA57+EG57=0,"",DZ57+EA57+EG57) | J57: =IF(BM57+BS57+BT57+BY57+BZ57+CA57+CB57+CC57+CD57+CE57+CF57+CG57+CL57+CM57+CN57+CO57+CQ57+CR57+CT57+CU57+CV57+CW57+CX57+CY57+CZ57+DA57+DB57+DC57+DD57+DE57+DF57+DG57+DH57+DI57+DJ57+DK57+DL57+DO57+DP57+DQ57+DR57+DS57+DT57+DY57+EB57+EC57+ED57+EH57+EI57+EJ57+EK57+EL57+EM57+EN57+EO57+EP57+ER57+ES57+ET57+EU57+EV57+EW57+EY57+EZ57+FA57+FB57+FC57+FD57+FE57+FF57+FG57+FH57+FI57+FK57+FL57+FM57+FN57+FP57+FQ57+FR57+FU57+FV57+FW57+FX57+FY57+FZ57+GA57+GB57+GC57+GD57+GE57+GF57+GG57+GH57+GI57+GJ57+GK57+GL57+GM57=0,"",BM57+BS57+BT57+BY57+BZ57+CA57+CB57+CC57+CD57+CE57+CF57+CG57+CL57+CM57+CN57+CO57+CQ57+CR57+CT57+CU57+CV57+CW57+CX57+CY57+CZ57+DA57+DB57+DC57+DD57+DE57+DF57+DG57+DH57+DI57+DJ57+DK57+DL57+DO57+DP57+DQ57+DR57+DS57+DT57+DY57+EB57+EC57+ED57+EH57+EI57+EJ57+EK57+EL57+EM57+EN57+EO57+EP57+ER57+ES57+ET57+EU57+EV57+EW57+EY57+EZ57+FA57+FB57+FC57+FD57+FE57+FF57+FG57+FH57+FI57+FK57+FL57+FM57+FN57+FP57+FQ57+FR57+FU57+FV57+FW57+FX57+FY57+FZ57+GA57+GB57+GC57+GD57+GE57+GF57+GG57+GH57+GI57+GJ57+GK57+GL57+GM57) -> 48.39 | K57: =DX57+CS57 -> 0 | L57: =BN57-C57 -> 0 | M57: F2606017122 | N57: 46203 | O57: 9505289-C01 | P57: EXP20260605-2782634 | Q57: 2026 | R57: 26-06-0332180 | S57: EXP20260605-2782634 | T57: 26A060332180 | U57: DAP | V57: DOMESTIC | W57: DOMESTIC | X57: 83690 | Y57: MESS | Z57: EDI | AA57: 599 | AC57: 46182 | AD57: 21 | AE57: LA RUCHE LOGISTIQUE | AF57: EXP20260605-2782634 | AG57: FR | AH57: 21 | AI57: CREANCEY | AJ57: 46188 | AK57: SARL MARCHAND DE DOUCEURS Franck VA (ENTREPRISE) | AL57: EXP20260605-2782634 | AM57: FR | AN57: 83 | AO57: SALERNES | AR57: 1 | AS57: 1 | AT57: 51 | AU57: 51 | AV57: 0 | AW57: KG | AX57: 51 | AY57: 0 | BE57: PORTPAYE | BF57: STANDARD | BG57: EUR | BM57: 36.99 | BN57: 48.39 | BQ57: LSTANDARD | DI57: 9.25 | DK57: 2 | GM57: 0.15
B58: =IF(S58<>"",S58,T58) -> EXP20260605-2783082 | C58: =SUM(E58:K58) -> 33.85 | D58: =SUM(E58:L58) -> 33.85 | E58: =IF(BU58+BV58+BW58+CH58+CI58+CJ58+CK58+FO58+FS58+FT58=0,"",BU58+BV58+BW58+CH58+CI58+CJ58+CK58+FO58+FS58+FT58) | F58: =IF(FJ58=0,"",FJ58) | G58: =IF(CP58+DM58+DN58+EE58+EX58+EF58=0,"",CP58+DM58+DN58+EE58+EX58+EF58) | H58: =IF(DW58=0,"",DW58) | I58: =IF(DZ58+EA58+EG58=0,"",DZ58+EA58+EG58) | J58: =IF(BM58+BS58+BT58+BY58+BZ58+CA58+CB58+CC58+CD58+CE58+CF58+CG58+CL58+CM58+CN58+CO58+CQ58+CR58+CT58+CU58+CV58+CW58+CX58+CY58+CZ58+DA58+DB58+DC58+DD58+DE58+DF58+DG58+DH58+DI58+DJ58+DK58+DL58+DO58+DP58+DQ58+DR58+DS58+DT58+DY58+EB58+EC58+ED58+EH58+EI58+EJ58+EK58+EL58+EM58+EN58+EO58+EP58+ER58+ES58+ET58+EU58+EV58+EW58+EY58+EZ58+FA58+FB58+FC58+FD58+FE58+FF58+FG58+FH58+FI58+FK58+FL58+FM58+FN58+FP58+FQ58+FR58+FU58+FV58+FW58+FX58+FY58+FZ58+GA58+GB58+GC58+GD58+GE58+GF58+GG58+GH58+GI58+GJ58+GK58+GL58+GM58=0,"",BM58+BS58+BT58+BY58+BZ58+CA58+CB58+CC58+CD58+CE58+CF58+CG58+CL58+CM58+CN58+CO58+CQ58+CR58+CT58+CU58+CV58+CW58+CX58+CY58+CZ58+DA58+DB58+DC58+DD58+DE58+DF58+DG58+DH58+DI58+DJ58+DK58+DL58+DO58+DP58+DQ58+DR58+DS58+DT58+DY58+EB58+EC58+ED58+EH58+EI58+EJ58+EK58+EL58+EM58+EN58+EO58+EP58+ER58+ES58+ET58+EU58+EV58+EW58+EY58+EZ58+FA58+FB58+FC58+FD58+FE58+FF58+FG58+FH58+FI58+FK58+FL58+FM58+FN58+FP58+FQ58+FR58+FU58+FV58+FW58+FX58+FY58+FZ58+GA58+GB58+GC58+GD58+GE58+GF58+GG58+GH58+GI58+GJ58+GK58+GL58+GM58) -> 33.85 | K58: =DX58+CS58 -> 0 | L58: =BN58-C58 -> 0 | M58: F2606017122 | N58: 46203 | O58: 9505289-C01 | P58: EXP20260605-2783082 | Q58: 2026 | R58: 26-06-0332183 | S58: EXP20260605-2783082 | T58: 26A060332183 | U58: DAP | V58: DOMESTIC | W58: DOMESTIC | X58: 34150 | Y58: MESS | Z58: EDI | AA58: 560 | AC58: 46182 | AD58: 21 | AE58: LA RUCHE LOGISTIQUE | AF58: EXP20260605-2783082 | AG58: FR | AH58: 21 | AI58: CREANCEY | AJ58: 46188 | AK58: CLOS LALFERT Baptiste LALFERT (ENTREPRISE) | AL58: EXP20260605-2783082 | AM58: FR | AN58: 34 | AO58: LA BOISSIERE | AR58: 1 | AS58: 1 | AT58: 14 | AU58: 14 | AV58: 0 | AW58: KG | AX58: 14 | AY58: 0 | BE58: PORTPAYE | BF58: STANDARD | BG58: EUR | BM58: 25.36 | BN58: 33.85 | BQ58: LSTANDARD | DI58: 6.34 | DK58: 2 | GM58: 0.15
B59: =IF(S59<>"",S59,T59) -> EXP20260604-2781391 | C59: =SUM(E59:K59) -> 223.93 | D59: =SUM(E59:L59) -> 223.93 | E59: =IF(BU59+BV59+BW59+CH59+CI59+CJ59+CK59+FO59+FS59+FT59=0,"",BU59+BV59+BW59+CH59+CI59+CJ59+CK59+FO59+FS59+FT59) | F59: =IF(FJ59=0,"",FJ59) | G59: =IF(CP59+DM59+DN59+EE59+EX59+EF59=0,"",CP59+DM59+DN59+EE59+EX59+EF59) | H59: =IF(DW59=0,"",DW59) | I59: =IF(DZ59+EA59+EG59=0,"",DZ59+EA59+EG59) | J59: =IF(BM59+BS59+BT59+BY59+BZ59+CA59+CB59+CC59+CD59+CE59+CF59+CG59+CL59+CM59+CN59+CO59+CQ59+CR59+CT59+CU59+CV59+CW59+CX59+CY59+CZ59+DA59+DB59+DC59+DD59+DE59+DF59+DG59+DH59+DI59+DJ59+DK59+DL59+DO59+DP59+DQ59+DR59+DS59+DT59+DY59+EB59+EC59+ED59+EH59+EI59+EJ59+EK59+EL59+EM59+EN59+EO59+EP59+ER59+ES59+ET59+EU59+EV59+EW59+EY59+EZ59+FA59+FB59+FC59+FD59+FE59+FF59+FG59+FH59+FI59+FK59+FL59+FM59+FN59+FP59+FQ59+FR59+FU59+FV59+FW59+FX59+FY59+FZ59+GA59+GB59+GC59+GD59+GE59+GF59+GG59+GH59+GI59+GJ59+GK59+GL59+GM59=0,"",BM59+BS59+BT59+BY59+BZ59+CA59+CB59+CC59+CD59+CE59+CF59+CG59+CL59+CM59+CN59+CO59+CQ59+CR59+CT59+CU59+CV59+CW59+CX59+CY59+CZ59+DA59+DB59+DC59+DD59+DE59+DF59+DG59+DH59+DI59+DJ59+DK59+DL59+DO59+DP59+DQ59+DR59+DS59+DT59+DY59+EB59+EC59+ED59+EH59+EI59+EJ59+EK59+EL59+EM59+EN59+EO59+EP59+ER59+ES59+ET59+EU59+EV59+EW59+EY59+EZ59+FA59+FB59+FC59+FD59+FE59+FF59+FG59+FH59+FI59+FK59+FL59+FM59+FN59+FP59+FQ59+FR59+FU59+FV59+FW59+FX59+FY59+FZ59+GA59+GB59+GC59+GD59+GE59+GF59+GG59+GH59+GI59+GJ59+GK59+GL59+GM59) -> 223.93 | K59: =DX59+CS59 -> 0 | L59: =BN59-C59 -> 0 | M59: F2606017122 | N59: 46203 | O59: 9505289-C01 | P59: EXP20260604-2781391 | Q59: 2026 | R59: 26-06-0332186 | S59: EXP20260604-2781391 | T59: 26A060332186 | U59: DAP | V59: DOMESTIC | W59: DOMESTIC | X59: 33700 | Y59: MESS | Z59: EDI | AA59: 690 | AC59: 46182 | AD59: 21 | AE59: LA RUCHE LOGISTIQUE | AF59: EXP20260604-2781391 | AG59: FR | AH59: 21 | AI59: CREANCEY | AJ59: 46185 | AK59: A VOS BULLES SERVICE EXPEDITION (ENTREPRISE) | AL59: EXP20260604-2781391 | AM59: FR | AN59: 33 | AO59: MERIGNAC | AR59: 3 | AS59: 3 | AT59: 390 | AU59: 390 | AV59: 0 | AW59: Pal | AX59: 3 | AY59: 0 | BE59: PORTPAYE | BF59: STANDARD | BG59: EUR | BM59: 177.42 | BN59: 223.93 | BQ59: LSTANDARD | DI59: 44.36 | DK59: 2 | GM59: 0.15
B60: =IF(S60<>"",S60,T60) -> 26A060354623 | C60: =SUM(E60:K60) -> 41.71 | D60: =SUM(E60:L60) -> 41.71 | E60: =IF(BU60+BV60+BW60+CH60+CI60+CJ60+CK60+FO60+FS60+FT60=0,"",BU60+BV60+BW60+CH60+CI60+CJ60+CK60+FO60+FS60+FT60) | F60: =IF(FJ60=0,"",FJ60) | G60: =IF(CP60+DM60+DN60+EE60+EX60+EF60=0,"",CP60+DM60+DN60+EE60+EX60+EF60) | H60: =IF(DW60=0,"",DW60) | I60: =IF(DZ60+EA60+EG60=0,"",DZ60+EA60+EG60) | J60: =IF(BM60+BS60+BT60+BY60+BZ60+CA60+CB60+CC60+CD60+CE60+CF60+CG60+CL60+CM60+CN60+CO60+CQ60+CR60+CT60+CU60+CV60+CW60+CX60+CY60+CZ60+DA60+DB60+DC60+DD60+DE60+DF60+DG60+DH60+DI60+DJ60+DK60+DL60+DO60+DP60+DQ60+DR60+DS60+DT60+DY60+EB60+EC60+ED60+EH60+EI60+EJ60+EK60+EL60+EM60+EN60+EO60+EP60+ER60+ES60+ET60+EU60+EV60+EW60+EY60+EZ60+FA60+FB60+FC60+FD60+FE60+FF60+FG60+FH60+FI60+FK60+FL60+FM60+FN60+FP60+FQ60+FR60+FU60+FV60+FW60+FX60+FY60+FZ60+GA60+GB60+GC60+GD60+GE60+GF60+GG60+GH60+GI60+GJ60+GK60+GL60+GM60=0,"",BM60+BS60+BT60+BY60+BZ60+CA60+CB60+CC60+CD60+CE60+CF60+CG60+CL60+CM60+CN60+CO60+CQ60+CR60+CT60+CU60+CV60+CW60+CX60+CY60+CZ60+DA60+DB60+DC60+DD60+DE60+DF60+DG60+DH60+DI60+DJ60+DK60+DL60+DO60+DP60+DQ60+DR60+DS60+DT60+DY60+EB60+EC60+ED60+EH60+EI60+EJ60+EK60+EL60+EM60+EN60+EO60+EP60+ER60+ES60+ET60+EU60+EV60+EW60+EY60+EZ60+FA60+FB60+FC60+FD60+FE60+FF60+FG60+FH60+FI60+FK60+FL60+FM60+FN60+FP60+FQ60+FR60+FU60+FV60+FW60+FX60+FY60+FZ60+GA60+GB60+GC60+GD60+GE60+GF60+GG60+GH60+GI60+GJ60+GK60+GL60+GM60) -> 41.71 | K60: =DX60+CS60 -> 0 | L60: =BN60-C60 -> 0 | M60: F2606017122 | N60: 46203 | O60: 9505289-C01 | P60: EXP20260603-2777654 | Q60: 2026 | R60: 26-06-0354623 | T60: 26A060354623 | U60: DAP | V60: DOMESTIC | W60: DOMESTIC | X60: 93290 | Y60: MESS | Z60: SOUF | AA60: 126 | AC60: 46183 | AD60: 60 | AE60: LA RUCHE LOGISTIQUE | AF60: EXP20260603-2777654 | AG60: FR | AH60: 21 | AI60: CREANCEY | AJ60: 46184 | AK60: AIR TERMINAL HANDLING S.A (ATH) P/C DACHSER | AL60: EXP20260603-2777654 | AM60: FR | AN60: 93 | AO60: TREMBLAY EN FRANCE | AR60: 1 | AS60: 1 | AT60: 354 | AU60: 354 | AV60: 0 | AW60: Pal | AX60: 1 | AY60: 0 | BE60: TIERSPAYANT | BF60: STANDARD | BG60: EUR | BM60: 41.71 | BN60: 41.71 | BQ60: LSTANDARD
B61: =IF(S61<>"",S61,T61) -> 5001337 | C61: =SUM(E61:K61) -> 85.7 | D61: =SUM(E61:L61) -> 85.7 | E61: =IF(BU61+BV61+BW61+CH61+CI61+CJ61+CK61+FO61+FS61+FT61=0,"",BU61+BV61+BW61+CH61+CI61+CJ61+CK61+FO61+FS61+FT61) | F61: =IF(FJ61=0,"",FJ61) | G61: =IF(CP61+DM61+DN61+EE61+EX61+EF61=0,"",CP61+DM61+DN61+EE61+EX61+EF61) | H61: =IF(DW61=0,"",DW61) | I61: =IF(DZ61+EA61+EG61=0,"",DZ61+EA61+EG61) | J61: =IF(BM61+BS61+BT61+BY61+BZ61+CA61+CB61+CC61+CD61+CE61+CF61+CG61+CL61+CM61+CN61+CO61+CQ61+CR61+CT61+CU61+CV61+CW61+CX61+CY61+CZ61+DA61+DB61+DC61+DD61+DE61+DF61+DG61+DH61+DI61+DJ61+DK61+DL61+DO61+DP61+DQ61+DR61+DS61+DT61+DY61+EB61+EC61+ED61+EH61+EI61+EJ61+EK61+EL61+EM61+EN61+EO61+EP61+ER61+ES61+ET61+EU61+EV61+EW61+EY61+EZ61+FA61+FB61+FC61+FD61+FE61+FF61+FG61+FH61+FI61+FK61+FL61+FM61+FN61+FP61+FQ61+FR61+FU61+FV61+FW61+FX61+FY61+FZ61+GA61+GB61+GC61+GD61+GE61+GF61+GG61+GH61+GI61+GJ61+GK61+GL61+GM61=0,"",BM61+BS61+BT61+BY61+BZ61+CA61+CB61+CC61+CD61+CE61+CF61+CG61+CL61+CM61+CN61+CO61+CQ61+CR61+CT61+CU61+CV61+CW61+CX61+CY61+CZ61+DA61+DB61+DC61+DD61+DE61+DF61+DG61+DH61+DI61+DJ61+DK61+DL61+DO61+DP61+DQ61+DR61+DS61+DT61+DY61+EB61+EC61+ED61+EH61+EI61+EJ61+EK61+EL61+EM61+EN61+EO61+EP61+ER61+ES61+ET61+EU61+EV61+EW61+EY61+EZ61+FA61+FB61+FC61+FD61+FE61+FF61+FG61+FH61+FI61+FK61+FL61+FM61+FN61+FP61+FQ61+FR61+FU61+FV61+FW61+FX61+FY61+FZ61+GA61+GB61+GC61+GD61+GE61+GF61+GG61+GH61+GI61+GJ61+GK61+GL61+GM61) -> 85.7 | K61: =DX61+CS61 -> 0 | L61: =BN61-C61 -> 0 | M61: F2606017122 | N61: 46203 | O61: 9505289-C01 | P61: 5001337 | Q61: 2026 | R61: 26-06-0390328 | S61: 5001337 | T61: 26A060390328 | U61: DAP | V61: DOMESTIC | W61: DOMESTIC | X61: 44190 | Y61: MESS | Z61: EDI | AA61: 769 | AC61: 46183 | AD61: 21 | AE61: LA RUCHE LOGISTIQUE | AF61: 5001337 | AG61: FR | AH61: 21 | AI61: CREANCEY | AJ61: 46185 | AK61: Jérôme BRETAUDEAU (ENTREPRISE) | AL61: 5001337 | AM61: FR | AN61: 44 | AO61: GETIGNE | AR61: 1 | AS61: 1 | AT61: 157 | AU61: 438 | AV61: 1.75 | AW61: Pal | AX61: 1 | AY61: 0 | BE61: PORTPAYE | BF61: STANDARD | BG61: EUR | BM61: 66.84 | BN61: 85.7 | BQ61: LSTANDARD | DI61: 16.71 | DK61: 2 | GM61: 0.15
B62: =IF(S62<>"",S62,T62) -> EXP20260610-2790057 | C62: =SUM(E62:K62) -> 41.98 | D62: =SUM(E62:L62) -> 41.98 | E62: =IF(BU62+BV62+BW62+CH62+CI62+CJ62+CK62+FO62+FS62+FT62=0,"",BU62+BV62+BW62+CH62+CI62+CJ62+CK62+FO62+FS62+FT62) | F62: =IF(FJ62=0,"",FJ62) | G62: =IF(CP62+DM62+DN62+EE62+EX62+EF62=0,"",CP62+DM62+DN62+EE62+EX62+EF62) | H62: =IF(DW62=0,"",DW62) | I62: =IF(DZ62+EA62+EG62=0,"",DZ62+EA62+EG62) | J62: =IF(BM62+BS62+BT62+BY62+BZ62+CA62+CB62+CC62+CD62+CE62+CF62+CG62+CL62+CM62+CN62+CO62+CQ62+CR62+CT62+CU62+CV62+CW62+CX62+CY62+CZ62+DA62+DB62+DC62+DD62+DE62+DF62+DG62+DH62+DI62+DJ62+DK62+DL62+DO62+DP62+DQ62+DR62+DS62+DT62+DY62+EB62+EC62+ED62+EH62+EI62+EJ62+EK62+EL62+EM62+EN62+EO62+EP62+ER62+ES62+ET62+EU62+EV62+EW62+EY62+EZ62+FA62+FB62+FC62+FD62+FE62+FF62+FG62+FH62+FI62+FK62+FL62+FM62+FN62+FP62+FQ62+FR62+FU62+FV62+FW62+FX62+FY62+FZ62+GA62+GB62+GC62+GD62+GE62+GF62+GG62+GH62+GI62+GJ62+GK62+GL62+GM62=0,"",BM62+BS62+BT62+BY62+BZ62+CA62+CB62+CC62+CD62+CE62+CF62+CG62+CL62+CM62+CN62+CO62+CQ62+CR62+CT62+CU62+CV62+CW62+CX62+CY62+CZ62+DA62+DB62+DC62+DD62+DE62+DF62+DG62+DH62+DI62+DJ62+DK62+DL62+DO62+DP62+DQ62+DR62+DS62+DT62+DY62+EB62+EC62+ED62+EH62+EI62+EJ62+EK62+EL62+EM62+EN62+EO62+EP62+ER62+ES62+ET62+EU62+EV62+EW62+EY62+EZ62+FA62+FB62+FC62+FD62+FE62+FF62+FG62+FH62+FI62+FK62+FL62+FM62+FN62+FP62+FQ62+FR62+FU62+FV62+FW62+FX62+FY62+FZ62+GA62+GB62+GC62+GD62+GE62+GF62+GG62+GH62+GI62+GJ62+GK62+GL62+GM62) -> 41.98 | K62: =DX62+CS62 -> 0 | L62: =BN62-C62 -> 0 | M62: F2606017122 | N62: 46203 | O62: 9505289-C01 | P62: EXP20260610-2790057 | Q62: 2026 | R62: 26-06-0390329 | S62: EXP20260610-2790057 | T62: 26A060390329 | U62: DAP | V62: DOMESTIC | W62: DOMESTIC | X62: 13130 | Y62: MESS | Z62: EDI | AA62: 565 | AC62: 46183 | AD62: 21 | AE62: LA RUCHE LOGISTIQUE | AF62: EXP20260610-2790057 | AG62: FR | AH62: 21 | AI62: CREANCEY | AJ62: 46190 | AK62: Les Vignerons de Mistral Sandrine V (ENTREPRISE) | AL62: EXP20260610-2790057 | AM62: FR | AN62: 13 | AO62: BERRE L ETANG | AR62: 1 | AS62: 1 | AT62: 39 | AU62: 39 | AV62: 0 | AW62: KG | AX62: 39 | AY62: 0 | BE62: PORTPAYE | BF62: STANDARD | BG62: EUR | BM62: 31.86 | BN62: 41.98 | BQ62: LSTANDARD | DI62: 7.97 | DK62: 2 | GM62: 0.15
B63: =IF(S63<>"",S63,T63) -> EXP20260610-2789905 | C63: =SUM(E63:K63) -> 83.06 | D63: =SUM(E63:L63) -> 83.06 | E63: =IF(BU63+BV63+BW63+CH63+CI63+CJ63+CK63+FO63+FS63+FT63=0,"",BU63+BV63+BW63+CH63+CI63+CJ63+CK63+FO63+FS63+FT63) | F63: =IF(FJ63=0,"",FJ63) | G63: =IF(CP63+DM63+DN63+EE63+EX63+EF63=0,"",CP63+DM63+DN63+EE63+EX63+EF63) | H63: =IF(DW63=0,"",DW63) | I63: =IF(DZ63+EA63+EG63=0,"",DZ63+EA63+EG63) | J63: =IF(BM63+BS63+BT63+BY63+BZ63+CA63+CB63+CC63+CD63+CE63+CF63+CG63+CL63+CM63+CN63+CO63+CQ63+CR63+CT63+CU63+CV63+CW63+CX63+CY63+CZ63+DA63+DB63+DC63+DD63+DE63+DF63+DG63+DH63+DI63+DJ63+DK63+DL63+DO63+DP63+DQ63+DR63+DS63+DT63+DY63+EB63+EC63+ED63+EH63+EI63+EJ63+EK63+EL63+EM63+EN63+EO63+EP63+ER63+ES63+ET63+EU63+EV63+EW63+EY63+EZ63+FA63+FB63+FC63+FD63+FE63+FF63+FG63+FH63+FI63+FK63+FL63+FM63+FN63+FP63+FQ63+FR63+FU63+FV63+FW63+FX63+FY63+FZ63+GA63+GB63+GC63+GD63+GE63+GF63+GG63+GH63+GI63+GJ63+GK63+GL63+GM63=0,"",BM63+BS63+BT63+BY63+BZ63+CA63+CB63+CC63+CD63+CE63+CF63+CG63+CL63+CM63+CN63+CO63+CQ63+CR63+CT63+CU63+CV63+CW63+CX63+CY63+CZ63+DA63+DB63+DC63+DD63+DE63+DF63+DG63+DH63+DI63+DJ63+DK63+DL63+DO63+DP63+DQ63+DR63+DS63+DT63+DY63+EB63+EC63+ED63+EH63+EI63+EJ63+EK63+EL63+EM63+EN63+EO63+EP63+ER63+ES63+ET63+EU63+EV63+EW63+EY63+EZ63+FA63+FB63+FC63+FD63+FE63+FF63+FG63+FH63+FI63+FK63+FL63+FM63+FN63+FP63+FQ63+FR63+FU63+FV63+FW63+FX63+FY63+FZ63+GA63+GB63+GC63+GD63+GE63+GF63+GG63+GH63+GI63+GJ63+GK63+GL63+GM63) -> 83.06 | K63: =DX63+CS63 -> 0 | L63: =BN63-C63 -> 0 | M63: F2606017122 | N63: 46203 | O63: 9505289-C01 | P63: EXP20260610-2789905 | Q63: 2026 | R63: 26-06-0390330 | S63: EXP20260610-2789905 | T63: 26A060390330 | U63: DAP | V63: DOMESTIC | W63: DOMESTIC | X63: 1450 | Y63: MESS | Z63: EDI | AA63: 312 | AC63: 46183 | AD63: 21 | AE63: LA RUCHE LOGISTIQUE | AF63: EXP20260610-2789905 | AG63: FR | AH63: 21 | AI63: CREANCEY | AJ63: 46188 | AK63: DUBREUIL et FILS Pierre DUBREUIL (ENTREPRISE) | AL63: EXP20260610-2789905 | AM63: FR | AN63: 1 | AO63: CERDON | AR63: 2 | AS63: 2 | AT63: 234 | AU63: 234 | AV63: 0 | AW63: Pal | AX63: 2 | AY63: 0 | BE63: PORTPAYE | BF63: STANDARD | BG63: EUR | BM63: 80.91 | BN63: 83.06 | BQ63: LSTANDARD | DK63: 2 | GM63: 0.15
B64: =IF(S64<>"",S64,T64) -> EXP20260609-2788027 | C64: =SUM(E64:K64) -> 51.74 | D64: =SUM(E64:L64) -> 51.74 | E64: =IF(BU64+BV64+BW64+CH64+CI64+CJ64+CK64+FO64+FS64+FT64=0,"",BU64+BV64+BW64+CH64+CI64+CJ64+CK64+FO64+FS64+FT64) | F64: =IF(FJ64=0,"",FJ64) | G64: =IF(CP64+DM64+DN64+EE64+EX64+EF64=0,"",CP64+DM64+DN64+EE64+EX64+EF64) | H64: =IF(DW64=0,"",DW64) | I64: =IF(DZ64+EA64+EG64=0,"",DZ64+EA64+EG64) | J64: =IF(BM64+BS64+BT64+BY64+BZ64+CA64+CB64+CC64+CD64+CE64+CF64+CG64+CL64+CM64+CN64+CO64+CQ64+CR64+CT64+CU64+CV64+CW64+CX64+CY64+CZ64+DA64+DB64+DC64+DD64+DE64+DF64+DG64+DH64+DI64+DJ64+DK64+DL64+DO64+DP64+DQ64+DR64+DS64+DT64+DY64+EB64+EC64+ED64+EH64+EI64+EJ64+EK64+EL64+EM64+EN64+EO64+EP64+ER64+ES64+ET64+EU64+EV64+EW64+EY64+EZ64+FA64+FB64+FC64+FD64+FE64+FF64+FG64+FH64+FI64+FK64+FL64+FM64+FN64+FP64+FQ64+FR64+FU64+FV64+FW64+FX64+FY64+FZ64+GA64+GB64+GC64+GD64+GE64+GF64+GG64+GH64+GI64+GJ64+GK64+GL64+GM64=0,"",BM64+BS64+BT64+BY64+BZ64+CA64+CB64+CC64+CD64+CE64+CF64+CG64+CL64+CM64+CN64+CO64+CQ64+CR64+CT64+CU64+CV64+CW64+CX64+CY64+CZ64+DA64+DB64+DC64+DD64+DE64+DF64+DG64+DH64+DI64+DJ64+DK64+DL64+DO64+DP64+DQ64+DR64+DS64+DT64+DY64+EB64+EC64+ED64+EH64+EI64+EJ64+EK64+EL64+EM64+EN64+EO64+EP64+ER64+ES64+ET64+EU64+EV64+EW64+EY64+EZ64+FA64+FB64+FC64+FD64+FE64+FF64+FG64+FH64+FI64+FK64+FL64+FM64+FN64+FP64+FQ64+FR64+FU64+FV64+FW64+FX64+FY64+FZ64+GA64+GB64+GC64+GD64+GE64+GF64+GG64+GH64+GI64+GJ64+GK64+GL64+GM64) -> 51.74 | K64: =DX64+CS64 -> 0 | L64: =BN64-C64 -> 0 | M64: F2606017122 | N64: 46203 | O64: 9505289-C01 | P64: EXP20260609-2788027 | Q64: 2026 | R64: 26-06-0390331 | S64: EXP20260609-2788027 | T64: 26A060390331 | U64: DAP | V64: DOMESTIC | W64: DOMESTIC | X64: 30250 | Y64: MESS | Z64: EDI | AA64: 540 | AC64: 46183 | AD64: 21 | AE64: LA RUCHE LOGISTIQUE | AF64: EXP20260609-2788027 | AG64: FR | AH64: 21 | AI64: CREANCEY | AJ64: 46188 | AK64: MAS LAU BAGNOL Laurent (ENTREPRISE) | AL64: EXP20260609-2788027 | AM64: FR | AN64: 30 | AO64: SOUVIGNARGUES | AR64: 1 | AS64: 1 | AT64: 85 | AU64: 85 | AV64: 0 | AW64: KG | AX64: 85 | AY64: 0 | BE64: PORTPAYE | BF64: STANDARD | BG64: EUR | BM64: 39.67 | BN64: 51.74 | BQ64: LSTANDARD | DI64: 9.92 | DK64: 2 | GM64: 0.15
B65: =IF(S65<>"",S65,T65) -> EXP20260608-2786160 | C65: =SUM(E65:K65) -> 80.9 | D65: =SUM(E65:L65) -> 80.9 | E65: =IF(BU65+BV65+BW65+CH65+CI65+CJ65+CK65+FO65+FS65+FT65=0,"",BU65+BV65+BW65+CH65+CI65+CJ65+CK65+FO65+FS65+FT65) | F65: =IF(FJ65=0,"",FJ65) | G65: =IF(CP65+DM65+DN65+EE65+EX65+EF65=0,"",CP65+DM65+DN65+EE65+EX65+EF65) | H65: =IF(DW65=0,"",DW65) | I65: =IF(DZ65+EA65+EG65=0,"",DZ65+EA65+EG65) | J65: =IF(BM65+BS65+BT65+BY65+BZ65+CA65+CB65+CC65+CD65+CE65+CF65+CG65+CL65+CM65+CN65+CO65+CQ65+CR65+CT65+CU65+CV65+CW65+CX65+CY65+CZ65+DA65+DB65+DC65+DD65+DE65+DF65+DG65+DH65+DI65+DJ65+DK65+DL65+DO65+DP65+DQ65+DR65+DS65+DT65+DY65+EB65+EC65+ED65+EH65+EI65+EJ65+EK65+EL65+EM65+EN65+EO65+EP65+ER65+ES65+ET65+EU65+EV65+EW65+EY65+EZ65+FA65+FB65+FC65+FD65+FE65+FF65+FG65+FH65+FI65+FK65+FL65+FM65+FN65+FP65+FQ65+FR65+FU65+FV65+FW65+FX65+FY65+FZ65+GA65+GB65+GC65+GD65+GE65+GF65+GG65+GH65+GI65+GJ65+GK65+GL65+GM65=0,"",BM65+BS65+BT65+BY65+BZ65+CA65+CB65+CC65+CD65+CE65+CF65+CG65+CL65+CM65+CN65+CO65+CQ65+CR65+CT65+CU65+CV65+CW65+CX65+CY65+CZ65+DA65+DB65+DC65+DD65+DE65+DF65+DG65+DH65+DI65+DJ65+DK65+DL65+DO65+DP65+DQ65+DR65+DS65+DT65+DY65+EB65+EC65+ED65+EH65+EI65+EJ65+EK65+EL65+EM65+EN65+EO65+EP65+ER65+ES65+ET65+EU65+EV65+EW65+EY65+EZ65+FA65+FB65+FC65+FD65+FE65+FF65+FG65+FH65+FI65+FK65+FL65+FM65+FN65+FP65+FQ65+FR65+FU65+FV65+FW65+FX65+FY65+FZ65+GA65+GB65+GC65+GD65+GE65+GF65+GG65+GH65+GI65+GJ65+GK65+GL65+GM65) -> 80.9 | K65: =DX65+CS65 -> 0 | L65: =BN65-C65 -> 0 | M65: F2606017122 | N65: 46203 | O65: 9505289-C01 | P65: EXP20260608-2786160 | Q65: 2026 | R65: 26-06-0390332 | S65: EXP20260608-2786160 | T65: 26A060390332 | U65: DAP | V65: DOMESTIC | W65: DOMESTIC | X65: 33290 | Y65: MESS | Z65: EDI | AA65: 739 | AC65: 46183 | AD65: 21 | AE65: LA RUCHE LOGISTIQUE | AF65: EXP20260608-2786160 | AG65: FR | AH65: 21 | AI65: CREANCEY | AJ65: 46195 | AK65: CASTEL FRERES BUDIN EMMANUEL (ENTREPRISE) | AL65: EXP20260608-2786160 | AM65: FR | AN65: 33 | AO65: BLANQUEFORT | AR65: 1 | AS65: 1 | AT65: 138 | AU65: 138 | AV65: 0 | AW65: KG | AX65: 138 | AY65: 0 | BE65: PORTPAYE | BF65: STANDARD | BG65: EUR | BM65: 63 | BN65: 80.9 | BQ65: LSTANDARD | DI65: 15.75 | DK65: 2 | GM65: 0.15
B66: =IF(S66<>"",S66,T66) -> EXP20260609-2788058 | C66: =SUM(E66:K66) -> 69.65 | D66: =SUM(E66:L66) -> 69.65 | E66: =IF(BU66+BV66+BW66+CH66+CI66+CJ66+CK66+FO66+FS66+FT66=0,"",BU66+BV66+BW66+CH66+CI66+CJ66+CK66+FO66+FS66+FT66) | F66: =IF(FJ66=0,"",FJ66) | G66: =IF(CP66+DM66+DN66+EE66+EX66+EF66=0,"",CP66+DM66+DN66+EE66+EX66+EF66) | H66: =IF(DW66=0,"",DW66) | I66: =IF(DZ66+EA66+EG66=0,"",DZ66+EA66+EG66) | J66: =IF(BM66+BS66+BT66+BY66+BZ66+CA66+CB66+CC66+CD66+CE66+CF66+CG66+CL66+CM66+CN66+CO66+CQ66+CR66+CT66+CU66+CV66+CW66+CX66+CY66+CZ66+DA66+DB66+DC66+DD66+DE66+DF66+DG66+DH66+DI66+DJ66+DK66+DL66+DO66+DP66+DQ66+DR66+DS66+DT66+DY66+EB66+EC66+ED66+EH66+EI66+EJ66+EK66+EL66+EM66+EN66+EO66+EP66+ER66+ES66+ET66+EU66+EV66+EW66+EY66+EZ66+FA66+FB66+FC66+FD66+FE66+FF66+FG66+FH66+FI66+FK66+FL66+FM66+FN66+FP66+FQ66+FR66+FU66+FV66+FW66+FX66+FY66+FZ66+GA66+GB66+GC66+GD66+GE66+GF66+GG66+GH66+GI66+GJ66+GK66+GL66+GM66=0,"",BM66+BS66+BT66+BY66+BZ66+CA66+CB66+CC66+CD66+CE66+CF66+CG66+CL66+CM66+CN66+CO66+CQ66+CR66+CT66+CU66+CV66+CW66+CX66+CY66+CZ66+DA66+DB66+DC66+DD66+DE66+DF66+DG66+DH66+DI66+DJ66+DK66+DL66+DO66+DP66+DQ66+DR66+DS66+DT66+DY66+EB66+EC66+ED66+EH66+EI66+EJ66+EK66+EL66+EM66+EN66+EO66+EP66+ER66+ES66+ET66+EU66+EV66+EW66+EY66+EZ66+FA66+FB66+FC66+FD66+FE66+FF66+FG66+FH66+FI66+FK66+FL66+FM66+FN66+FP66+FQ66+FR66+FU66+FV66+FW66+FX66+FY66+FZ66+GA66+GB66+GC66+GD66+GE66+GF66+GG66+GH66+GI66+GJ66+GK66+GL66+GM66) -> 69.65 | K66: =DX66+CS66 -> 0 | L66: =BN66-C66 -> 0 | M66: F2606017122 | N66: 46203 | O66: 9505289-C01 | P66: EXP20260609-2788058 | Q66: 2026 | R66: 26-06-0390333 | S66: EXP20260609-2788058 | T66: 26A060390333 | U66: DAP | V66: DOMESTIC | W66: DOMESTIC | X66: 33330 | Y66: MESS | Z66: EDI | AA66: 713 | AC66: 46183 | AD66: 21 | AE66: LA RUCHE LOGISTIQUE | AF66: EXP20260609-2788058 | AG66: FR | AH66: 21 | AI66: CREANCEY | AJ66: 46185 | AK66: Les Vignobles Chatenet-Goujon CHATE (ENTREPRISE) | AL66: EXP20260609-2788058 | AM66: FR | AN66: 33 | AO66: ST CHRISTOPHE DES BARDES | AR66: 1 | AS66: 1 | AT66: 118 | AU66: 118 | AV66: 0 | AW66: KG | AX66: 118 | AY66: 0 | BE66: PORTPAYE | BF66: STANDARD | BG66: EUR | BM66: 54 | BN66: 69.65 | BQ66: LSTANDARD | DI66: 13.5 | DK66: 2 | GM66: 0.15
B67: =IF(S67<>"",S67,T67) -> EXP20260608-2787012 | C67: =SUM(E67:K67) -> 73.46 | D67: =SUM(E67:L67) -> 73.46 | E67: =IF(BU67+BV67+BW67+CH67+CI67+CJ67+CK67+FO67+FS67+FT67=0,"",BU67+BV67+BW67+CH67+CI67+CJ67+CK67+FO67+FS67+FT67) | F67: =IF(FJ67=0,"",FJ67) | G67: =IF(CP67+DM67+DN67+EE67+EX67+EF67=0,"",CP67+DM67+DN67+EE67+EX67+EF67) | H67: =IF(DW67=0,"",DW67) | I67: =IF(DZ67+EA67+EG67=0,"",DZ67+EA67+EG67) | J67: =IF(BM67+BS67+BT67+BY67+BZ67+CA67+CB67+CC67+CD67+CE67+CF67+CG67+CL67+CM67+CN67+CO67+CQ67+CR67+CT67+CU67+CV67+CW67+CX67+CY67+CZ67+DA67+DB67+DC67+DD67+DE67+DF67+DG67+DH67+DI67+DJ67+DK67+DL67+DO67+DP67+DQ67+DR67+DS67+DT67+DY67+EB67+EC67+ED67+EH67+EI67+EJ67+EK67+EL67+EM67+EN67+EO67+EP67+ER67+ES67+ET67+EU67+EV67+EW67+EY67+EZ67+FA67+FB67+FC67+FD67+FE67+FF67+FG67+FH67+FI67+FK67+FL67+FM67+FN67+FP67+FQ67+FR67+FU67+FV67+FW67+FX67+FY67+FZ67+GA67+GB67+GC67+GD67+GE67+GF67+GG67+GH67+GI67+GJ67+GK67+GL67+GM67=0,"",BM67+BS67+BT67+BY67+BZ67+CA67+CB67+CC67+CD67+CE67+CF67+CG67+CL67+CM67+CN67+CO67+CQ67+CR67+CT67+CU67+CV67+CW67+CX67+CY67+CZ67+DA67+DB67+DC67+DD67+DE67+DF67+DG67+DH67+DI67+DJ67+DK67+DL67+DO67+DP67+DQ67+DR67+DS67+DT67+DY67+EB67+EC67+ED67+EH67+EI67+EJ67+EK67+EL67+EM67+EN67+EO67+EP67+ER67+ES67+ET67+EU67+EV67+EW67+EY67+EZ67+FA67+FB67+FC67+FD67+FE67+FF67+FG67+FH67+FI67+FK67+FL67+FM67+FN67+FP67+FQ67+FR67+FU67+FV67+FW67+FX67+FY67+FZ67+GA67+GB67+GC67+GD67+GE67+GF67+GG67+GH67+GI67+GJ67+GK67+GL67+GM67) -> 73.46 | K67: =DX67+CS67 -> 0 | L67: =BN67-C67 -> 0 | M67: F2606017122 | N67: 46203 | O67: 9505289-C01 | P67: EXP20260608-2787012 | Q67: 2026 | R67: 26-06-0390334 | S67: EXP20260608-2787012 | T67: 26A060390334 | U67: DAP | V67: DOMESTIC | W67: DOMESTIC | X67: 34880 | Y67: MESS | Z67: EDI | AA67: 560 | AC67: 46183 | AD67: 21 | AE67: LA RUCHE LOGISTIQUE | AF67: EXP20260608-2787012 | AG67: FR | AH67: 21 | AI67: CREANCEY | AJ67: 46185 | AK67: SCEA CHATEAU DE L'ENGARRAN Diane LO (ENTREPRISE) | AL67: EXP20260608-2787012 | AM67: FR | AN67: 34 | AO67: LAVERUNE | AR67: 1 | AS67: 1 | AT67: 161 | AU67: 161 | AV67: 0 | AW67: Pal | AX67: 1 | AY67: 0 | BE67: PORTPAYE | BF67: STANDARD | BG67: EUR | BM67: 57.05 | BN67: 73.46 | BQ67: LSTANDARD | DI67: 14.26 | DK67: 2 | GM67: 0.15
B68: =IF(S68<>"",S68,T68) -> EXP20260609-2788973 | C68: =SUM(E68:K68) -> 72.63 | D68: =SUM(E68:L68) -> 72.63 | E68: =IF(BU68+BV68+BW68+CH68+CI68+CJ68+CK68+FO68+FS68+FT68=0,"",BU68+BV68+BW68+CH68+CI68+CJ68+CK68+FO68+FS68+FT68) | F68: =IF(FJ68=0,"",FJ68) | G68: =IF(CP68+DM68+DN68+EE68+EX68+EF68=0,"",CP68+DM68+DN68+EE68+EX68+EF68) | H68: =IF(DW68=0,"",DW68) | I68: =IF(DZ68+EA68+EG68=0,"",DZ68+EA68+EG68) | J68: =IF(BM68+BS68+BT68+BY68+BZ68+CA68+CB68+CC68+CD68+CE68+CF68+CG68+CL68+CM68+CN68+CO68+CQ68+CR68+CT68+CU68+CV68+CW68+CX68+CY68+CZ68+DA68+DB68+DC68+DD68+DE68+DF68+DG68+DH68+DI68+DJ68+DK68+DL68+DO68+DP68+DQ68+DR68+DS68+DT68+DY68+EB68+EC68+ED68+EH68+EI68+EJ68+EK68+EL68+EM68+EN68+EO68+EP68+ER68+ES68+ET68+EU68+EV68+EW68+EY68+EZ68+FA68+FB68+FC68+FD68+FE68+FF68+FG68+FH68+FI68+FK68+FL68+FM68+FN68+FP68+FQ68+FR68+FU68+FV68+FW68+FX68+FY68+FZ68+GA68+GB68+GC68+GD68+GE68+GF68+GG68+GH68+GI68+GJ68+GK68+GL68+GM68=0,"",BM68+BS68+BT68+BY68+BZ68+CA68+CB68+CC68+CD68+CE68+CF68+CG68+CL68+CM68+CN68+CO68+CQ68+CR68+CT68+CU68+CV68+CW68+CX68+CY68+CZ68+DA68+DB68+DC68+DD68+DE68+DF68+DG68+DH68+DI68+DJ68+DK68+DL68+DO68+DP68+DQ68+DR68+DS68+DT68+DY68+EB68+EC68+ED68+EH68+EI68+EJ68+EK68+EL68+EM68+EN68+EO68+EP68+ER68+ES68+ET68+EU68+EV68+EW68+EY68+EZ68+FA68+FB68+FC68+FD68+FE68+FF68+FG68+FH68+FI68+FK68+FL68+FM68+FN68+FP68+FQ68+FR68+FU68+FV68+FW68+FX68+FY68+FZ68+GA68+GB68+GC68+GD68+GE68+GF68+GG68+GH68+GI68+GJ68+GK68+GL68+GM68) -> 72.63 | K68: =DX68+CS68 -> 0 | L68: =BN68-C68 -> 0 | M68: F2606017122 | N68: 46203 | O68: 9505289-C01 | P68: EXP20260609-2788973 | Q68: 2026 | R68: 26-06-0390335 | S68: EXP20260609-2788973 | T68: 26A060390335 | U68: DAP | V68: DOMESTIC | W68: DOMESTIC | X68: 81140 | Y68: MESS | Z68: EDI | AA68: 660 | AC68: 46183 | AD68: 21 | AE68: LA RUCHE LOGISTIQUE | AF68: EXP20260609-2788973 | AG68: FR | AH68: 21 | AI68: CREANCEY | AJ68: 46190 | AK68: EARL DOMAINE DE BROUSSE BOISSEL AMA (ENTREPRISE) | AL68: EXP20260609-2788973 | AM68: FR | AN68: 81 | AO68: CAHUZAC SUR VERE | AR68: 1 | AS68: 1 | AT68: 132 | AU68: 132 | AV68: 0 | AW68: KG | AX68: 132 | AY68: 0 | BE68: PORTPAYE | BF68: STANDARD | BG68: EUR | BM68: 70.48 | BN68: 72.63 | BQ68: LSTANDARD | DK68: 2 | GM68: 0.15
B69: =IF(S69<>"",S69,T69) -> EXP20260609-2789330 | C69: =SUM(E69:K69) -> 56.4 | D69: =SUM(E69:L69) -> 56.4 | E69: =IF(BU69+BV69+BW69+CH69+CI69+CJ69+CK69+FO69+FS69+FT69=0,"",BU69+BV69+BW69+CH69+CI69+CJ69+CK69+FO69+FS69+FT69) | F69: =IF(FJ69=0,"",FJ69) | G69: =IF(CP69+DM69+DN69+EE69+EX69+EF69=0,"",CP69+DM69+DN69+EE69+EX69+EF69) | H69: =IF(DW69=0,"",DW69) | I69: =IF(DZ69+EA69+EG69=0,"",DZ69+EA69+EG69) | J69: =IF(BM69+BS69+BT69+BY69+BZ69+CA69+CB69+CC69+CD69+CE69+CF69+CG69+CL69+CM69+CN69+CO69+CQ69+CR69+CT69+CU69+CV69+CW69+CX69+CY69+CZ69+DA69+DB69+DC69+DD69+DE69+DF69+DG69+DH69+DI69+DJ69+DK69+DL69+DO69+DP69+DQ69+DR69+DS69+DT69+DY69+EB69+EC69+ED69+EH69+EI69+EJ69+EK69+EL69+EM69+EN69+EO69+EP69+ER69+ES69+ET69+EU69+EV69+EW69+EY69+EZ69+FA69+FB69+FC69+FD69+FE69+FF69+FG69+FH69+FI69+FK69+FL69+FM69+FN69+FP69+FQ69+FR69+FU69+FV69+FW69+FX69+FY69+FZ69+GA69+GB69+GC69+GD69+GE69+GF69+GG69+GH69+GI69+GJ69+GK69+GL69+GM69=0,"",BM69+BS69+BT69+BY69+BZ69+CA69+CB69+CC69+CD69+CE69+CF69+CG69+CL69+CM69+CN69+CO69+CQ69+CR69+CT69+CU69+CV69+CW69+CX69+CY69+CZ69+DA69+DB69+DC69+DD69+DE69+DF69+DG69+DH69+DI69+DJ69+DK69+DL69+DO69+DP69+DQ69+DR69+DS69+DT69+DY69+EB69+EC69+ED69+EH69+EI69+EJ69+EK69+EL69+EM69+EN69+EO69+EP69+ER69+ES69+ET69+EU69+EV69+EW69+EY69+EZ69+FA69+FB69+FC69+FD69+FE69+FF69+FG69+FH69+FI69+FK69+FL69+FM69+FN69+FP69+FQ69+FR69+FU69+FV69+FW69+FX69+FY69+FZ69+GA69+GB69+GC69+GD69+GE69+GF69+GG69+GH69+GI69+GJ69+GK69+GL69+GM69) -> 56.4 | K69: =DX69+CS69 -> 0 | L69: =BN69-C69 -> 0 | M69: F2606017122 | N69: 46203 | O69: 9505289-C01 | P69: EXP20260609-2789330 | Q69: 2026 | R69: 26-06-0390336 | S69: EXP20260609-2789330 | T69: 26A060390336 | U69: DAP | V69: DOMESTIC | W69: DOMESTIC | X69: 83400 | Y69: MESS | Z69: EDI | AA69: 604 | AC69: 46183 | AD69: 21 | AE69: LA RUCHE LOGISTIQUE | AF69: EXP20260609-2789330 | AG69: FR | AH69: 21 | AI69: CREANCEY | AJ69: 46188 | AK69: SCEA DOMAINE LES FOUQUES CHRISTELLE (ENTREPRISE) | AL69: EXP20260609-2789330 | AM69: FR | AN69: 83 | AO69: HYERES | AR69: 1 | AS69: 1 | AT69: 82 | AU69: 82 | AV69: 0 | AW69: KG | AX69: 82 | AY69: 0 | BE69: PORTPAYE | BF69: STANDARD | BG69: EUR | BM69: 43.4 | BN69: 56.4 | BQ69: LSTANDARD | DI69: 10.85 | DK69: 2 | GM69: 0.15
B70: =IF(S70<>"",S70,T70) -> EXP20260609-2788555 | C70: =SUM(E70:K70) -> 46 | D70: =SUM(E70:L70) -> 46 | E70: =IF(BU70+BV70+BW70+CH70+CI70+CJ70+CK70+FO70+FS70+FT70=0,"",BU70+BV70+BW70+CH70+CI70+CJ70+CK70+FO70+FS70+FT70) | F70: =IF(FJ70=0,"",FJ70) | G70: =IF(CP70+DM70+DN70+EE70+EX70+EF70=0,"",CP70+DM70+DN70+EE70+EX70+EF70) | H70: =IF(DW70=0,"",DW70) | I70: =IF(DZ70+EA70+EG70=0,"",DZ70+EA70+EG70) | J70: =IF(BM70+BS70+BT70+BY70+BZ70+CA70+CB70+CC70+CD70+CE70+CF70+CG70+CL70+CM70+CN70+CO70+CQ70+CR70+CT70+CU70+CV70+CW70+CX70+CY70+CZ70+DA70+DB70+DC70+DD70+DE70+DF70+DG70+DH70+DI70+DJ70+DK70+DL70+DO70+DP70+DQ70+DR70+DS70+DT70+DY70+EB70+EC70+ED70+EH70+EI70+EJ70+EK70+EL70+EM70+EN70+EO70+EP70+ER70+ES70+ET70+EU70+EV70+EW70+EY70+EZ70+FA70+FB70+FC70+FD70+FE70+FF70+FG70+FH70+FI70+FK70+FL70+FM70+FN70+FP70+FQ70+FR70+FU70+FV70+FW70+FX70+FY70+FZ70+GA70+GB70+GC70+GD70+GE70+GF70+GG70+GH70+GI70+GJ70+GK70+GL70+GM70=0,"",BM70+BS70+BT70+BY70+BZ70+CA70+CB70+CC70+CD70+CE70+CF70+CG70+CL70+CM70+CN70+CO70+CQ70+CR70+CT70+CU70+CV70+CW70+CX70+CY70+CZ70+DA70+DB70+DC70+DD70+DE70+DF70+DG70+DH70+DI70+DJ70+DK70+DL70+DO70+DP70+DQ70+DR70+DS70+DT70+DY70+EB70+EC70+ED70+EH70+EI70+EJ70+EK70+EL70+EM70+EN70+EO70+EP70+ER70+ES70+ET70+EU70+EV70+EW70+EY70+EZ70+FA70+FB70+FC70+FD70+FE70+FF70+FG70+FH70+FI70+FK70+FL70+FM70+FN70+FP70+FQ70+FR70+FU70+FV70+FW70+FX70+FY70+FZ70+GA70+GB70+GC70+GD70+GE70+GF70+GG70+GH70+GI70+GJ70+GK70+GL70+GM70) -> 46 | K70: =DX70+CS70 -> 0 | L70: =BN70-C70 -> 0 | M70: F2606017122 | N70: 46203 | O70: 9505289-C01 | P70: EXP20260609-2788555 | Q70: 2026 | R70: 26-06-0390338 | S70: EXP20260609-2788555 | T70: 26A060390338 | U70: DAP | V70: DOMESTIC | W70: DOMESTIC | X70: 34230 | Y70: MESS | Z70: EDI | AA70: 560 | AC70: 46183 | AD70: 21 | AE70: LA RUCHE LOGISTIQUE | AF70: EXP20260609-2788555 | AG70: FR | AH70: 21 | AI70: CREANCEY | AJ70: 46188 | AK70: Vignobles Vins de Blanville Robert (ENTREPRISE) | AL70: EXP20260609-2788555 | AM70: FR | AN70: 34 | AO70: ST PARGOIRE | AR70: 1 | AS70: 1 | AT70: 58 | AU70: 58 | AV70: 0 | AW70: KG | AX70: 58 | AY70: 0 | BE70: PORTPAYE | BF70: STANDARD | BG70: EUR | BM70: 35.08 | BN70: 46 | BQ70: LSTANDARD | DI70: 8.77 | DK70: 2 | GM70: 0.15
B71: =IF(S71<>"",S71,T71) -> EXP20260608-2787224 | C71: =SUM(E71:K71) -> 85.7 | D71: =SUM(E71:L71) -> 85.7 | E71: =IF(BU71+BV71+BW71+CH71+CI71+CJ71+CK71+FO71+FS71+FT71=0,"",BU71+BV71+BW71+CH71+CI71+CJ71+CK71+FO71+FS71+FT71) | F71: =IF(FJ71=0,"",FJ71) | G71: =IF(CP71+DM71+DN71+EE71+EX71+EF71=0,"",CP71+DM71+DN71+EE71+EX71+EF71) | H71: =IF(DW71=0,"",DW71) | I71: =IF(DZ71+EA71+EG71=0,"",DZ71+EA71+EG71) | J71: =IF(BM71+BS71+BT71+BY71+BZ71+CA71+CB71+CC71+CD71+CE71+CF71+CG71+CL71+CM71+CN71+CO71+CQ71+CR71+CT71+CU71+CV71+CW71+CX71+CY71+CZ71+DA71+DB71+DC71+DD71+DE71+DF71+DG71+DH71+DI71+DJ71+DK71+DL71+DO71+DP71+DQ71+DR71+DS71+DT71+DY71+EB71+EC71+ED71+EH71+EI71+EJ71+EK71+EL71+EM71+EN71+EO71+EP71+ER71+ES71+ET71+EU71+EV71+EW71+EY71+EZ71+FA71+FB71+FC71+FD71+FE71+FF71+FG71+FH71+FI71+FK71+FL71+FM71+FN71+FP71+FQ71+FR71+FU71+FV71+FW71+FX71+FY71+FZ71+GA71+GB71+GC71+GD71+GE71+GF71+GG71+GH71+GI71+GJ71+GK71+GL71+GM71=0,"",BM71+BS71+BT71+BY71+BZ71+CA71+CB71+CC71+CD71+CE71+CF71+CG71+CL71+CM71+CN71+CO71+CQ71+CR71+CT71+CU71+CV71+CW71+CX71+CY71+CZ71+DA71+DB71+DC71+DD71+DE71+DF71+DG71+DH71+DI71+DJ71+DK71+DL71+DO71+DP71+DQ71+DR71+DS71+DT71+DY71+EB71+EC71+ED71+EH71+EI71+EJ71+EK71+EL71+EM71+EN71+EO71+EP71+ER71+ES71+ET71+EU71+EV71+EW71+EY71+EZ71+FA71+FB71+FC71+FD71+FE71+FF71+FG71+FH71+FI71+FK71+FL71+FM71+FN71+FP71+FQ71+FR71+FU71+FV71+FW71+FX71+FY71+FZ71+GA71+GB71+GC71+GD71+GE71+GF71+GG71+GH71+GI71+GJ71+GK71+GL71+GM71) -> 85.7 | K71: =DX71+CS71 -> 0 | L71: =BN71-C71 -> 0 | M71: F2606017122 | N71: 46203 | O71: 9505289-C01 | P71: EXP20260608-2787224 | Q71: 2026 | R71: 26-06-0390340 | S71: EXP20260608-2787224 | T71: 26A060390340 | U71: DAP | V71: DOMESTIC | W71: DOMESTIC | X71: 44190 | Y71: MESS | Z71: EDI | AA71: 769 | AC71: 46183 | AD71: 21 | AE71: LA RUCHE LOGISTIQUE | AF71: EXP20260608-2787224 | AG71: FR | AH71: 21 | AI71: CREANCEY | AJ71: 46188 | AK71: SCEA JEROME BRETAUDEAU Jerome BRETA (ENTREPRISE) | AL71: EXP20260608-2787224 | AM71: FR | AN71: 44 | AO71: GETIGNE | AR71: 1 | AS71: 1 | AT71: 231 | AU71: 231 | AV71: 0 | AW71: Pal | AX71: 1 | AY71: 0 | BE71: PORTPAYE | BF71: STANDARD | BG71: EUR | BM71: 66.84 | BN71: 85.7 | BQ71: LSTANDARD | DI71: 16.71 | DK71: 2 | GM71: 0.15
B72: =IF(S72<>"",S72,T72) -> EXP20260610-2790604 | C72: =SUM(E72:K72) -> 51.4 | D72: =SUM(E72:L72) -> 51.4 | E72: =IF(BU72+BV72+BW72+CH72+CI72+CJ72+CK72+FO72+FS72+FT72=0,"",BU72+BV72+BW72+CH72+CI72+CJ72+CK72+FO72+FS72+FT72) | F72: =IF(FJ72=0,"",FJ72) | G72: =IF(CP72+DM72+DN72+EE72+EX72+EF72=0,"",CP72+DM72+DN72+EE72+EX72+EF72) | H72: =IF(DW72=0,"",DW72) | I72: =IF(DZ72+EA72+EG72=0,"",DZ72+EA72+EG72) | J72: =IF(BM72+BS72+BT72+BY72+BZ72+CA72+CB72+CC72+CD72+CE72+CF72+CG72+CL72+CM72+CN72+CO72+CQ72+CR72+CT72+CU72+CV72+CW72+CX72+CY72+CZ72+DA72+DB72+DC72+DD72+DE72+DF72+DG72+DH72+DI72+DJ72+DK72+DL72+DO72+DP72+DQ72+DR72+DS72+DT72+DY72+EB72+EC72+ED72+EH72+EI72+EJ72+EK72+EL72+EM72+EN72+EO72+EP72+ER72+ES72+ET72+EU72+EV72+EW72+EY72+EZ72+FA72+FB72+FC72+FD72+FE72+FF72+FG72+FH72+FI72+FK72+FL72+FM72+FN72+FP72+FQ72+FR72+FU72+FV72+FW72+FX72+FY72+FZ72+GA72+GB72+GC72+GD72+GE72+GF72+GG72+GH72+GI72+GJ72+GK72+GL72+GM72=0,"",BM72+BS72+BT72+BY72+BZ72+CA72+CB72+CC72+CD72+CE72+CF72+CG72+CL72+CM72+CN72+CO72+CQ72+CR72+CT72+CU72+CV72+CW72+CX72+CY72+CZ72+DA72+DB72+DC72+DD72+DE72+DF72+DG72+DH72+DI72+DJ72+DK72+DL72+DO72+DP72+DQ72+DR72+DS72+DT72+DY72+EB72+EC72+ED72+EH72+EI72+EJ72+EK72+EL72+EM72+EN72+EO72+EP72+ER72+ES72+ET72+EU72+EV72+EW72+EY72+EZ72+FA72+FB72+FC72+FD72+FE72+FF72+FG72+FH72+FI72+FK72+FL72+FM72+FN72+FP72+FQ72+FR72+FU72+FV72+FW72+FX72+FY72+FZ72+GA72+GB72+GC72+GD72+GE72+GF72+GG72+GH72+GI72+GJ72+GK72+GL72+GM72) -> 51.4 | K72: =DX72+CS72 -> 0 | L72: =BN72-C72 -> 0 | M72: F2606017122 | N72: 46203 | O72: 9505289-C01 | P72: EXP20260610-2790604 | Q72: 2026 | R72: 26-06-0390342 | S72: EXP20260610-2790604 | T72: 26A060390342 | U72: DAP | V72: DOMESTIC | W72: DOMESTIC | X72: 84420 | Y72: MESS | Z72: EDI | AA72: 468 | AC72: 46183 | AD72: 21 | AE72: LA RUCHE LOGISTIQUE | AF72: EXP20260610-2790604 | AG72: FR | AH72: 21 | AI72: CREANCEY | AJ72: 46188 | AK72: SAS TERRANEA Serge COSIALLS (ENTREPRISE) | AL72: EXP20260610-2790604 | AM72: FR | AN72: 84 | AO72: PIOLENC | AR72: 1 | AS72: 1 | AT72: 98 | AU72: 98 | AV72: 0 | AW72: KG | AX72: 98 | AY72: 0 | BE72: PORTPAYE | BF72: STANDARD | BG72: EUR | BM72: 39.4 | BN72: 51.4 | BQ72: LSTANDARD | DI72: 9.85 | DK72: 2 | GM72: 0.15
B73: =IF(S73<>"",S73,T73) -> EXP20260609-2789151 | C73: =SUM(E73:K73) -> 161.73 | D73: =SUM(E73:L73) -> 161.73 | E73: =IF(BU73+BV73+BW73+CH73+CI73+CJ73+CK73+FO73+FS73+FT73=0,"",BU73+BV73+BW73+CH73+CI73+CJ73+CK73+FO73+FS73+FT73) | F73: =IF(FJ73=0,"",FJ73) | G73: =IF(CP73+DM73+DN73+EE73+EX73+EF73=0,"",CP73+DM73+DN73+EE73+EX73+EF73) | H73: =IF(DW73=0,"",DW73) | I73: =IF(DZ73+EA73+EG73=0,"",DZ73+EA73+EG73) | J73: =IF(BM73+BS73+BT73+BY73+BZ73+CA73+CB73+CC73+CD73+CE73+CF73+CG73+CL73+CM73+CN73+CO73+CQ73+CR73+CT73+CU73+CV73+CW73+CX73+CY73+CZ73+DA73+DB73+DC73+DD73+DE73+DF73+DG73+DH73+DI73+DJ73+DK73+DL73+DO73+DP73+DQ73+DR73+DS73+DT73+DY73+EB73+EC73+ED73+EH73+EI73+EJ73+EK73+EL73+EM73+EN73+EO73+EP73+ER73+ES73+ET73+EU73+EV73+EW73+EY73+EZ73+FA73+FB73+FC73+FD73+FE73+FF73+FG73+FH73+FI73+FK73+FL73+FM73+FN73+FP73+FQ73+FR73+FU73+FV73+FW73+FX73+FY73+FZ73+GA73+GB73+GC73+GD73+GE73+GF73+GG73+GH73+GI73+GJ73+GK73+GL73+GM73=0,"",BM73+BS73+BT73+BY73+BZ73+CA73+CB73+CC73+CD73+CE73+CF73+CG73+CL73+CM73+CN73+CO73+CQ73+CR73+CT73+CU73+CV73+CW73+CX73+CY73+CZ73+DA73+DB73+DC73+DD73+DE73+DF73+DG73+DH73+DI73+DJ73+DK73+DL73+DO73+DP73+DQ73+DR73+DS73+DT73+DY73+EB73+EC73+ED73+EH73+EI73+EJ73+EK73+EL73+EM73+EN73+EO73+EP73+ER73+ES73+ET73+EU73+EV73+EW73+EY73+EZ73+FA73+FB73+FC73+FD73+FE73+FF73+FG73+FH73+FI73+FK73+FL73+FM73+FN73+FP73+FQ73+FR73+FU73+FV73+FW73+FX73+FY73+FZ73+GA73+GB73+GC73+GD73+GE73+GF73+GG73+GH73+GI73+GJ73+GK73+GL73+GM73) -> 161.73 | K73: =DX73+CS73 -> 0 | L73: =BN73-C73 -> 0 | M73: F2606017122 | N73: 46203 | O73: 9505289-C01 | P73: EXP20260609-2789151 | Q73: 2026 | R73: 26-06-0390344 | S73: EXP20260609-2789151 | T73: 26A060390344 | U73: DAP | V73: DOMESTIC | W73: DOMESTIC | X73: 33330 | Y73: MESS | Z73: EDI | AA73: 713 | AC73: 46183 | AD73: 21 | AE73: LA RUCHE LOGISTIQUE | AF73: EXP20260609-2789151 | AG73: FR | AH73: 21 | AI73: CREANCEY | AJ73: 46188 | AK73: La Mondiale Grands Crus Bertrand DE (ENTREPRISE) | AL73: EXP20260609-2789151 | AM73: FR | AN73: 33 | AO73: ST EMILION | AR73: 2 | AS73: 2 | AT73: 276 | AU73: 276 | AV73: 0 | AW73: Pal | AX73: 2 | AY73: 0 | BE73: PORTPAYE | BF73: STANDARD | BG73: EUR | BM73: 127.66 | BN73: 161.73 | BQ73: LSTANDARD | DI73: 31.92 | DK73: 2 | GM73: 0.15
B74: =IF(S74<>"",S74,T74) -> EXP20260608-2786161 | C74: =SUM(E74:K74) -> 30.97 | D74: =SUM(E74:L74) -> 30.97 | E74: =IF(BU74+BV74+BW74+CH74+CI74+CJ74+CK74+FO74+FS74+FT74=0,"",BU74+BV74+BW74+CH74+CI74+CJ74+CK74+FO74+FS74+FT74) | F74: =IF(FJ74=0,"",FJ74) | G74: =IF(CP74+DM74+DN74+EE74+EX74+EF74=0,"",CP74+DM74+DN74+EE74+EX74+EF74) | H74: =IF(DW74=0,"",DW74) | I74: =IF(DZ74+EA74+EG74=0,"",DZ74+EA74+EG74) | J74: =IF(BM74+BS74+BT74+BY74+BZ74+CA74+CB74+CC74+CD74+CE74+CF74+CG74+CL74+CM74+CN74+CO74+CQ74+CR74+CT74+CU74+CV74+CW74+CX74+CY74+CZ74+DA74+DB74+DC74+DD74+DE74+DF74+DG74+DH74+DI74+DJ74+DK74+DL74+DO74+DP74+DQ74+DR74+DS74+DT74+DY74+EB74+EC74+ED74+EH74+EI74+EJ74+EK74+EL74+EM74+EN74+EO74+EP74+ER74+ES74+ET74+EU74+EV74+EW74+EY74+EZ74+FA74+FB74+FC74+FD74+FE74+FF74+FG74+FH74+FI74+FK74+FL74+FM74+FN74+FP74+FQ74+FR74+FU74+FV74+FW74+FX74+FY74+FZ74+GA74+GB74+GC74+GD74+GE74+GF74+GG74+GH74+GI74+GJ74+GK74+GL74+GM74=0,"",BM74+BS74+BT74+BY74+BZ74+CA74+CB74+CC74+CD74+CE74+CF74+CG74+CL74+CM74+CN74+CO74+CQ74+CR74+CT74+CU74+CV74+CW74+CX74+CY74+CZ74+DA74+DB74+DC74+DD74+DE74+DF74+DG74+DH74+DI74+DJ74+DK74+DL74+DO74+DP74+DQ74+DR74+DS74+DT74+DY74+EB74+EC74+ED74+EH74+EI74+EJ74+EK74+EL74+EM74+EN74+EO74+EP74+ER74+ES74+ET74+EU74+EV74+EW74+EY74+EZ74+FA74+FB74+FC74+FD74+FE74+FF74+FG74+FH74+FI74+FK74+FL74+FM74+FN74+FP74+FQ74+FR74+FU74+FV74+FW74+FX74+FY74+FZ74+GA74+GB74+GC74+GD74+GE74+GF74+GG74+GH74+GI74+GJ74+GK74+GL74+GM74) -> 30.97 | K74: =DX74+CS74 -> 0 | L74: =BN74-C74 -> 0 | M74: F2606017122 | N74: 46203 | O74: 9505289-C01 | P74: EXP20260608-2786161 | Q74: 2026 | R74: 26-06-0390346 | S74: EXP20260608-2786161 | T74: 26A060390346 | U74: DAP | V74: DOMESTIC | W74: DOMESTIC | X74: 21200 | Y74: MESS | Z74: EDI | AA74: 81 | AC74: 46183 | AD74: 21 | AE74: LA RUCHE LOGISTIQUE | AF74: EXP20260608-2786161 | AG74: FR | AH74: 21 | AI74: CREANCEY | AJ74: 46185 | AK74: Logistique Albert Bichot KRONE Typh (ENTREPRISE) | AL74: EXP20260608-2786161 | AM74: FR | AN74: 21 | AO74: BEAUNE | AR74: 1 | AS74: 1 | AT74: 114 | AU74: 114 | AV74: 0 | AW74: KG | AX74: 114 | AY74: 0 | BE74: PORTPAYE | BF74: STANDARD | BG74: EUR | BM74: 28.82 | BN74: 30.97 | BQ74: LSTANDARD | DK74: 2 | GM74: 0.15
B75: =IF(S75<>"",S75,T75) -> EXP20260609-2789032 | C75: =SUM(E75:K75) -> 28.78 | D75: =SUM(E75:L75) -> 28.78 | E75: =IF(BU75+BV75+BW75+CH75+CI75+CJ75+CK75+FO75+FS75+FT75=0,"",BU75+BV75+BW75+CH75+CI75+CJ75+CK75+FO75+FS75+FT75) | F75: =IF(FJ75=0,"",FJ75) | G75: =IF(CP75+DM75+DN75+EE75+EX75+EF75=0,"",CP75+DM75+DN75+EE75+EX75+EF75) | H75: =IF(DW75=0,"",DW75) | I75: =IF(DZ75+EA75+EG75=0,"",DZ75+EA75+EG75) | J75: =IF(BM75+BS75+BT75+BY75+BZ75+CA75+CB75+CC75+CD75+CE75+CF75+CG75+CL75+CM75+CN75+CO75+CQ75+CR75+CT75+CU75+CV75+CW75+CX75+CY75+CZ75+DA75+DB75+DC75+DD75+DE75+DF75+DG75+DH75+DI75+DJ75+DK75+DL75+DO75+DP75+DQ75+DR75+DS75+DT75+DY75+EB75+EC75+ED75+EH75+EI75+EJ75+EK75+EL75+EM75+EN75+EO75+EP75+ER75+ES75+ET75+EU75+EV75+EW75+EY75+EZ75+FA75+FB75+FC75+FD75+FE75+FF75+FG75+FH75+FI75+FK75+FL75+FM75+FN75+FP75+FQ75+FR75+FU75+FV75+FW75+FX75+FY75+FZ75+GA75+GB75+GC75+GD75+GE75+GF75+GG75+GH75+GI75+GJ75+GK75+GL75+GM75=0,"",BM75+BS75+BT75+BY75+BZ75+CA75+CB75+CC75+CD75+CE75+CF75+CG75+CL75+CM75+CN75+CO75+CQ75+CR75+CT75+CU75+CV75+CW75+CX75+CY75+CZ75+DA75+DB75+DC75+DD75+DE75+DF75+DG75+DH75+DI75+DJ75+DK75+DL75+DO75+DP75+DQ75+DR75+DS75+DT75+DY75+EB75+EC75+ED75+EH75+EI75+EJ75+EK75+EL75+EM75+EN75+EO75+EP75+ER75+ES75+ET75+EU75+EV75+EW75+EY75+EZ75+FA75+FB75+FC75+FD75+FE75+FF75+FG75+FH75+FI75+FK75+FL75+FM75+FN75+FP75+FQ75+FR75+FU75+FV75+FW75+FX75+FY75+FZ75+GA75+GB75+GC75+GD75+GE75+GF75+GG75+GH75+GI75+GJ75+GK75+GL75+GM75) -> 28.78 | K75: =DX75+CS75 -> 0 | L75: =BN75-C75 -> 0 | M75: F2606017122 | N75: 46203 | O75: 9505289-C01 | P75: EXP20260609-2789032 | Q75: 2026 | R75: 26-06-0390349 | S75: EXP20260609-2789032 | T75: 26A060390349 | U75: DAP | V75: DOMESTIC | W75: DOMESTIC | X75: 89800 | Y75: MESS | Z75: EDI | AA75: 236 | AC75: 46183 | AD75: 21 | AE75: LA RUCHE LOGISTIQUE | AF75: EXP20260609-2789032 | AG75: FR | AH75: 21 | AI75: CREANCEY | AJ75: 46195 | AK75: Maison de la Chapelle VIENNOIS Delp (ENTREPRISE) | AL75: EXP20260609-2789032 | AM75: FR | AN75: 89 | AO75: LA CHAPELLE VAUPELTEIGNE | AR75: 1 | AS75: 1 | AT75: 52 | AU75: 52 | AV75: 0 | AW75: KG | AX75: 52 | AY75: 0 | BE75: PORTPAYE | BF75: STANDARD | BG75: EUR | BM75: 26.63 | BN75: 28.78 | BQ75: LSTANDARD | DK75: 2 | GM75: 0.15
B76: =IF(S76<>"",S76,T76) -> EXP20260609-2789150 | C76: =SUM(E76:K76) -> 110.42 | D76: =SUM(E76:L76) -> 110.42 | E76: =IF(BU76+BV76+BW76+CH76+CI76+CJ76+CK76+FO76+FS76+FT76=0,"",BU76+BV76+BW76+CH76+CI76+CJ76+CK76+FO76+FS76+FT76) | F76: =IF(FJ76=0,"",FJ76) | G76: =IF(CP76+DM76+DN76+EE76+EX76+EF76=0,"",CP76+DM76+DN76+EE76+EX76+EF76) | H76: =IF(DW76=0,"",DW76) | I76: =IF(DZ76+EA76+EG76=0,"",DZ76+EA76+EG76) | J76: =IF(BM76+BS76+BT76+BY76+BZ76+CA76+CB76+CC76+CD76+CE76+CF76+CG76+CL76+CM76+CN76+CO76+CQ76+CR76+CT76+CU76+CV76+CW76+CX76+CY76+CZ76+DA76+DB76+DC76+DD76+DE76+DF76+DG76+DH76+DI76+DJ76+DK76+DL76+DO76+DP76+DQ76+DR76+DS76+DT76+DY76+EB76+EC76+ED76+EH76+EI76+EJ76+EK76+EL76+EM76+EN76+EO76+EP76+ER76+ES76+ET76+EU76+EV76+EW76+EY76+EZ76+FA76+FB76+FC76+FD76+FE76+FF76+FG76+FH76+FI76+FK76+FL76+FM76+FN76+FP76+FQ76+FR76+FU76+FV76+FW76+FX76+FY76+FZ76+GA76+GB76+GC76+GD76+GE76+GF76+GG76+GH76+GI76+GJ76+GK76+GL76+GM76=0,"",BM76+BS76+BT76+BY76+BZ76+CA76+CB76+CC76+CD76+CE76+CF76+CG76+CL76+CM76+CN76+CO76+CQ76+CR76+CT76+CU76+CV76+CW76+CX76+CY76+CZ76+DA76+DB76+DC76+DD76+DE76+DF76+DG76+DH76+DI76+DJ76+DK76+DL76+DO76+DP76+DQ76+DR76+DS76+DT76+DY76+EB76+EC76+ED76+EH76+EI76+EJ76+EK76+EL76+EM76+EN76+EO76+EP76+ER76+ES76+ET76+EU76+EV76+EW76+EY76+EZ76+FA76+FB76+FC76+FD76+FE76+FF76+FG76+FH76+FI76+FK76+FL76+FM76+FN76+FP76+FQ76+FR76+FU76+FV76+FW76+FX76+FY76+FZ76+GA76+GB76+GC76+GD76+GE76+GF76+GG76+GH76+GI76+GJ76+GK76+GL76+GM76) -> 110.42 | K76: =DX76+CS76 -> 0 | L76: =BN76-C76 -> 0 | M76: F2606017122 | N76: 46203 | O76: 9505289-C01 | P76: EXP20260609-2789150 | Q76: 2026 | R76: 26-06-0390351 | S76: EXP20260609-2789150 | T76: 26A060390351 | U76: DAP | V76: DOMESTIC | W76: DOMESTIC | X76: 5130 | Y76: MESS | Z76: EDI | AA76: 524 | AC76: 46183 | AD76: 21 | AE76: LA RUCHE LOGISTIQUE | AF76: EXP20260609-2789150 | AG76: FR | AH76: 21 | AI76: CREANCEY | AJ76: 46188 | AK76: SARL TRESBAUDON Olivier Ricard (ENTREPRISE) | AL76: EXP20260609-2789150 | AM76: FR | AN76: 5 | AO76: TALLARD | AR76: 2 | AS76: 2 | AT76: 231 | AU76: 231 | AV76: 0 | AW76: Pal | AX76: 2 | AY76: 0 | BE76: PORTPAYE | BF76: STANDARD | BG76: EUR | BM76: 108.27 | BN76: 110.42 | BQ76: LSTANDARD | DK76: 2 | GM76: 0.15
B77: =IF(S77<>"",S77,T77) -> EXP20260609-2789152 | C77: =SUM(E77:K77) -> 29.08 | D77: =SUM(E77:L77) -> 29.08 | E77: =IF(BU77+BV77+BW77+CH77+CI77+CJ77+CK77+FO77+FS77+FT77=0,"",BU77+BV77+BW77+CH77+CI77+CJ77+CK77+FO77+FS77+FT77) | F77: =IF(FJ77=0,"",FJ77) | G77: =IF(CP77+DM77+DN77+EE77+EX77+EF77=0,"",CP77+DM77+DN77+EE77+EX77+EF77) | H77: =IF(DW77=0,"",DW77) | I77: =IF(DZ77+EA77+EG77=0,"",DZ77+EA77+EG77) | J77: =IF(BM77+BS77+BT77+BY77+BZ77+CA77+CB77+CC77+CD77+CE77+CF77+CG77+CL77+CM77+CN77+CO77+CQ77+CR77+CT77+CU77+CV77+CW77+CX77+CY77+CZ77+DA77+DB77+DC77+DD77+DE77+DF77+DG77+DH77+DI77+DJ77+DK77+DL77+DO77+DP77+DQ77+DR77+DS77+DT77+DY77+EB77+EC77+ED77+EH77+EI77+EJ77+EK77+EL77+EM77+EN77+EO77+EP77+ER77+ES77+ET77+EU77+EV77+EW77+EY77+EZ77+FA77+FB77+FC77+FD77+FE77+FF77+FG77+FH77+FI77+FK77+FL77+FM77+FN77+FP77+FQ77+FR77+FU77+FV77+FW77+FX77+FY77+FZ77+GA77+GB77+GC77+GD77+GE77+GF77+GG77+GH77+GI77+GJ77+GK77+GL77+GM77=0,"",BM77+BS77+BT77+BY77+BZ77+CA77+CB77+CC77+CD77+CE77+CF77+CG77+CL77+CM77+CN77+CO77+CQ77+CR77+CT77+CU77+CV77+CW77+CX77+CY77+CZ77+DA77+DB77+DC77+DD77+DE77+DF77+DG77+DH77+DI77+DJ77+DK77+DL77+DO77+DP77+DQ77+DR77+DS77+DT77+DY77+EB77+EC77+ED77+EH77+EI77+EJ77+EK77+EL77+EM77+EN77+EO77+EP77+ER77+ES77+ET77+EU77+EV77+EW77+EY77+EZ77+FA77+FB77+FC77+FD77+FE77+FF77+FG77+FH77+FI77+FK77+FL77+FM77+FN77+FP77+FQ77+FR77+FU77+FV77+FW77+FX77+FY77+FZ77+GA77+GB77+GC77+GD77+GE77+GF77+GG77+GH77+GI77+GJ77+GK77+GL77+GM77) -> 29.08 | K77: =DX77+CS77 -> 0 | L77: =BN77-C77 -> 0 | M77: F2606017122 | N77: 46203 | O77: 9505289-C01 | P77: EXP20260609-2789152 | Q77: 2026 | R77: 26-06-0390352 | S77: EXP20260609-2789152 | T77: 26A060390352 | U77: DAP | V77: DOMESTIC | W77: DOMESTIC | X77: 14000 | Y77: MESS | Z77: EDI | AA77: 644 | AC77: 46183 | AD77: 21 | AE77: LA RUCHE LOGISTIQUE | AF77: EXP20260609-2789152 | AG77: FR | AH77: 21 | AI77: CREANCEY | AJ77: 46185 | AK77: LPL WINE LEBLOND Leo-Paul (ENTREPRISE) | AL77: EXP20260609-2789152 | AM77: FR | AN77: 14 | AO77: CAEN | AR77: 1 | AS77: 1 | AT77: 13 | AU77: 13 | AV77: 0 | AW77: KG | AX77: 13 | AY77: 0 | BE77: PORTPAYE | BF77: STANDARD | BG77: EUR | BM77: 26.93 | BN77: 29.08 | BQ77: LSTANDARD | DK77: 2 | GM77: 0.15
B78: =IF(S78<>"",S78,T78) -> EXP20260609-2788554 | C78: =SUM(E78:K78) -> 161.73 | D78: =SUM(E78:L78) -> 161.73 | E78: =IF(BU78+BV78+BW78+CH78+CI78+CJ78+CK78+FO78+FS78+FT78=0,"",BU78+BV78+BW78+CH78+CI78+CJ78+CK78+FO78+FS78+FT78) | F78: =IF(FJ78=0,"",FJ78) | G78: =IF(CP78+DM78+DN78+EE78+EX78+EF78=0,"",CP78+DM78+DN78+EE78+EX78+EF78) | H78: =IF(DW78=0,"",DW78) | I78: =IF(DZ78+EA78+EG78=0,"",DZ78+EA78+EG78) | J78: =IF(BM78+BS78+BT78+BY78+BZ78+CA78+CB78+CC78+CD78+CE78+CF78+CG78+CL78+CM78+CN78+CO78+CQ78+CR78+CT78+CU78+CV78+CW78+CX78+CY78+CZ78+DA78+DB78+DC78+DD78+DE78+DF78+DG78+DH78+DI78+DJ78+DK78+DL78+DO78+DP78+DQ78+DR78+DS78+DT78+DY78+EB78+EC78+ED78+EH78+EI78+EJ78+EK78+EL78+EM78+EN78+EO78+EP78+ER78+ES78+ET78+EU78+EV78+EW78+EY78+EZ78+FA78+FB78+FC78+FD78+FE78+FF78+FG78+FH78+FI78+FK78+FL78+FM78+FN78+FP78+FQ78+FR78+FU78+FV78+FW78+FX78+FY78+FZ78+GA78+GB78+GC78+GD78+GE78+GF78+GG78+GH78+GI78+GJ78+GK78+GL78+GM78=0,"",BM78+BS78+BT78+BY78+BZ78+CA78+CB78+CC78+CD78+CE78+CF78+CG78+CL78+CM78+CN78+CO78+CQ78+CR78+CT78+CU78+CV78+CW78+CX78+CY78+CZ78+DA78+DB78+DC78+DD78+DE78+DF78+DG78+DH78+DI78+DJ78+DK78+DL78+DO78+DP78+DQ78+DR78+DS78+DT78+DY78+EB78+EC78+ED78+EH78+EI78+EJ78+EK78+EL78+EM78+EN78+EO78+EP78+ER78+ES78+ET78+EU78+EV78+EW78+EY78+EZ78+FA78+FB78+FC78+FD78+FE78+FF78+FG78+FH78+FI78+FK78+FL78+FM78+FN78+FP78+FQ78+FR78+FU78+FV78+FW78+FX78+FY78+FZ78+GA78+GB78+GC78+GD78+GE78+GF78+GG78+GH78+GI78+GJ78+GK78+GL78+GM78) -> 161.73 | K78: =DX78+CS78 -> 0 | L78: =BN78-C78 -> 0 | M78: F2606017122 | N78: 46203 | O78: 9505289-C01 | P78: EXP20260609-2788554 | Q78: 2026 | R78: 26-06-0390353 | S78: EXP20260609-2788554 | T78: 26A060390353 | U78: DAP | V78: DOMESTIC | W78: DOMESTIC | X78: 33650 | Y78: MESS | Z78: EDI | AA78: 713 | AC78: 46183 | AD78: 21 | AE78: LA RUCHE LOGISTIQUE | AF78: EXP20260609-2788554 | AG78: FR | AH78: 21 | AI78: CREANCEY | AJ78: 46188 | AK78: LA PALETTE MASSIE WILLIAM (ENTREPRISE) | AL78: EXP20260609-2788554 | AM78: FR | AN78: 33 | AO78: SAUCATS | AR78: 2 | AS78: 2 | AT78: 193 | AU78: 193 | AV78: 0 | AW78: Pal | AX78: 2 | AY78: 0 | BE78: PORTPAYE | BF78: STANDARD | BG78: EUR | BM78: 127.66 | BN78: 161.73 | BQ78: LSTANDARD | DI78: 31.92 | DK78: 2 | GM78: 0.15
B79: =IF(S79<>"",S79,T79) -> EXP20260610-2790302 | C79: =SUM(E79:K79) -> 24.19 | D79: =SUM(E79:L79) -> 24.19 | E79: =IF(BU79+BV79+BW79+CH79+CI79+CJ79+CK79+FO79+FS79+FT79=0,"",BU79+BV79+BW79+CH79+CI79+CJ79+CK79+FO79+FS79+FT79) | F79: =IF(FJ79=0,"",FJ79) | G79: =IF(CP79+DM79+DN79+EE79+EX79+EF79=0,"",CP79+DM79+DN79+EE79+EX79+EF79) | H79: =IF(DW79=0,"",DW79) | I79: =IF(DZ79+EA79+EG79=0,"",DZ79+EA79+EG79) | J79: =IF(BM79+BS79+BT79+BY79+BZ79+CA79+CB79+CC79+CD79+CE79+CF79+CG79+CL79+CM79+CN79+CO79+CQ79+CR79+CT79+CU79+CV79+CW79+CX79+CY79+CZ79+DA79+DB79+DC79+DD79+DE79+DF79+DG79+DH79+DI79+DJ79+DK79+DL79+DO79+DP79+DQ79+DR79+DS79+DT79+DY79+EB79+EC79+ED79+EH79+EI79+EJ79+EK79+EL79+EM79+EN79+EO79+EP79+ER79+ES79+ET79+EU79+EV79+EW79+EY79+EZ79+FA79+FB79+FC79+FD79+FE79+FF79+FG79+FH79+FI79+FK79+FL79+FM79+FN79+FP79+FQ79+FR79+FU79+FV79+FW79+FX79+FY79+FZ79+GA79+GB79+GC79+GD79+GE79+GF79+GG79+GH79+GI79+GJ79+GK79+GL79+GM79=0,"",BM79+BS79+BT79+BY79+BZ79+CA79+CB79+CC79+CD79+CE79+CF79+CG79+CL79+CM79+CN79+CO79+CQ79+CR79+CT79+CU79+CV79+CW79+CX79+CY79+CZ79+DA79+DB79+DC79+DD79+DE79+DF79+DG79+DH79+DI79+DJ79+DK79+DL79+DO79+DP79+DQ79+DR79+DS79+DT79+DY79+EB79+EC79+ED79+EH79+EI79+EJ79+EK79+EL79+EM79+EN79+EO79+EP79+ER79+ES79+ET79+EU79+EV79+EW79+EY79+EZ79+FA79+FB79+FC79+FD79+FE79+FF79+FG79+FH79+FI79+FK79+FL79+FM79+FN79+FP79+FQ79+FR79+FU79+FV79+FW79+FX79+FY79+FZ79+GA79+GB79+GC79+GD79+GE79+GF79+GG79+GH79+GI79+GJ79+GK79+GL79+GM79) -> 24.19 | K79: =DX79+CS79 -> 0 | L79: =BN79-C79 -> 0 | M79: F2606017122 | N79: 46203 | O79: 9505289-C01 | P79: EXP20260610-2790302 | Q79: 2026 | R79: 26-06-0390354 | S79: EXP20260610-2790302 | T79: 26A060390354 | U79: DAP | V79: DOMESTIC | W79: DOMESTIC | X79: 21190 | Y79: MESS | Z79: EDI | AA79: 81 | AC79: 46183 | AD79: 21 | AE79: LA RUCHE LOGISTIQUE | AF79: EXP20260610-2790302 | AG79: FR | AH79: 21 | AI79: CREANCEY | AJ79: 46185 | AK79: DOMAINE GENOT-BOULANGER VIRGINIE DI (ENTREPRISE) | AL79: EXP20260610-2790302 | AM79: FR | AN79: 21 | AO79: MEURSAULT | AR79: 1 | AS79: 1 | AT79: 55 | AU79: 55 | AV79: 0 | AW79: KG | AX79: 55 | AY79: 0 | BE79: PORTPAYE | BF79: STANDARD | BG79: EUR | BM79: 22.04 | BN79: 24.19 | BQ79: LSTANDARD | DK79: 2 | GM79: 0.15
B80: =IF(S80<>"",S80,T80) -> EXP20260609-2788974 | C80: =SUM(E80:K80) -> 114.36 | D80: =SUM(E80:L80) -> 114.36 | E80: =IF(BU80+BV80+BW80+CH80+CI80+CJ80+CK80+FO80+FS80+FT80=0,"",BU80+BV80+BW80+CH80+CI80+CJ80+CK80+FO80+FS80+FT80) | F80: =IF(FJ80=0,"",FJ80) | G80: =IF(CP80+DM80+DN80+EE80+EX80+EF80=0,"",CP80+DM80+DN80+EE80+EX80+EF80) | H80: =IF(DW80=0,"",DW80) | I80: =IF(DZ80+EA80+EG80=0,"",DZ80+EA80+EG80) | J80: =IF(BM80+BS80+BT80+BY80+BZ80+CA80+CB80+CC80+CD80+CE80+CF80+CG80+CL80+CM80+CN80+CO80+CQ80+CR80+CT80+CU80+CV80+CW80+CX80+CY80+CZ80+DA80+DB80+DC80+DD80+DE80+DF80+DG80+DH80+DI80+DJ80+DK80+DL80+DO80+DP80+DQ80+DR80+DS80+DT80+DY80+EB80+EC80+ED80+EH80+EI80+EJ80+EK80+EL80+EM80+EN80+EO80+EP80+ER80+ES80+ET80+EU80+EV80+EW80+EY80+EZ80+FA80+FB80+FC80+FD80+FE80+FF80+FG80+FH80+FI80+FK80+FL80+FM80+FN80+FP80+FQ80+FR80+FU80+FV80+FW80+FX80+FY80+FZ80+GA80+GB80+GC80+GD80+GE80+GF80+GG80+GH80+GI80+GJ80+GK80+GL80+GM80=0,"",BM80+BS80+BT80+BY80+BZ80+CA80+CB80+CC80+CD80+CE80+CF80+CG80+CL80+CM80+CN80+CO80+CQ80+CR80+CT80+CU80+CV80+CW80+CX80+CY80+CZ80+DA80+DB80+DC80+DD80+DE80+DF80+DG80+DH80+DI80+DJ80+DK80+DL80+DO80+DP80+DQ80+DR80+DS80+DT80+DY80+EB80+EC80+ED80+EH80+EI80+EJ80+EK80+EL80+EM80+EN80+EO80+EP80+ER80+ES80+ET80+EU80+EV80+EW80+EY80+EZ80+FA80+FB80+FC80+FD80+FE80+FF80+FG80+FH80+FI80+FK80+FL80+FM80+FN80+FP80+FQ80+FR80+FU80+FV80+FW80+FX80+FY80+FZ80+GA80+GB80+GC80+GD80+GE80+GF80+GG80+GH80+GI80+GJ80+GK80+GL80+GM80) -> 114.36 | K80: =DX80+CS80 -> 0 | L80: =BN80-C80 -> 0 | M80: F2606017122 | N80: 46203 | O80: 9505289-C01 | P80: EXP20260609-2788974 | Q80: 2026 | R80: 26-06-0390355 | S80: EXP20260609-2788974 | T80: 26A060390355 | U80: DAP | V80: DOMESTIC | W80: DOMESTIC | X80: 91380 | Y80: MESS | Z80: EDI | AA80: 437 | AC80: 46183 | AD80: 21 | AE80: LA RUCHE LOGISTIQUE | AF80: EXP20260609-2788974 | AG80: FR | AH80: 21 | AI80: CREANCEY | AJ80: 46188 | AK80: Mon Caviste Logistique Alain BARDET (ENTREPRISE) | AL80: EXP20260609-2788974 | AM80: FR | AN80: 91 | AO80: CHILLY MAZARIN | AR80: 2 | AS80: 2 | AT80: 222 | AU80: 222 | AV80: 0 | AW80: Pal | AX80: 2 | AY80: 0 | BE80: PORTPAYE | BF80: STANDARD | BG80: EUR | BM80: 112.21 | BN80: 114.36 | BQ80: LSTANDARD | DK80: 2 | GM80: 0.15
B81: =IF(S81<>"",S81,T81) -> EXP20260609-2788712 | C81: =SUM(E81:K81) -> 36.46 | D81: =SUM(E81:L81) -> 36.46 | E81: =IF(BU81+BV81+BW81+CH81+CI81+CJ81+CK81+FO81+FS81+FT81=0,"",BU81+BV81+BW81+CH81+CI81+CJ81+CK81+FO81+FS81+FT81) | F81: =IF(FJ81=0,"",FJ81) | G81: =IF(CP81+DM81+DN81+EE81+EX81+EF81=0,"",CP81+DM81+DN81+EE81+EX81+EF81) | H81: =IF(DW81=0,"",DW81) | I81: =IF(DZ81+EA81+EG81=0,"",DZ81+EA81+EG81) | J81: =IF(BM81+BS81+BT81+BY81+BZ81+CA81+CB81+CC81+CD81+CE81+CF81+CG81+CL81+CM81+CN81+CO81+CQ81+CR81+CT81+CU81+CV81+CW81+CX81+CY81+CZ81+DA81+DB81+DC81+DD81+DE81+DF81+DG81+DH81+DI81+DJ81+DK81+DL81+DO81+DP81+DQ81+DR81+DS81+DT81+DY81+EB81+EC81+ED81+EH81+EI81+EJ81+EK81+EL81+EM81+EN81+EO81+EP81+ER81+ES81+ET81+EU81+EV81+EW81+EY81+EZ81+FA81+FB81+FC81+FD81+FE81+FF81+FG81+FH81+FI81+FK81+FL81+FM81+FN81+FP81+FQ81+FR81+FU81+FV81+FW81+FX81+FY81+FZ81+GA81+GB81+GC81+GD81+GE81+GF81+GG81+GH81+GI81+GJ81+GK81+GL81+GM81=0,"",BM81+BS81+BT81+BY81+BZ81+CA81+CB81+CC81+CD81+CE81+CF81+CG81+CL81+CM81+CN81+CO81+CQ81+CR81+CT81+CU81+CV81+CW81+CX81+CY81+CZ81+DA81+DB81+DC81+DD81+DE81+DF81+DG81+DH81+DI81+DJ81+DK81+DL81+DO81+DP81+DQ81+DR81+DS81+DT81+DY81+EB81+EC81+ED81+EH81+EI81+EJ81+EK81+EL81+EM81+EN81+EO81+EP81+ER81+ES81+ET81+EU81+EV81+EW81+EY81+EZ81+FA81+FB81+FC81+FD81+FE81+FF81+FG81+FH81+FI81+FK81+FL81+FM81+FN81+FP81+FQ81+FR81+FU81+FV81+FW81+FX81+FY81+FZ81+GA81+GB81+GC81+GD81+GE81+GF81+GG81+GH81+GI81+GJ81+GK81+GL81+GM81) -> 36.46 | K81: =DX81+CS81 -> 0 | L81: =BN81-C81 -> 0 | M81: F2606017122 | N81: 46203 | O81: 9505289-C01 | P81: EXP20260609-2788712 | Q81: 2026 | R81: 26-06-0390357 | S81: EXP20260609-2788712 | T81: 26A060390357 | U81: DAP | V81: DOMESTIC | W81: DOMESTIC | X81: 78600 | Y81: MESS | Z81: EDI | AA81: 467 | AC81: 46183 | AD81: 21 | AE81: LA RUCHE LOGISTIQUE | AF81: EXP20260609-2788712 | AG81: FR | AH81: 21 | AI81: CREANCEY | AJ81: 46185 | AK81: EI CHOTARD SEBASTIEN CHOTARD Sebast (ENTREPRISE) | AL81: EXP20260609-2788712 | AM81: FR | AN81: 78 | AO81: MAISONS LAFFITTE | AR81: 1 | AS81: 1 | AT81: 33 | AU81: 33 | AV81: 0 | AW81: KG | AX81: 33 | AY81: 0 | BE81: PORTPAYE | BF81: STANDARD | BG81: EUR | BM81: 34.31 | BN81: 36.46 | BQ81: LSTANDARD | DK81: 2 | GM81: 0.15
B82: =IF(S82<>"",S82,T82) -> EXP20260609-2788763 | C82: =SUM(E82:K82) -> 52.42 | D82: =SUM(E82:L82) -> 52.42 | E82: =IF(BU82+BV82+BW82+CH82+CI82+CJ82+CK82+FO82+FS82+FT82=0,"",BU82+BV82+BW82+CH82+CI82+CJ82+CK82+FO82+FS82+FT82) | F82: =IF(FJ82=0,"",FJ82) | G82: =IF(CP82+DM82+DN82+EE82+EX82+EF82=0,"",CP82+DM82+DN82+EE82+EX82+EF82) | H82: =IF(DW82=0,"",DW82) | I82: =IF(DZ82+EA82+EG82=0,"",DZ82+EA82+EG82) | J82: =IF(BM82+BS82+BT82+BY82+BZ82+CA82+CB82+CC82+CD82+CE82+CF82+CG82+CL82+CM82+CN82+CO82+CQ82+CR82+CT82+CU82+CV82+CW82+CX82+CY82+CZ82+DA82+DB82+DC82+DD82+DE82+DF82+DG82+DH82+DI82+DJ82+DK82+DL82+DO82+DP82+DQ82+DR82+DS82+DT82+DY82+EB82+EC82+ED82+EH82+EI82+EJ82+EK82+EL82+EM82+EN82+EO82+EP82+ER82+ES82+ET82+EU82+EV82+EW82+EY82+EZ82+FA82+FB82+FC82+FD82+FE82+FF82+FG82+FH82+FI82+FK82+FL82+FM82+FN82+FP82+FQ82+FR82+FU82+FV82+FW82+FX82+FY82+FZ82+GA82+GB82+GC82+GD82+GE82+GF82+GG82+GH82+GI82+GJ82+GK82+GL82+GM82=0,"",BM82+BS82+BT82+BY82+BZ82+CA82+CB82+CC82+CD82+CE82+CF82+CG82+CL82+CM82+CN82+CO82+CQ82+CR82+CT82+CU82+CV82+CW82+CX82+CY82+CZ82+DA82+DB82+DC82+DD82+DE82+DF82+DG82+DH82+DI82+DJ82+DK82+DL82+DO82+DP82+DQ82+DR82+DS82+DT82+DY82+EB82+EC82+ED82+EH82+EI82+EJ82+EK82+EL82+EM82+EN82+EO82+EP82+ER82+ES82+ET82+EU82+EV82+EW82+EY82+EZ82+FA82+FB82+FC82+FD82+FE82+FF82+FG82+FH82+FI82+FK82+FL82+FM82+FN82+FP82+FQ82+FR82+FU82+FV82+FW82+FX82+FY82+FZ82+GA82+GB82+GC82+GD82+GE82+GF82+GG82+GH82+GI82+GJ82+GK82+GL82+GM82) -> 52.42 | K82: =DX82+CS82 -> 0 | L82: =BN82-C82 -> 0 | M82: F2606017122 | N82: 46203 | O82: 9505289-C01 | P82: EXP20260609-2788763 | Q82: 2026 | R82: 26-06-0390358 | S82: EXP20260609-2788763 | T82: 26A060390358 | U82: DAP | V82: DOMESTIC | W82: DOMESTIC | X82: 26150 | Y82: MESS | Z82: EDI | AA82: 348 | AC82: 46183 | AD82: 21 | AE82: LA RUCHE LOGISTIQUE | AF82: EXP20260609-2788763 | AG82: FR | AH82: 21 | AI82: CREANCEY | AJ82: 46189 | AK82: Domaine Les Genets Marcel Thierry (ENTREPRISE) | AL82: EXP20260609-2788763 | AM82: FR | AN82: 26 | AO82: PONET ET ST AUBAN | AR82: 1 | AS82: 1 | AT82: 143 | AU82: 143 | AV82: 0 | AW82: KG | AX82: 143 | AY82: 0 | BE82: PORTPAYE | BF82: STANDARD | BG82: EUR | BM82: 50.27 | BN82: 52.42 | BQ82: LSTANDARD | DK82: 2 | GM82: 0.15
B83: =IF(S83<>"",S83,T83) -> EXP20260609-2789083 | C83: =SUM(E83:K83) -> 134.85 | D83: =SUM(E83:L83) -> 134.85 | E83: =IF(BU83+BV83+BW83+CH83+CI83+CJ83+CK83+FO83+FS83+FT83=0,"",BU83+BV83+BW83+CH83+CI83+CJ83+CK83+FO83+FS83+FT83) | F83: =IF(FJ83=0,"",FJ83) | G83: =IF(CP83+DM83+DN83+EE83+EX83+EF83=0,"",CP83+DM83+DN83+EE83+EX83+EF83) | H83: =IF(DW83=0,"",DW83) | I83: =IF(DZ83+EA83+EG83=0,"",DZ83+EA83+EG83) | J83: =IF(BM83+BS83+BT83+BY83+BZ83+CA83+CB83+CC83+CD83+CE83+CF83+CG83+CL83+CM83+CN83+CO83+CQ83+CR83+CT83+CU83+CV83+CW83+CX83+CY83+CZ83+DA83+DB83+DC83+DD83+DE83+DF83+DG83+DH83+DI83+DJ83+DK83+DL83+DO83+DP83+DQ83+DR83+DS83+DT83+DY83+EB83+EC83+ED83+EH83+EI83+EJ83+EK83+EL83+EM83+EN83+EO83+EP83+ER83+ES83+ET83+EU83+EV83+EW83+EY83+EZ83+FA83+FB83+FC83+FD83+FE83+FF83+FG83+FH83+FI83+FK83+FL83+FM83+FN83+FP83+FQ83+FR83+FU83+FV83+FW83+FX83+FY83+FZ83+GA83+GB83+GC83+GD83+GE83+GF83+GG83+GH83+GI83+GJ83+GK83+GL83+GM83=0,"",BM83+BS83+BT83+BY83+BZ83+CA83+CB83+CC83+CD83+CE83+CF83+CG83+CL83+CM83+CN83+CO83+CQ83+CR83+CT83+CU83+CV83+CW83+CX83+CY83+CZ83+DA83+DB83+DC83+DD83+DE83+DF83+DG83+DH83+DI83+DJ83+DK83+DL83+DO83+DP83+DQ83+DR83+DS83+DT83+DY83+EB83+EC83+ED83+EH83+EI83+EJ83+EK83+EL83+EM83+EN83+EO83+EP83+ER83+ES83+ET83+EU83+EV83+EW83+EY83+EZ83+FA83+FB83+FC83+FD83+FE83+FF83+FG83+FH83+FI83+FK83+FL83+FM83+FN83+FP83+FQ83+FR83+FU83+FV83+FW83+FX83+FY83+FZ83+GA83+GB83+GC83+GD83+GE83+GF83+GG83+GH83+GI83+GJ83+GK83+GL83+GM83) -> 134.85 | K83: =DX83+CS83 -> 0 | L83: =BN83-C83 -> 0 | M83: F2606017122 | N83: 46203 | O83: 9505289-C01 | P83: EXP20260609-2789083 | Q83: 2026 | R83: 26-06-0390360 | S83: EXP20260609-2789083 | T83: 26A060390360 | U83: DAP | V83: DOMESTIC | W83: DOMESTIC | X83: 84230 | Y83: MESS | Z83: EDI | AA83: 468 | AC83: 46183 | AD83: 21 | AE83: LA RUCHE LOGISTIQUE | AF83: EXP20260609-2789083 | AG83: FR | AH83: 21 | AI83: CREANCEY | AJ83: 46188 | AK83: S.C.A.S Maison des Vignerons BOUTIN (ENTREPRISE) | AL83: EXP20260609-2789083 | AM83: FR | AN83: 84 | AO83: CHATEAUNEUF DU PAPE | AR83: 2 | AS83: 2 | AT83: 316 | AU83: 316 | AV83: 0 | AW83: Pal | AX83: 2 | AY83: 0 | BE83: PORTPAYE | BF83: STANDARD | BG83: EUR | BM83: 106.16 | BN83: 134.85 | BQ83: LSTANDARD | DI83: 26.54 | DK83: 2 | GM83: 0.15
B84: =IF(S84<>"",S84,T84) -> EXP20260609-2789365 | C84: =SUM(E84:K84) -> 43.19 | D84: =SUM(E84:L84) -> 43.19 | E84: =IF(BU84+BV84+BW84+CH84+CI84+CJ84+CK84+FO84+FS84+FT84=0,"",BU84+BV84+BW84+CH84+CI84+CJ84+CK84+FO84+FS84+FT84) | F84: =IF(FJ84=0,"",FJ84) | G84: =IF(CP84+DM84+DN84+EE84+EX84+EF84=0,"",CP84+DM84+DN84+EE84+EX84+EF84) | H84: =IF(DW84=0,"",DW84) | I84: =IF(DZ84+EA84+EG84=0,"",DZ84+EA84+EG84) | J84: =IF(BM84+BS84+BT84+BY84+BZ84+CA84+CB84+CC84+CD84+CE84+CF84+CG84+CL84+CM84+CN84+CO84+CQ84+CR84+CT84+CU84+CV84+CW84+CX84+CY84+CZ84+DA84+DB84+DC84+DD84+DE84+DF84+DG84+DH84+DI84+DJ84+DK84+DL84+DO84+DP84+DQ84+DR84+DS84+DT84+DY84+EB84+EC84+ED84+EH84+EI84+EJ84+EK84+EL84+EM84+EN84+EO84+EP84+ER84+ES84+ET84+EU84+EV84+EW84+EY84+EZ84+FA84+FB84+FC84+FD84+FE84+FF84+FG84+FH84+FI84+FK84+FL84+FM84+FN84+FP84+FQ84+FR84+FU84+FV84+FW84+FX84+FY84+FZ84+GA84+GB84+GC84+GD84+GE84+GF84+GG84+GH84+GI84+GJ84+GK84+GL84+GM84=0,"",BM84+BS84+BT84+BY84+BZ84+CA84+CB84+CC84+CD84+CE84+CF84+CG84+CL84+CM84+CN84+CO84+CQ84+CR84+CT84+CU84+CV84+CW84+CX84+CY84+CZ84+DA84+DB84+DC84+DD84+DE84+DF84+DG84+DH84+DI84+DJ84+DK84+DL84+DO84+DP84+DQ84+DR84+DS84+DT84+DY84+EB84+EC84+ED84+EH84+EI84+EJ84+EK84+EL84+EM84+EN84+EO84+EP84+ER84+ES84+ET84+EU84+EV84+EW84+EY84+EZ84+FA84+FB84+FC84+FD84+FE84+FF84+FG84+FH84+FI84+FK84+FL84+FM84+FN84+FP84+FQ84+FR84+FU84+FV84+FW84+FX84+FY84+FZ84+GA84+GB84+GC84+GD84+GE84+GF84+GG84+GH84+GI84+GJ84+GK84+GL84+GM84) -> 43.19 | K84: =DX84+CS84 -> 0 | L84: =BN84-C84 -> 0 | M84: F2606017122 | N84: 46203 | O84: 9505289-C01 | P84: EXP20260609-2789365 | Q84: 2026 | R84: 26-06-0390362 | S84: EXP20260609-2789365 | T84: 26A060390362 | U84: DAP | V84: DOMESTIC | W84: DOMESTIC | X84: 84410 | Y84: MESS | Z84: EDI | AA84: 468 | AC84: 46183 | AD84: 21 | AE84: LA RUCHE LOGISTIQUE | AF84: EXP20260609-2789365 | AG84: FR | AH84: 21 | AI84: CREANCEY | AJ84: 46188 | AK84: CAVE LA PETITE REINE Pierre BOUCHE (ENTREPRISE) | AL84: EXP20260609-2789365 | AM84: FR | AN84: 84 | AO84: BEDOIN | AR84: 1 | AS84: 1 | AT84: 58 | AU84: 58 | AV84: 0 | AW84: KG | AX84: 58 | AY84: 0 | BE84: PORTPAYE | BF84: STANDARD | BG84: EUR | BM84: 32.83 | BN84: 43.19 | BQ84: LSTANDARD | DI84: 8.21 | DK84: 2 | GM84: 0.15
B85: =IF(S85<>"",S85,T85) -> EXP20260608-2787173 | C85: =SUM(E85:K85) -> 29.9 | D85: =SUM(E85:L85) -> 29.9 | E85: =IF(BU85+BV85+BW85+CH85+CI85+CJ85+CK85+FO85+FS85+FT85=0,"",BU85+BV85+BW85+CH85+CI85+CJ85+CK85+FO85+FS85+FT85) | F85: =IF(FJ85=0,"",FJ85) | G85: =IF(CP85+DM85+DN85+EE85+EX85+EF85=0,"",CP85+DM85+DN85+EE85+EX85+EF85) | H85: =IF(DW85=0,"",DW85) | I85: =IF(DZ85+EA85+EG85=0,"",DZ85+EA85+EG85) | J85: =IF(BM85+BS85+BT85+BY85+BZ85+CA85+CB85+CC85+CD85+CE85+CF85+CG85+CL85+CM85+CN85+CO85+CQ85+CR85+CT85+CU85+CV85+CW85+CX85+CY85+CZ85+DA85+DB85+DC85+DD85+DE85+DF85+DG85+DH85+DI85+DJ85+DK85+DL85+DO85+DP85+DQ85+DR85+DS85+DT85+DY85+EB85+EC85+ED85+EH85+EI85+EJ85+EK85+EL85+EM85+EN85+EO85+EP85+ER85+ES85+ET85+EU85+EV85+EW85+EY85+EZ85+FA85+FB85+FC85+FD85+FE85+FF85+FG85+FH85+FI85+FK85+FL85+FM85+FN85+FP85+FQ85+FR85+FU85+FV85+FW85+FX85+FY85+FZ85+GA85+GB85+GC85+GD85+GE85+GF85+GG85+GH85+GI85+GJ85+GK85+GL85+GM85=0,"",BM85+BS85+BT85+BY85+BZ85+CA85+CB85+CC85+CD85+CE85+CF85+CG85+CL85+CM85+CN85+CO85+CQ85+CR85+CT85+CU85+CV85+CW85+CX85+CY85+CZ85+DA85+DB85+DC85+DD85+DE85+DF85+DG85+DH85+DI85+DJ85+DK85+DL85+DO85+DP85+DQ85+DR85+DS85+DT85+DY85+EB85+EC85+ED85+EH85+EI85+EJ85+EK85+EL85+EM85+EN85+EO85+EP85+ER85+ES85+ET85+EU85+EV85+EW85+EY85+EZ85+FA85+FB85+FC85+FD85+FE85+FF85+FG85+FH85+FI85+FK85+FL85+FM85+FN85+FP85+FQ85+FR85+FU85+FV85+FW85+FX85+FY85+FZ85+GA85+GB85+GC85+GD85+GE85+GF85+GG85+GH85+GI85+GJ85+GK85+GL85+GM85) -> 29.9 | K85: =DX85+CS85 -> 0 | L85: =BN85-C85 -> 0 | M85: F2606017122 | N85: 46203 | O85: 9505289-C01 | P85: EXP20260608-2787173 | Q85: 2026 | R85: 26-06-0390364 | S85: EXP20260608-2787173 | T85: 26A060390364 | U85: DAP | V85: DOMESTIC | W85: DOMESTIC | X85: 69420 | Y85: MESS | Z85: EDI | AA85: 230 | AC85: 46183 | AD85: 21 | AE85: LA RUCHE LOGISTIQUE | AF85: EXP20260608-2787173 | AG85: FR | AH85: 21 | AI85: CREANCEY | AJ85: 46191 | AK85: SARL GUILLER MONTABONNET GUILLER IS (ENTREPRISE) | AL85: EXP20260608-2787173 | AM85: FR | AN85: 69 | AO85: CONDRIEU | AR85: 1 | AS85: 1 | AT85: 66 | AU85: 66 | AV85: 0 | AW85: KG | AX85: 66 | AY85: 0 | BE85: PORTPAYE | BF85: STANDARD | BG85: EUR | BM85: 27.75 | BN85: 29.9 | BQ85: LSTANDARD | DK85: 2 | GM85: 0.15
B86: =IF(S86<>"",S86,T86) -> EXP20260609-2788711 | C86: =SUM(E86:K86) -> 81.95 | D86: =SUM(E86:L86) -> 81.95 | E86: =IF(BU86+BV86+BW86+CH86+CI86+CJ86+CK86+FO86+FS86+FT86=0,"",BU86+BV86+BW86+CH86+CI86+CJ86+CK86+FO86+FS86+FT86) | F86: =IF(FJ86=0,"",FJ86) | G86: =IF(CP86+DM86+DN86+EE86+EX86+EF86=0,"",CP86+DM86+DN86+EE86+EX86+EF86) | H86: =IF(DW86=0,"",DW86) | I86: =IF(DZ86+EA86+EG86=0,"",DZ86+EA86+EG86) | J86: =IF(BM86+BS86+BT86+BY86+BZ86+CA86+CB86+CC86+CD86+CE86+CF86+CG86+CL86+CM86+CN86+CO86+CQ86+CR86+CT86+CU86+CV86+CW86+CX86+CY86+CZ86+DA86+DB86+DC86+DD86+DE86+DF86+DG86+DH86+DI86+DJ86+DK86+DL86+DO86+DP86+DQ86+DR86+DS86+DT86+DY86+EB86+EC86+ED86+EH86+EI86+EJ86+EK86+EL86+EM86+EN86+EO86+EP86+ER86+ES86+ET86+EU86+EV86+EW86+EY86+EZ86+FA86+FB86+FC86+FD86+FE86+FF86+FG86+FH86+FI86+FK86+FL86+FM86+FN86+FP86+FQ86+FR86+FU86+FV86+FW86+FX86+FY86+FZ86+GA86+GB86+GC86+GD86+GE86+GF86+GG86+GH86+GI86+GJ86+GK86+GL86+GM86=0,"",BM86+BS86+BT86+BY86+BZ86+CA86+CB86+CC86+CD86+CE86+CF86+CG86+CL86+CM86+CN86+CO86+CQ86+CR86+CT86+CU86+CV86+CW86+CX86+CY86+CZ86+DA86+DB86+DC86+DD86+DE86+DF86+DG86+DH86+DI86+DJ86+DK86+DL86+DO86+DP86+DQ86+DR86+DS86+DT86+DY86+EB86+EC86+ED86+EH86+EI86+EJ86+EK86+EL86+EM86+EN86+EO86+EP86+ER86+ES86+ET86+EU86+EV86+EW86+EY86+EZ86+FA86+FB86+FC86+FD86+FE86+FF86+FG86+FH86+FI86+FK86+FL86+FM86+FN86+FP86+FQ86+FR86+FU86+FV86+FW86+FX86+FY86+FZ86+GA86+GB86+GC86+GD86+GE86+GF86+GG86+GH86+GI86+GJ86+GK86+GL86+GM86) -> 81.95 | K86: =DX86+CS86 -> 0 | L86: =BN86-C86 -> 0 | M86: F2606017122 | N86: 46203 | O86: 9505289-C01 | P86: EXP20260609-2788711 | Q86: 2026 | R86: 26-06-0390366 | S86: EXP20260609-2788711 | T86: 26A060390366 | U86: DAP | V86: DOMESTIC | W86: DOMESTIC | X86: 33350 | Y86: MESS | Z86: EDI | AA86: 713 | AC86: 46183 | AD86: 21 | AE86: LA RUCHE LOGISTIQUE | AF86: EXP20260609-2788711 | AG86: FR | AH86: 21 | AI86: CREANCEY | AJ86: 46189 | AK86: CHATEAU INTERNET Guillaume DU FOUSS (ENTREPRISE) | AL86: EXP20260609-2788711 | AM86: FR | AN86: 33 | AO86: RUCH | AR86: 1 | AS86: 1 | AT86: 154 | AU86: 154 | AV86: 0 | AW86: Pal | AX86: 1 | AY86: 0 | BE86: PORTPAYE | BF86: STANDARD | BG86: EUR | BM86: 63.84 | BN86: 81.95 | BQ86: LSTANDARD | DI86: 15.96 | DK86: 2 | GM86: 0.15
B87: =IF(S87<>"",S87,T87) -> 26A060428796 | C87: =SUM(E87:K87) -> 250 | D87: =SUM(E87:L87) -> 250 | E87: =IF(BU87+BV87+BW87+CH87+CI87+CJ87+CK87+FO87+FS87+FT87=0,"",BU87+BV87+BW87+CH87+CI87+CJ87+CK87+FO87+FS87+FT87) | F87: =IF(FJ87=0,"",FJ87) | G87: =IF(CP87+DM87+DN87+EE87+EX87+EF87=0,"",CP87+DM87+DN87+EE87+EX87+EF87) | H87: =IF(DW87=0,"",DW87) | I87: =IF(DZ87+EA87+EG87=0,"",DZ87+EA87+EG87) | J87: =IF(BM87+BS87+BT87+BY87+BZ87+CA87+CB87+CC87+CD87+CE87+CF87+CG87+CL87+CM87+CN87+CO87+CQ87+CR87+CT87+CU87+CV87+CW87+CX87+CY87+CZ87+DA87+DB87+DC87+DD87+DE87+DF87+DG87+DH87+DI87+DJ87+DK87+DL87+DO87+DP87+DQ87+DR87+DS87+DT87+DY87+EB87+EC87+ED87+EH87+EI87+EJ87+EK87+EL87+EM87+EN87+EO87+EP87+ER87+ES87+ET87+EU87+EV87+EW87+EY87+EZ87+FA87+FB87+FC87+FD87+FE87+FF87+FG87+FH87+FI87+FK87+FL87+FM87+FN87+FP87+FQ87+FR87+FU87+FV87+FW87+FX87+FY87+FZ87+GA87+GB87+GC87+GD87+GE87+GF87+GG87+GH87+GI87+GJ87+GK87+GL87+GM87=0,"",BM87+BS87+BT87+BY87+BZ87+CA87+CB87+CC87+CD87+CE87+CF87+CG87+CL87+CM87+CN87+CO87+CQ87+CR87+CT87+CU87+CV87+CW87+CX87+CY87+CZ87+DA87+DB87+DC87+DD87+DE87+DF87+DG87+DH87+DI87+DJ87+DK87+DL87+DO87+DP87+DQ87+DR87+DS87+DT87+DY87+EB87+EC87+ED87+EH87+EI87+EJ87+EK87+EL87+EM87+EN87+EO87+EP87+ER87+ES87+ET87+EU87+EV87+EW87+EY87+EZ87+FA87+FB87+FC87+FD87+FE87+FF87+FG87+FH87+FI87+FK87+FL87+FM87+FN87+FP87+FQ87+FR87+FU87+FV87+FW87+FX87+FY87+FZ87+GA87+GB87+GC87+GD87+GE87+GF87+GG87+GH87+GI87+GJ87+GK87+GL87+GM87) -> 250 | K87: =DX87+CS87 -> 0 | L87: =BN87-C87 -> 0 | M87: F2606017122 | N87: 46203 | O87: 9505289-C01 | Q87: 2026 | R87: 26-06-0428796 | T87: 26A060428796 | U87: EXW | V87: DOMESTIC | W87: DOMESTIC | X87: 21320 | Y87: AFFR | AA87: 59 | AC87: 46185 | AD87: 21 | AE87: MAJ | AG87: FR | AH87: 21 | AI87: LONGVIC | AK87: LA RUCHE LOGISTIQUE | AM87: FR | AN87: 21 | AO87: CREANCEY | AR87: 13 | AS87: 13 | AT87: 10000 | AU87: 0 | AV87: 0 | AW87: Pal | AX87: 13 | AY87: 5.2 | BE87: APPRO | BF87: AFFRET | BG87: EUR | BM87: 250 | BN87: 250
B88: =IF(S88<>"",S88,T88) -> EXP20260610-2790712 | C88: =SUM(E88:K88) -> 72.54 | D88: =SUM(E88:L88) -> 72.54 | E88: =IF(BU88+BV88+BW88+CH88+CI88+CJ88+CK88+FO88+FS88+FT88=0,"",BU88+BV88+BW88+CH88+CI88+CJ88+CK88+FO88+FS88+FT88) | F88: =IF(FJ88=0,"",FJ88) | G88: =IF(CP88+DM88+DN88+EE88+EX88+EF88=0,"",CP88+DM88+DN88+EE88+EX88+EF88) | H88: =IF(DW88=0,"",DW88) | I88: =IF(DZ88+EA88+EG88=0,"",DZ88+EA88+EG88) | J88: =IF(BM88+BS88+BT88+BY88+BZ88+CA88+CB88+CC88+CD88+CE88+CF88+CG88+CL88+CM88+CN88+CO88+CQ88+CR88+CT88+CU88+CV88+CW88+CX88+CY88+CZ88+DA88+DB88+DC88+DD88+DE88+DF88+DG88+DH88+DI88+DJ88+DK88+DL88+DO88+DP88+DQ88+DR88+DS88+DT88+DY88+EB88+EC88+ED88+EH88+EI88+EJ88+EK88+EL88+EM88+EN88+EO88+EP88+ER88+ES88+ET88+EU88+EV88+EW88+EY88+EZ88+FA88+FB88+FC88+FD88+FE88+FF88+FG88+FH88+FI88+FK88+FL88+FM88+FN88+FP88+FQ88+FR88+FU88+FV88+FW88+FX88+FY88+FZ88+GA88+GB88+GC88+GD88+GE88+GF88+GG88+GH88+GI88+GJ88+GK88+GL88+GM88=0,"",BM88+BS88+BT88+BY88+BZ88+CA88+CB88+CC88+CD88+CE88+CF88+CG88+CL88+CM88+CN88+CO88+CQ88+CR88+CT88+CU88+CV88+CW88+CX88+CY88+CZ88+DA88+DB88+DC88+DD88+DE88+DF88+DG88+DH88+DI88+DJ88+DK88+DL88+DO88+DP88+DQ88+DR88+DS88+DT88+DY88+EB88+EC88+ED88+EH88+EI88+EJ88+EK88+EL88+EM88+EN88+EO88+EP88+ER88+ES88+ET88+EU88+EV88+EW88+EY88+EZ88+FA88+FB88+FC88+FD88+FE88+FF88+FG88+FH88+FI88+FK88+FL88+FM88+FN88+FP88+FQ88+FR88+FU88+FV88+FW88+FX88+FY88+FZ88+GA88+GB88+GC88+GD88+GE88+GF88+GG88+GH88+GI88+GJ88+GK88+GL88+GM88) -> 72.54 | K88: =DX88+CS88 -> 0 | L88: =BN88-C88 -> 0 | M88: F2606017122 | N88: 46203 | O88: 9505289-C01 | P88: EXP20260610-2790712 | Q88: 2026 | R88: 26-06-0429852 | S88: EXP20260610-2790712 | T88: 26A060429852 | U88: DAP | V88: DOMESTIC | W88: DOMESTIC | X88: 34310 | Y88: MESS | Z88: EDI | AA88: 695 | AC88: 46184 | AD88: 21 | AE88: LA RUCHE LOGISTIQUE | AF88: EXP20260610-2790712 | AG88: FR | AH88: 21 | AI88: CREANCEY | AJ88: 46189 | AK88: DOMAINE DE LA PROVENQUIERE | AL88: EXP20260610-2790712 | AM88: FR | AN88: 34 | AO88: CAPESTANG | AP88: Particulier | AQ88: O | AR88: 1 | AS88: 1 | AT88: 134 | AU88: 134 | AV88: 0 | AW88: KG | AX88: 134 | AY88: 0 | BE88: PORTPAYE | BF88: STANDARD | BG88: EUR | BM88: 56.31 | BN88: 72.54 | BQ88: LSTANDARD | DI88: 14.08 | DK88: 2 | GM88: 0.15
B89: =IF(S89<>"",S89,T89) -> EXP20260610-2790967 | C89: =SUM(E89:K89) -> 35.95 | D89: =SUM(E89:L89) -> 35.95 | E89: =IF(BU89+BV89+BW89+CH89+CI89+CJ89+CK89+FO89+FS89+FT89=0,"",BU89+BV89+BW89+CH89+CI89+CJ89+CK89+FO89+FS89+FT89) | F89: =IF(FJ89=0,"",FJ89) | G89: =IF(CP89+DM89+DN89+EE89+EX89+EF89=0,"",CP89+DM89+DN89+EE89+EX89+EF89) | H89: =IF(DW89=0,"",DW89) | I89: =IF(DZ89+EA89+EG89=0,"",DZ89+EA89+EG89) | J89: =IF(BM89+BS89+BT89+BY89+BZ89+CA89+CB89+CC89+CD89+CE89+CF89+CG89+CL89+CM89+CN89+CO89+CQ89+CR89+CT89+CU89+CV89+CW89+CX89+CY89+CZ89+DA89+DB89+DC89+DD89+DE89+DF89+DG89+DH89+DI89+DJ89+DK89+DL89+DO89+DP89+DQ89+DR89+DS89+DT89+DY89+EB89+EC89+ED89+EH89+EI89+EJ89+EK89+EL89+EM89+EN89+EO89+EP89+ER89+ES89+ET89+EU89+EV89+EW89+EY89+EZ89+FA89+FB89+FC89+FD89+FE89+FF89+FG89+FH89+FI89+FK89+FL89+FM89+FN89+FP89+FQ89+FR89+FU89+FV89+FW89+FX89+FY89+FZ89+GA89+GB89+GC89+GD89+GE89+GF89+GG89+GH89+GI89+GJ89+GK89+GL89+GM89=0,"",BM89+BS89+BT89+BY89+BZ89+CA89+CB89+CC89+CD89+CE89+CF89+CG89+CL89+CM89+CN89+CO89+CQ89+CR89+CT89+CU89+CV89+CW89+CX89+CY89+CZ89+DA89+DB89+DC89+DD89+DE89+DF89+DG89+DH89+DI89+DJ89+DK89+DL89+DO89+DP89+DQ89+DR89+DS89+DT89+DY89+EB89+EC89+ED89+EH89+EI89+EJ89+EK89+EL89+EM89+EN89+EO89+EP89+ER89+ES89+ET89+EU89+EV89+EW89+EY89+EZ89+FA89+FB89+FC89+FD89+FE89+FF89+FG89+FH89+FI89+FK89+FL89+FM89+FN89+FP89+FQ89+FR89+FU89+FV89+FW89+FX89+FY89+FZ89+GA89+GB89+GC89+GD89+GE89+GF89+GG89+GH89+GI89+GJ89+GK89+GL89+GM89) -> 35.95 | K89: =DX89+CS89 -> 0 | L89: =BN89-C89 -> 0 | M89: F2606017122 | N89: 46203 | O89: 9505289-C01 | P89: EXP20260610-2790967 | Q89: 2026 | R89: 26-06-0429854 | S89: EXP20260610-2790967 | T89: 26A060429854 | U89: DAP | V89: DOMESTIC | W89: DOMESTIC | X89: 84230 | Y89: MESS | Z89: EDI | AA89: 468 | AC89: 46184 | AD89: 21 | AE89: LA RUCHE LOGISTIQUE | AF89: EXP20260610-2790967 | AG89: FR | AH89: 21 | AI89: CREANCEY | AJ89: 46188 | AK89: SAS LE VIEUX DONJON Claire FABRE (ENTREPRISE) | AL89: EXP20260610-2790967 | AM89: FR | AN89: 84 | AO89: CHATEAUNEUF DU PAPE | AR89: 1 | AS89: 1 | AT89: 24 | AU89: 24 | AV89: 0 | AW89: KG | AX89: 24 | AY89: 0 | BE89: PORTPAYE | BF89: STANDARD | BG89: EUR | BM89: 27.04 | BN89: 35.95 | BQ89: LSTANDARD | DI89: 6.76 | DK89: 2 | GM89: 0.15
B90: =IF(S90<>"",S90,T90) -> EXP20260610-2790865 | C90: =SUM(E90:K90) -> 144.78 | D90: =SUM(E90:L90) -> 144.78 | E90: =IF(BU90+BV90+BW90+CH90+CI90+CJ90+CK90+FO90+FS90+FT90=0,"",BU90+BV90+BW90+CH90+CI90+CJ90+CK90+FO90+FS90+FT90) | F90: =IF(FJ90=0,"",FJ90) | G90: =IF(CP90+DM90+DN90+EE90+EX90+EF90=0,"",CP90+DM90+DN90+EE90+EX90+EF90) | H90: =IF(DW90=0,"",DW90) | I90: =IF(DZ90+EA90+EG90=0,"",DZ90+EA90+EG90) | J90: =IF(BM90+BS90+BT90+BY90+BZ90+CA90+CB90+CC90+CD90+CE90+CF90+CG90+CL90+CM90+CN90+CO90+CQ90+CR90+CT90+CU90+CV90+CW90+CX90+CY90+CZ90+DA90+DB90+DC90+DD90+DE90+DF90+DG90+DH90+DI90+DJ90+DK90+DL90+DO90+DP90+DQ90+DR90+DS90+DT90+DY90+EB90+EC90+ED90+EH90+EI90+EJ90+EK90+EL90+EM90+EN90+EO90+EP90+ER90+ES90+ET90+EU90+EV90+EW90+EY90+EZ90+FA90+FB90+FC90+FD90+FE90+FF90+FG90+FH90+FI90+FK90+FL90+FM90+FN90+FP90+FQ90+FR90+FU90+FV90+FW90+FX90+FY90+FZ90+GA90+GB90+GC90+GD90+GE90+GF90+GG90+GH90+GI90+GJ90+GK90+GL90+GM90=0,"",BM90+BS90+BT90+BY90+BZ90+CA90+CB90+CC90+CD90+CE90+CF90+CG90+CL90+CM90+CN90+CO90+CQ90+CR90+CT90+CU90+CV90+CW90+CX90+CY90+CZ90+DA90+DB90+DC90+DD90+DE90+DF90+DG90+DH90+DI90+DJ90+DK90+DL90+DO90+DP90+DQ90+DR90+DS90+DT90+DY90+EB90+EC90+ED90+EH90+EI90+EJ90+EK90+EL90+EM90+EN90+EO90+EP90+ER90+ES90+ET90+EU90+EV90+EW90+EY90+EZ90+FA90+FB90+FC90+FD90+FE90+FF90+FG90+FH90+FI90+FK90+FL90+FM90+FN90+FP90+FQ90+FR90+FU90+FV90+FW90+FX90+FY90+FZ90+GA90+GB90+GC90+GD90+GE90+GF90+GG90+GH90+GI90+GJ90+GK90+GL90+GM90) -> 144.78 | K90: =DX90+CS90 -> 0 | L90: =BN90-C90 -> 0 | M90: F2606017122 | N90: 46203 | O90: 9505289-C01 | P90: EXP20260610-2790865 | Q90: 2026 | R90: 26-06-0429857 | S90: EXP20260610-2790865 | T90: 26A060429857 | U90: DAP | V90: DOMESTIC | W90: DOMESTIC | X90: 34150 | Y90: MESS | Z90: EDI | AA90: 560 | AC90: 46184 | AD90: 21 | AE90: LA RUCHE LOGISTIQUE | AF90: EXP20260610-2790865 | AG90: FR | AH90: 21 | AI90: CREANCEY | AJ90: 46190 | AK90: SARL SALENTE DUSSURGET France-Laure (ENTREPRISE) | AL90: EXP20260610-2790865 | AM90: FR | AN90: 34 | AO90: GIGNAC | AR90: 2 | AS90: 2 | AT90: 204 | AU90: 204 | AV90: 0 | AW90: Pal | AX90: 2 | AY90: 0 | BE90: PORTPAYE | BF90: STANDARD | BG90: EUR | BM90: 114.1 | BN90: 144.78 | BQ90: LSTANDARD | DI90: 28.53 | DK90: 2 | GM90: 0.15
B91: =IF(S91<>"",S91,T91) -> EXP20260610-2790864 | C91: =SUM(E91:K91) -> 41.98 | D91: =SUM(E91:L91) -> 41.98 | E91: =IF(BU91+BV91+BW91+CH91+CI91+CJ91+CK91+FO91+FS91+FT91=0,"",BU91+BV91+BW91+CH91+CI91+CJ91+CK91+FO91+FS91+FT91) | F91: =IF(FJ91=0,"",FJ91) | G91: =IF(CP91+DM91+DN91+EE91+EX91+EF91=0,"",CP91+DM91+DN91+EE91+EX91+EF91) | H91: =IF(DW91=0,"",DW91) | I91: =IF(DZ91+EA91+EG91=0,"",DZ91+EA91+EG91) | J91: =IF(BM91+BS91+BT91+BY91+BZ91+CA91+CB91+CC91+CD91+CE91+CF91+CG91+CL91+CM91+CN91+CO91+CQ91+CR91+CT91+CU91+CV91+CW91+CX91+CY91+CZ91+DA91+DB91+DC91+DD91+DE91+DF91+DG91+DH91+DI91+DJ91+DK91+DL91+DO91+DP91+DQ91+DR91+DS91+DT91+DY91+EB91+EC91+ED91+EH91+EI91+EJ91+EK91+EL91+EM91+EN91+EO91+EP91+ER91+ES91+ET91+EU91+EV91+EW91+EY91+EZ91+FA91+FB91+FC91+FD91+FE91+FF91+FG91+FH91+FI91+FK91+FL91+FM91+FN91+FP91+FQ91+FR91+FU91+FV91+FW91+FX91+FY91+FZ91+GA91+GB91+GC91+GD91+GE91+GF91+GG91+GH91+GI91+GJ91+GK91+GL91+GM91=0,"",BM91+BS91+BT91+BY91+BZ91+CA91+CB91+CC91+CD91+CE91+CF91+CG91+CL91+CM91+CN91+CO91+CQ91+CR91+CT91+CU91+CV91+CW91+CX91+CY91+CZ91+DA91+DB91+DC91+DD91+DE91+DF91+DG91+DH91+DI91+DJ91+DK91+DL91+DO91+DP91+DQ91+DR91+DS91+DT91+DY91+EB91+EC91+ED91+EH91+EI91+EJ91+EK91+EL91+EM91+EN91+EO91+EP91+ER91+ES91+ET91+EU91+EV91+EW91+EY91+EZ91+FA91+FB91+FC91+FD91+FE91+FF91+FG91+FH91+FI91+FK91+FL91+FM91+FN91+FP91+FQ91+FR91+FU91+FV91+FW91+FX91+FY91+FZ91+GA91+GB91+GC91+GD91+GE91+GF91+GG91+GH91+GI91+GJ91+GK91+GL91+GM91) -> 41.98 | K91: =DX91+CS91 -> 0 | L91: =BN91-C91 -> 0 | M91: F2606017122 | N91: 46203 | O91: 9505289-C01 | P91: EXP20260610-2790864 | Q91: 2026 | R91: 26-06-0429859 | S91: EXP20260610-2790864 | T91: 26A060429859 | U91: DAP | V91: DOMESTIC | W91: DOMESTIC | X91: 13220 | Y91: MESS | Z91: EDI | AA91: 540 | AC91: 46184 | AD91: 21 | AE91: LA RUCHE LOGISTIQUE | AF91: EXP20260610-2790864 | AG91: FR | AH91: 21 | AI91: CREANCEY | AJ91: 46185 | AK91: EARL Biobonum Stephan BUFFILLE (ENTREPRISE) | AL91: EXP20260610-2790864 | AM91: FR | AN91: 13 | AO91: CHATEAUNEUF LES MARTIGUES | AR91: 1 | AS91: 1 | AT91: 32 | AU91: 32 | AV91: 0 | AW91: KG | AX91: 32 | AY91: 0 | BE91: PORTPAYE | BF91: STANDARD | BG91: EUR | BM91: 31.86 | BN91: 41.98 | BQ91: LSTANDARD | DI91: 7.97 | DK91: 2 | GM91: 0.15
B92: =IF(S92<>"",S92,T92) -> EXP20260609-2789333 | C92: =SUM(E92:K92) -> 61.93 | D92: =SUM(E92:L92) -> 61.93 | E92: =IF(BU92+BV92+BW92+CH92+CI92+CJ92+CK92+FO92+FS92+FT92=0,"",BU92+BV92+BW92+CH92+CI92+CJ92+CK92+FO92+FS92+FT92) | F92: =IF(FJ92=0,"",FJ92) | G92: =IF(CP92+DM92+DN92+EE92+EX92+EF92=0,"",CP92+DM92+DN92+EE92+EX92+EF92) | H92: =IF(DW92=0,"",DW92) | I92: =IF(DZ92+EA92+EG92=0,"",DZ92+EA92+EG92) | J92: =IF(BM92+BS92+BT92+BY92+BZ92+CA92+CB92+CC92+CD92+CE92+CF92+CG92+CL92+CM92+CN92+CO92+CQ92+CR92+CT92+CU92+CV92+CW92+CX92+CY92+CZ92+DA92+DB92+DC92+DD92+DE92+DF92+DG92+DH92+DI92+DJ92+DK92+DL92+DO92+DP92+DQ92+DR92+DS92+DT92+DY92+EB92+EC92+ED92+EH92+EI92+EJ92+EK92+EL92+EM92+EN92+EO92+EP92+ER92+ES92+ET92+EU92+EV92+EW92+EY92+EZ92+FA92+FB92+FC92+FD92+FE92+FF92+FG92+FH92+FI92+FK92+FL92+FM92+FN92+FP92+FQ92+FR92+FU92+FV92+FW92+FX92+FY92+FZ92+GA92+GB92+GC92+GD92+GE92+GF92+GG92+GH92+GI92+GJ92+GK92+GL92+GM92=0,"",BM92+BS92+BT92+BY92+BZ92+CA92+CB92+CC92+CD92+CE92+CF92+CG92+CL92+CM92+CN92+CO92+CQ92+CR92+CT92+CU92+CV92+CW92+CX92+CY92+CZ92+DA92+DB92+DC92+DD92+DE92+DF92+DG92+DH92+DI92+DJ92+DK92+DL92+DO92+DP92+DQ92+DR92+DS92+DT92+DY92+EB92+EC92+ED92+EH92+EI92+EJ92+EK92+EL92+EM92+EN92+EO92+EP92+ER92+ES92+ET92+EU92+EV92+EW92+EY92+EZ92+FA92+FB92+FC92+FD92+FE92+FF92+FG92+FH92+FI92+FK92+FL92+FM92+FN92+FP92+FQ92+FR92+FU92+FV92+FW92+FX92+FY92+FZ92+GA92+GB92+GC92+GD92+GE92+GF92+GG92+GH92+GI92+GJ92+GK92+GL92+GM92) -> 61.93 | K92: =DX92+CS92 -> 0 | L92: =BN92-C92 -> 0 | M92: F2606017122 | N92: 46203 | O92: 9505289-C01 | P92: EXP20260609-2789333 | Q92: 2026 | R92: 26-06-0429861 | S92: EXP20260609-2789333 | T92: 26A060429861 | U92: DAP | V92: DOMESTIC | W92: DOMESTIC | X92: 78000 | Y92: MESS | Z92: EDI | AA92: 467 | AC92: 46184 | AD92: 21 | AE92: LA RUCHE LOGISTIQUE | AF92: EXP20260609-2789333 | AG92: FR | AH92: 21 | AI92: CREANCEY | AJ92: 46190 | AK92: ISIPCA Zerbib Alain (ENTREPRISE) | AL92: EXP20260609-2789333 | AM92: FR | AN92: 78 | AO92: VERSAILLES | AR92: 1 | AS92: 1 | AT92: 152 | AU92: 152 | AV92: 0 | AW92: Pal | AX92: 1 | AY92: 0 | BE92: PORTPAYE | BF92: STANDARD | BG92: EUR | BM92: 59.78 | BN92: 61.93 | BQ92: LSTANDARD | DK92: 2 | GM92: 0.15
